{
"type": "FeatureCollection",
"name": "sg_chinese_schools_polylines",
"crs": { "type": "name", "properties": { "name": "urn:ogc:def:crs:OGC:1.3:CRS84" } },
"features": [
{ "type": "Feature", "properties": { "OID": 1, "Name": "Shut Yung School", "FolderPath": "SG Chinese Schools (cleaned)", "SymbolID": 0, "AltMode": -1, "Base": 0.0, "Clamped": 0, "Extruded": 0, "Snippet": "", "PopupInfo": "拼音: Shíyòng Xuéxiào<br>Address R3: 10 Shan Road<br>Country: Singapore<br>创办时间公元 Opened Date: 1929", "Shape_Length": 0.030619443999967189 }, "geometry": { "type": "MultiLineString", "coordinates": [ [ [ 103.841632194000056, 1.32223794500004, 0.0 ], [ 103.841632194000056, 1.328799255000035, 0.0 ], [ 103.850380606000044, 1.328799255000035, 0.0 ], [ 103.850380606000044, 1.32223794500004, 0.0 ], [ 103.841632194000056, 1.32223794500004, 0.0 ] ] ] } },
{ "type": "Feature", "properties": { "OID": 2, "Name": "San Shan School", "FolderPath": "SG Chinese Schools (cleaned)", "SymbolID": 0, "AltMode": -1, "Base": 0.0, "Clamped": 0, "Extruded": 0, "Snippet": "", "PopupInfo": "拼音: Sānshān Xuéxiào<br>Address R3: 107-A, Sophia Road<br>Country: Singapore<br>创办时间公元 Opened Date:", "Shape_Length": 0.030619747999935498 }, "geometry": { "type": "MultiLineString", "coordinates": [ [ [ 103.841366750000077, 1.298899213000027, 0.0 ], [ 103.841366750000077, 1.305460587000027, 0.0 ], [ 103.850115250000044, 1.305460587000027, 0.0 ], [ 103.850115250000044, 1.298899213000027, 0.0 ], [ 103.841366750000077, 1.298899213000027, 0.0 ] ] ] } },
{ "type": "Feature", "properties": { "OID": 3, "Name": "Mountbatten Govt. Ch. Pr. School", "FolderPath": "SG Chinese Schools (cleaned)", "SymbolID": 0, "AltMode": -1, "Base": 0.0, "Clamped": 0, "Extruded": 0, "Snippet": "", "PopupInfo": "拼音: Méng Bā Dēng Zhèngfǔ Huáwén Xiǎoxué<br>Address R3: 11 Jalan Enam, Kallang<br>Country: Singapore<br>创办时间公元 Opened Date:", "Shape_Length": 0.030619672000057108 }, "geometry": { "type": "MultiLineString", "coordinates": [ [ [ 103.881408761000046, 1.303674021000063, 0.0 ], [ 103.881408761000046, 1.310235379000062, 0.0 ], [ 103.890157239000075, 1.310235379000062, 0.0 ], [ 103.890157239000075, 1.303674021000063, 0.0 ], [ 103.881408761000046, 1.303674021000063, 0.0 ] ] ] } },
{ "type": "Feature", "properties": { "OID": 4, "Name": "River Vally Govt. Ch. Pr. School", "FolderPath": "SG Chinese Schools (cleaned)", "SymbolID": 0, "AltMode": -1, "Base": 0.0, "Clamped": 0, "Extruded": 0, "Snippet": "", "PopupInfo": "拼音: Chéng Bǎo Zhèngfǔ Huáwén Xiǎoxué<br>Address R3: 11, Jalan Kuala<br>Country: Singapore<br>创办时间公元 Opened Date:", "Shape_Length": 0.030619828000112648 }, "geometry": { "type": "MultiLineString", "coordinates": [ [ [ 103.831001939000032, 1.291916504000028, 0.0 ], [ 103.831001939000032, 1.298477896000065, 0.0 ], [ 103.839750461000051, 1.298477896000065, 0.0 ], [ 103.839750461000051, 1.291916504000028, 0.0 ], [ 103.831001939000032, 1.291916504000028, 0.0 ] ] ] } },
{ "type": "Feature", "properties": { "OID": 5, "Name": "River Vally Govt. Ch. Pr. School", "FolderPath": "SG Chinese Schools (cleaned)", "SymbolID": 0, "AltMode": -1, "Base": 0.0, "Clamped": 0, "Extruded": 0, "Snippet": "", "PopupInfo": "拼音: Chéng Bǎo Zhèngfǔ Huáwén Xiǎoxué<br>Address R3: 11, Jalan Kuala<br>Country: Singapore<br>创办时间公元 Opened Date:", "Shape_Length": 0.030619828000112648 }, "geometry": { "type": "MultiLineString", "coordinates": [ [ [ 103.831001939000032, 1.291916504000028, 0.0 ], [ 103.831001939000032, 1.298477896000065, 0.0 ], [ 103.839750461000051, 1.298477896000065, 0.0 ], [ 103.839750461000051, 1.291916504000028, 0.0 ], [ 103.831001939000032, 1.291916504000028, 0.0 ] ] ] } },
{ "type": "Feature", "properties": { "OID": 6, "Name": "Sin Sheng School", "FolderPath": "SG Chinese Schools (cleaned)", "SymbolID": 0, "AltMode": -1, "Base": 0.0, "Clamped": 0, "Extruded": 0, "Snippet": "", "PopupInfo": "拼音: Xīnshēng Xuéxiào<br>Address R3: 115 Jalan Eunos<br>Country: Singapore<br>创办时间公元 Opened Date: 1937", "Shape_Length": 0.030619444000080875 }, "geometry": { "type": "MultiLineString", "coordinates": [ [ [ 103.901078694000034, 1.320838345000027, 0.0 ], [ 103.901078694000034, 1.327399655000022, 0.0 ], [ 103.90982710600008, 1.327399655000022, 0.0 ], [ 103.90982710600008, 1.320838345000027, 0.0 ], [ 103.901078694000034, 1.320838345000027, 0.0 ] ] ] } },
{ "type": "Feature", "properties": { "OID": 7, "Name": "Seletar Chinese School", "FolderPath": "SG Chinese Schools (cleaned)", "SymbolID": 0, "AltMode": -1, "Base": 0.0, "Clamped": 0, "Extruded": 0, "Snippet": "", "PopupInfo": "拼音: <br>Address R3: 1151-A & B, Sembawang Road<br>Country: Singapore<br>创办时间公元 Opened Date:", "Shape_Length": 0.030618140000001404 }, "geometry": { "type": "MultiLineString", "coordinates": [ [ [ 103.822136980000039, 1.424992385000053, 0.0 ], [ 103.822136980000039, 1.431553415000053, 0.0 ], [ 103.830885020000039, 1.431553415000053, 0.0 ], [ 103.830885020000039, 1.424992385000053, 0.0 ], [ 103.822136980000039, 1.424992385000053, 0.0 ] ] ] } },
{ "type": "Feature", "properties": { "OID": 8, "Name": "Dji Chen School", "FolderPath": "SG Chinese Schools (cleaned)", "SymbolID": 0, "AltMode": -1, "Base": 0.0, "Clamped": 0, "Extruded": 0, "Snippet": "", "PopupInfo": "拼音: Zhì Chéng Xuéxiào<br>Address R3: 116 Potong Pasir<br>Country: Singapore<br>创办时间公元 Opened Date:", "Shape_Length": 0.030619288000025335 }, "geometry": { "type": "MultiLineString", "coordinates": [ [ [ 103.858231916000079, 1.33351366200003, 0.0 ], [ 103.858231916000079, 1.340074938000043, 0.0 ], [ 103.866980284000078, 1.340074938000043, 0.0 ], [ 103.866980284000078, 1.33351366200003, 0.0 ], [ 103.858231916000079, 1.33351366200003, 0.0 ] ] ] } },
{ "type": "Feature", "properties": { "OID": 9, "Name": "Pei Tong School", "FolderPath": "SG Chinese Schools (cleaned)", "SymbolID": 0, "AltMode": -1, "Base": 0.0, "Clamped": 0, "Extruded": 0, "Snippet": "", "PopupInfo": "拼音: Péi Tóng Xuéxiào <br>Address R3: 117-A Ulu Pandan, off Clementi Road<br>Country: Singapore<br>创办时间公元 Opened Date:", "Shape_Length": 0.030619519999959266 }, "geometry": { "type": "MultiLineString", "coordinates": [ [ [ 103.766658183000061, 1.315902037000058, 0.0 ], [ 103.766658183000061, 1.322463363000054, 0.0 ], [ 103.775406617000044, 1.322463363000054, 0.0 ], [ 103.775406617000044, 1.315902037000058, 0.0 ], [ 103.766658183000061, 1.315902037000058, 0.0 ] ] ] } },
{ "type": "Feature", "properties": { "OID": 10, "Name": "Beng Lun School", "FolderPath": "SG Chinese Schools (cleaned)", "SymbolID": 0, "AltMode": -1, "Base": 0.0, "Clamped": 0, "Extruded": 0, "Snippet": "", "PopupInfo": "拼音: Míng Lún Xuéxiào<br>Address R3: 118 Tampenis Road<br>Country: Singapore<br>创办时间公元 Opened Date: 1929", "Shape_Length": 0.030618980000099327 }, "geometry": { "type": "MultiLineString", "coordinates": [ [ [ 103.887925360000054, 1.358048395000026, 0.0 ], [ 103.887925360000054, 1.364609605000055, 0.0 ], [ 103.896673640000074, 1.364609605000055, 0.0 ], [ 103.896673640000074, 1.358048395000026, 0.0 ], [ 103.887925360000054, 1.358048395000026, 0.0 ] ] ] } },
{ "type": "Feature", "properties": { "OID": 11, "Name": "Hua Kong School", "FolderPath": "SG Chinese Schools (cleaned)", "SymbolID": 0, "AltMode": -1, "Base": 0.0, "Clamped": 0, "Extruded": 0, "Snippet": "", "PopupInfo": "拼音: Huá Guāng Xuéxiào<br>Address R3: 119-3 Alexandra Road<br>Country: Singapore<br>创办时间公元 Opened Date:", "Shape_Length": 0.030619904000104725 }, "geometry": { "type": "MultiLineString", "coordinates": [ [ [ 103.815464228000053, 1.287930896000034, 0.0 ], [ 103.815464228000053, 1.294492304000073, 0.0 ], [ 103.824212772000067, 1.294492304000073, 0.0 ], [ 103.824212772000067, 1.287930896000034, 0.0 ], [ 103.815464228000053, 1.287930896000034, 0.0 ] ] ] } },
{ "type": "Feature", "properties": { "OID": 12, "Name": "Keu Yui School", "FolderPath": "SG Chinese Schools (cleaned)", "SymbolID": 0, "AltMode": -1, "Base": 0.0, "Clamped": 0, "Extruded": 0, "Snippet": "", "PopupInfo": "拼音: Qiào Ruì Xuéxiào<br>Address R3: 12 Sam Leong Road<br>Country: Singapore<br>创办时间公元 Opened Date:", "Shape_Length": 0.030619672000057108 }, "geometry": { "type": "MultiLineString", "coordinates": [ [ [ 103.852797761000033, 1.305779221000023, 0.0 ], [ 103.852797761000033, 1.312340579000022, 0.0 ], [ 103.861546239000063, 1.312340579000022, 0.0 ], [ 103.861546239000063, 1.305779221000023, 0.0 ], [ 103.852797761000033, 1.305779221000023, 0.0 ] ] ] } },
{ "type": "Feature", "properties": { "OID": 13, "Name": "Nan Chong School", "FolderPath": "SG Chinese Schools (cleaned)", "SymbolID": 0, "AltMode": -1, "Base": 0.0, "Clamped": 0, "Extruded": 0, "Snippet": "", "PopupInfo": "拼音: Nán Zhōngxuéxiào<br>Address R3: 120-D Macpherson Road<br>Country: Singapore<br>创办时间公元 Opened Date: 1930", "Shape_Length": 0.030619364000017413 }, "geometry": { "type": "MultiLineString", "coordinates": [ [ [ 103.868065105000085, 1.325949754000021, 0.0 ], [ 103.868065105000085, 1.332511046000036, 0.0 ], [ 103.876813495000079, 1.332511046000036, 0.0 ], [ 103.876813495000079, 1.325949754000021, 0.0 ], [ 103.868065105000085, 1.325949754000021, 0.0 ] ] ] } },
{ "type": "Feature", "properties": { "OID": 14, "Name": "Chin Choon School", "FolderPath": "SG Chinese Schools (cleaned)", "SymbolID": 0, "AltMode": -1, "Base": 0.0, "Clamped": 0, "Extruded": 0, "Snippet": "", "PopupInfo": "拼音: Zhèn Qún Xuéxiào<br>Address R3: 12-18, Viking Road<br>Country: Singapore<br>创办时间公元 Opened Date: 1918", "Shape_Length": 0.030619903999991038 }, "geometry": { "type": "MultiLineString", "coordinates": [ [ [ 103.814570128000071, 1.287240496000038, 0.0 ], [ 103.814570128000071, 1.29380190400002, 0.0 ], [ 103.823318672000084, 1.29380190400002, 0.0 ], [ 103.823318672000084, 1.287240496000038, 0.0 ], [ 103.814570128000071, 1.287240496000038, 0.0 ] ] ] } },
{ "type": "Feature", "properties": { "OID": 15, "Name": "Kian Hua School", "FolderPath": "SG Chinese Schools (cleaned)", "SymbolID": 0, "AltMode": -1, "Base": 0.0, "Clamped": 0, "Extruded": 0, "Snippet": "", "PopupInfo": "拼音: Jiànhuá Xuéxiào<br>Address R3: 122-126 Prinsep Street<br>Country: Singapore<br>创办时间公元 Opened Date: 1923", "Shape_Length": 0.030619747999935498 }, "geometry": { "type": "MultiLineString", "coordinates": [ [ [ 103.847121450000088, 1.298671213000034, 0.0 ], [ 103.847121450000088, 1.305232587000035, 0.0 ], [ 103.855869950000056, 1.305232587000035, 0.0 ], [ 103.855869950000056, 1.298671213000034, 0.0 ], [ 103.847121450000088, 1.298671213000034, 0.0 ] ] ] } },
{ "type": "Feature", "properties": { "OID": 16, "Name": "Heng A School", "FolderPath": "SG Chinese Schools (cleaned)", "SymbolID": 0, "AltMode": -1, "Base": 0.0, "Clamped": 0, "Extruded": 0, "Snippet": "", "PopupInfo": "拼音: Xìng Yà Xuéxiào<br>Address R3: 127, Telok Ayer Street<br>Country: Singapore<br>创办时间公元 Opened Date: 1917", "Shape_Length": 0.030619979999983116 }, "geometry": { "type": "MultiLineString", "coordinates": [ [ [ 103.843559417000051, 1.27777708800005, 0.0 ], [ 103.843559417000051, 1.284338512000033, 0.0 ], [ 103.85230798300006, 1.284338512000033, 0.0 ], [ 103.85230798300006, 1.27777708800005, 0.0 ], [ 103.843559417000051, 1.27777708800005, 0.0 ] ] ] } },
{ "type": "Feature", "properties": { "OID": 17, "Name": "Joo Koon School", "FolderPath": "SG Chinese Schools (cleaned)", "SymbolID": 0, "AltMode": -1, "Base": 0.0, "Clamped": 0, "Extruded": 0, "Snippet": "", "PopupInfo": "拼音: Yù Qún Xuéxiào<br>Address R3: 12-B Jurong Road<br>Country: Singapore<br>创办时间公元 Opened Date: 1935", "Shape_Length": 0.030619136000041181 }, "geometry": { "type": "MultiLineString", "coordinates": [ [ [ 103.730472038000073, 1.346339678000049, 0.0 ], [ 103.730472038000073, 1.35290092200006, 0.0 ], [ 103.739220362000083, 1.35290092200006, 0.0 ], [ 103.739220362000083, 1.346339678000049, 0.0 ], [ 103.730472038000073, 1.346339678000049, 0.0 ] ] ] } },
{ "type": "Feature", "properties": { "OID": 18, "Name": "Hsin Min School", "FolderPath": "SG Chinese Schools (cleaned)", "SymbolID": 0, "AltMode": -1, "Base": 0.0, "Clamped": 0, "Extruded": 0, "Snippet": "", "PopupInfo": "拼音: Xīnmín Xuéxiào<br>Address R3: 130 Woodlands Road <br>Country: Singapore<br>创办时间公元 Opened Date:", "Shape_Length": 0.030618672000059632 }, "geometry": { "type": "MultiLineString", "coordinates": [ [ [ 103.752671004000035, 1.382385528000043, 0.0 ], [ 103.752671004000035, 1.388946672000031, 0.0 ], [ 103.761419196000077, 1.388946672000031, 0.0 ], [ 103.761419196000077, 1.382385528000043, 0.0 ], [ 103.752671004000035, 1.382385528000043, 0.0 ] ] ] } },
{ "type": "Feature", "properties": { "OID": 19, "Name": "S'pore Girls' Vocational High Sch.", "FolderPath": "SG Chinese Schools (cleaned)", "SymbolID": 0, "AltMode": -1, "Base": 0.0, "Clamped": 0, "Extruded": 0, "Snippet": "", "PopupInfo": "拼音: <br>Address R3: 13-15, Oxley Road<br>Country: Singapore<br>创办时间公元 Opened Date:", "Shape_Length": 0.030619747999935498 }, "geometry": { "type": "MultiLineString", "coordinates": [ [ [ 103.836870550000071, 1.295463113000039, 0.0 ], [ 103.836870550000071, 1.30202448700004, 0.0 ], [ 103.845619050000039, 1.30202448700004, 0.0 ], [ 103.845619050000039, 1.295463113000039, 0.0 ], [ 103.836870550000071, 1.295463113000039, 0.0 ] ] ] } },
{ "type": "Feature", "properties": { "OID": 20, "Name": "Sin Min School", "FolderPath": "SG Chinese Schools (cleaned)", "SymbolID": 0, "AltMode": -1, "Base": 0.0, "Clamped": 0, "Extruded": 0, "Snippet": "", "PopupInfo": "拼音: Xīnmín Xuéxiào<br>Address R3: 132-A Elias Road<br>Country: Singapore<br>创办时间公元 Opened Date:", "Shape_Length": 0.030618827999887799 }, "geometry": { "type": "MultiLineString", "coordinates": [ [ [ 103.93701688200008, 1.37403031100007, 0.0 ], [ 103.93701688200008, 1.380591489000039, 0.0 ], [ 103.945765118000054, 1.380591489000039, 0.0 ], [ 103.945765118000054, 1.37403031100007, 0.0 ], [ 103.93701688200008, 1.37403031100007, 0.0 ] ] ] } },
{ "type": "Feature", "properties": { "OID": 21, "Name": "Tao Khoon School", "FolderPath": "SG Chinese Schools (cleaned)", "SymbolID": 0, "AltMode": -1, "Base": 0.0, "Clamped": 0, "Extruded": 0, "Snippet": "", "PopupInfo": "拼音: Dǎo Qún Xuéxiào<br>Address R3: 133-D Kranji Road<br>Country: Singapore<br>创办时间公元 Opened Date:", "Shape_Length": 0.030618059999937941 }, "geometry": { "type": "MultiLineString", "coordinates": [ [ [ 103.751446491000081, 1.42751919400007, 0.0 ], [ 103.751446491000081, 1.434080206000033, 0.0 ], [ 103.760194509000087, 1.434080206000033, 0.0 ], [ 103.760194509000087, 1.42751919400007, 0.0 ], [ 103.751446491000081, 1.42751919400007, 0.0 ] ] ] } },
{ "type": "Feature", "properties": { "OID": 22, "Name": "Ai Tong Schoool", "FolderPath": "SG Chinese Schools (cleaned)", "SymbolID": 0, "AltMode": -1, "Base": 0.0, "Clamped": 0, "Extruded": 0, "Snippet": "", "PopupInfo": "拼音: Ài Tóng Xuéxiào<br>Address R3: 137, Telok Ayer Street <br>Country: Singapore<br>创办时间公元 Opened Date: 1912", "Shape_Length": 0.030619980000096803 }, "geometry": { "type": "MultiLineString", "coordinates": [ [ [ 103.843574617000058, 1.27759598800003, 0.0 ], [ 103.843574617000058, 1.28415741200007, 0.0 ], [ 103.852323183000067, 1.28415741200007, 0.0 ], [ 103.852323183000067, 1.27759598800003, 0.0 ], [ 103.843574617000058, 1.27759598800003, 0.0 ] ] ] } },
{ "type": "Feature", "properties": { "OID": 23, "Name": "Kuang Fook School", "FolderPath": "SG Chinese Schools (cleaned)", "SymbolID": 0, "AltMode": -1, "Base": 0.0, "Clamped": 0, "Extruded": 0, "Snippet": "", "PopupInfo": "拼音: Guǎng Fú Xuéxiào<br>Address R3: 14 Lavender Street<br>Country: Singapore<br>创办时间公元 Opened Date: 1961", "Shape_Length": 0.030619671999943421 }, "geometry": { "type": "MultiLineString", "coordinates": [ [ [ 103.859547861000067, 1.305815521000056, 0.0 ], [ 103.859547861000067, 1.312376879000055, 0.0 ], [ 103.86829633900004, 1.312376879000055, 0.0 ], [ 103.86829633900004, 1.305815521000056, 0.0 ], [ 103.859547861000067, 1.305815521000056, 0.0 ] ] ] } },
{ "type": "Feature", "properties": { "OID": 24, "Name": "Tong Keng School", "FolderPath": "SG Chinese Schools (cleaned)", "SymbolID": 0, "AltMode": -1, "Base": 0.0, "Clamped": 0, "Extruded": 0, "Snippet": "", "PopupInfo": "拼音: Tóng Jìng Xuéxiào<br>Address R3: 14 Lorong 29, Geylang<br>Country: Singapore<br>创办时间公元 Opened Date:", "Shape_Length": 0.030619595999951343 }, "geometry": { "type": "MultiLineString", "coordinates": [ [ [ 103.881738772000062, 1.311513329000036, 0.0 ], [ 103.881738772000062, 1.318074671000034, 0.0 ], [ 103.89048722800004, 1.318074671000034, 0.0 ], [ 103.89048722800004, 1.311513329000036, 0.0 ], [ 103.881738772000062, 1.311513329000036, 0.0 ] ] ] } },
{ "type": "Feature", "properties": { "OID": 25, "Name": "Sheng Hua Public School", "FolderPath": "SG Chinese Schools (cleaned)", "SymbolID": 0, "AltMode": -1, "Base": 0.0, "Clamped": 0, "Extruded": 0, "Snippet": "", "PopupInfo": "拼音: Xīng Huá Xuéxiào<br>Address R3: 14 Mugliston Road<br>Country: Singapore<br>创办时间公元 Opened Date: 1926", "Shape_Length": 0.030619672000057108 }, "geometry": { "type": "MultiLineString", "coordinates": [ [ [ 103.896740761000046, 1.301110321000067, 0.0 ], [ 103.896740761000046, 1.307671679000066, 0.0 ], [ 103.905489239000076, 1.307671679000066, 0.0 ], [ 103.905489239000076, 1.301110321000067, 0.0 ], [ 103.896740761000046, 1.301110321000067, 0.0 ] ] ] } },
{ "type": "Feature", "properties": { "OID": 26, "Name": "Pei Tow School", "FolderPath": "SG Chinese Schools (cleaned)", "SymbolID": 0, "AltMode": -1, "Base": 0.0, "Clamped": 0, "Extruded": 0, "Snippet": "", "PopupInfo": "拼音: Péi Dào Xuéxiào<br>Address R3: 144 Tampenis Road<br>Country: Singapore<br>创办时间公元 Opened Date: 1929", "Shape_Length": 0.030618980000099327 }, "geometry": { "type": "MultiLineString", "coordinates": [ [ [ 103.887917260000052, 1.358406395000031, 0.0 ], [ 103.887917260000052, 1.364967605000061, 0.0 ], [ 103.896665540000072, 1.364967605000061, 0.0 ], [ 103.896665540000072, 1.358406395000031, 0.0 ], [ 103.887917260000052, 1.358406395000031, 0.0 ] ] ] } },
{ "type": "Feature", "properties": { "OID": 27, "Name": "Yuh Jyh School", "FolderPath": "SG Chinese Schools (cleaned)", "SymbolID": 0, "AltMode": -1, "Base": 0.0, "Clamped": 0, "Extruded": 0, "Snippet": "", "PopupInfo": "拼音: Yù Zhì Xuéxiào<br>Address R3: 149 Paya Lebar Road<br>Country: Singapore<br>创办时间公元 Opened Date:", "Shape_Length": 0.030619444000080875 }, "geometry": { "type": "MultiLineString", "coordinates": [ [ [ 103.886699294000039, 1.324923045000048, 0.0 ], [ 103.886699294000039, 1.331484355000043, 0.0 ], [ 103.895447706000084, 1.331484355000043, 0.0 ], [ 103.895447706000084, 1.324923045000048, 0.0 ], [ 103.886699294000039, 1.324923045000048, 0.0 ] ] ] } },
{ "type": "Feature", "properties": { "OID": 28, "Name": "Kwang Teck School", "FolderPath": "SG Chinese Schools (cleaned)", "SymbolID": 0, "AltMode": -1, "Base": 0.0, "Clamped": 0, "Extruded": 0, "Snippet": "", "PopupInfo": "拼音: Guǎng Dé Xuéxiào<br>Address R3: 151-H, Seletar Road, 12 1/2 m.s.<br>Country: Singapore<br>创办时间公元 Opened Date:", "Shape_Length": 0.030618671999945946 }, "geometry": { "type": "MultiLineString", "coordinates": [ [ [ 103.864444004000063, 1.382780428000046, 0.0 ], [ 103.864444004000063, 1.389341572000035, 0.0 ], [ 103.873192196000048, 1.389341572000035, 0.0 ], [ 103.873192196000048, 1.382780428000046, 0.0 ], [ 103.864444004000063, 1.382780428000046, 0.0 ] ] ] } },
{ "type": "Feature", "properties": { "OID": 29, "Name": "Kay Hwa Public School", "FolderPath": "SG Chinese Schools (cleaned)", "SymbolID": 0, "AltMode": -1, "Base": 0.0, "Clamped": 0, "Extruded": 0, "Snippet": "", "PopupInfo": "拼音: Qǐ Huá Xuéxiào<br>Address R3: 15-3 Tampenis Road <br>Country: Singapore<br>创办时间公元 Opened Date:", "Shape_Length": 0.03061897999998564 }, "geometry": { "type": "MultiLineString", "coordinates": [ [ [ 103.882572260000074, 1.357489495000038, 0.0 ], [ 103.882572260000074, 1.364050705000068, 0.0 ], [ 103.891320540000038, 1.364050705000068, 0.0 ], [ 103.891320540000038, 1.357489495000038, 0.0 ], [ 103.882572260000074, 1.357489495000038, 0.0 ] ] ] } },
{ "type": "Feature", "properties": { "OID": 30, "Name": "Chong Lip School", "FolderPath": "SG Chinese Schools (cleaned)", "SymbolID": 0, "AltMode": -1, "Base": 0.0, "Clamped": 0, "Extruded": 0, "Snippet": "", "PopupInfo": "拼音: Zhōnglì Xuéxiào<br>Address R3: 159 Thomson Road 6 1/2 m.s.<br>Country: Singapore<br>创办时间公元 Opened Date:", "Shape_Length": 0.030619520000072953 }, "geometry": { "type": "MultiLineString", "coordinates": [ [ [ 103.839583383000047, 1.314893037000047, 0.0 ], [ 103.839583383000047, 1.321454363000043, 0.0 ], [ 103.848331817000087, 1.321454363000043, 0.0 ], [ 103.848331817000087, 1.314893037000047, 0.0 ], [ 103.839583383000047, 1.314893037000047, 0.0 ] ] ] } },
{ "type": "Feature", "properties": { "OID": 31, "Name": "Wen Hsuan School", "FolderPath": "SG Chinese Schools (cleaned)", "SymbolID": 0, "AltMode": -1, "Base": 0.0, "Clamped": 0, "Extruded": 0, "Snippet": "", "PopupInfo": "拼音: Wén Xuǎn Xuéxiào<br>Address R3: 160-162, Neil Road<br>Country: Singapore<br>创办时间公元 Opened Date:", "Shape_Length": 0.030620055999975193 }, "geometry": { "type": "MultiLineString", "coordinates": [ [ [ 103.832861706000074, 1.274064280000061, 0.0 ], [ 103.832861706000074, 1.280625720000046, 0.0 ], [ 103.841610294000077, 1.280625720000046, 0.0 ], [ 103.841610294000077, 1.274064280000061, 0.0 ], [ 103.832861706000074, 1.274064280000061, 0.0 ] ] ] } },
{ "type": "Feature", "properties": { "OID": 32, "Name": "Chong Hock Girl's School", "FolderPath": "SG Chinese Schools (cleaned)", "SymbolID": 0, "AltMode": -1, "Base": 0.0, "Clamped": 0, "Extruded": 0, "Snippet": "", "PopupInfo": "拼音: Chóng Fú Nǚxiào<br>Address R3: 168, Telok Ayer Street<br>Country: Singapore<br>创办时间公元 Opened Date:", "Shape_Length": 0.030619979999983116 }, "geometry": { "type": "MultiLineString", "coordinates": [ [ [ 103.843217117000052, 1.277504288000046, 0.0 ], [ 103.843217117000052, 1.284065712000029, 0.0 ], [ 103.85196568300006, 1.284065712000029, 0.0 ], [ 103.85196568300006, 1.277504288000046, 0.0 ], [ 103.843217117000052, 1.277504288000046, 0.0 ] ] ] } },
{ "type": "Feature", "properties": { "OID": 33, "Name": "Chung Yee School", "FolderPath": "SG Chinese Schools (cleaned)", "SymbolID": 0, "AltMode": -1, "Base": 0.0, "Clamped": 0, "Extruded": 0, "Snippet": "", "PopupInfo": "拼音: Zhōng Yù Xuéxiào<br>Address R3: 168-79, Jalan Ulu Sembawang<br>Country: Singapore<br>创办时间公元 Opened Date:", "Shape_Length": 0.030618215999879794 }, "geometry": { "type": "MultiLineString", "coordinates": [ [ [ 103.788498969000045, 1.418361477000076, 0.0 ], [ 103.788498969000045, 1.424922523000021, 0.0 ], [ 103.79724703100004, 1.424922523000021, 0.0 ], [ 103.79724703100004, 1.418361477000076, 0.0 ], [ 103.788498969000045, 1.418361477000076, 0.0 ] ] ] } },
{ "type": "Feature", "properties": { "OID": 34, "Name": "Si San School", "FolderPath": "SG Chinese Schools (cleaned)", "SymbolID": 0, "AltMode": -1, "Base": 0.0, "Clamped": 0, "Extruded": 0, "Snippet": "", "PopupInfo": "拼音: Xīshān Gōng Xué<br>Address R3: Lim Toh Road<br>Country: Singapore<br>创办时间公元 Opened Date:", "Shape_Length": 0.030619519999959266 }, "geometry": { "type": "MultiLineString", "coordinates": [ [ [ 103.737653883000064, 1.318088937000027, 0.0 ], [ 103.737653883000064, 1.324650263000024, 0.0 ], [ 103.746402317000047, 1.324650263000024, 0.0 ], [ 103.746402317000047, 1.318088937000027, 0.0 ], [ 103.737653883000064, 1.318088937000027, 0.0 ] ] ] } },
{ "type": "Feature", "properties": { "OID": 35, "Name": "Poi Eng Public School", "FolderPath": "SG Chinese Schools (cleaned)", "SymbolID": 0, "AltMode": -1, "Base": 0.0, "Clamped": 0, "Extruded": 0, "Snippet": "", "PopupInfo": "拼音: Péi Yīng Xuéxiào<br>Address R3: 178-B Upper Thomson Rd.<br>Country: Singapore<br>创办时间公元 Opened Date: 1919", "Shape_Length": 0.030619136000041181 }, "geometry": { "type": "MultiLineString", "coordinates": [ [ [ 103.831568638000078, 1.347385478000035, 0.0 ], [ 103.831568638000078, 1.353946722000046, 0.0 ], [ 103.840316962000088, 1.353946722000046, 0.0 ], [ 103.840316962000088, 1.347385478000035, 0.0 ], [ 103.831568638000078, 1.347385478000035, 0.0 ] ] ] } },
{ "type": "Feature", "properties": { "OID": 36, "Name": "Cheng Hwa School", "FolderPath": "SG Chinese Schools (cleaned)", "SymbolID": 0, "AltMode": -1, "Base": 0.0, "Clamped": 0, "Extruded": 0, "Snippet": "", "PopupInfo": "拼音: Zhèng Huá Xuéxiào<br>Address R3: 181  Bukit Timah Rd.<br>Country: Singapore<br>创办时间公元 Opened Date:", "Shape_Length": 0.03061959600006503 }, "geometry": { "type": "MultiLineString", "coordinates": [ [ [ 103.838083972000049, 1.308138829000029, 0.0 ], [ 103.838083972000049, 1.314700171000027, 0.0 ], [ 103.846832428000084, 1.314700171000027, 0.0 ], [ 103.846832428000084, 1.308138829000029, 0.0 ], [ 103.838083972000049, 1.308138829000029, 0.0 ] ] ] } },
{ "type": "Feature", "properties": { "OID": 37, "Name": "Yook Kwan School", "FolderPath": "SG Chinese Schools (cleaned)", "SymbolID": 0, "AltMode": -1, "Base": 0.0, "Clamped": 0, "Extruded": 0, "Snippet": "", "PopupInfo": "拼音: Yù Qún Xuéxiào<br>Address R3: 182, Telok Blangah Road<br>Country: Singapore<br>创办时间公元 Opened Date: 1912", "Shape_Length": 0.030620136000038656 }, "geometry": { "type": "MultiLineString", "coordinates": [ [ [ 103.81714379500005, 1.262256071000024, 0.0 ], [ 103.81714379500005, 1.268817529000046, 0.0 ], [ 103.825892405000047, 1.268817529000046, 0.0 ], [ 103.825892405000047, 1.262256071000024, 0.0 ], [ 103.81714379500005, 1.262256071000024, 0.0 ] ] ] } },
{ "type": "Feature", "properties": { "OID": 38, "Name": "Serangoon School", "FolderPath": "SG Chinese Schools (cleaned)", "SymbolID": 0, "AltMode": -1, "Base": 0.0, "Clamped": 0, "Extruded": 0, "Snippet": "", "PopupInfo": "拼音: <br>Address R3: 1848-A Brighton Avenue<br>Country: Singapore<br>创办时间公元 Opened Date:", "Shape_Length": 0.030618980000099327 }, "geometry": { "type": "MultiLineString", "coordinates": [ [ [ 103.868237960000044, 1.35760149500004, 0.0 ], [ 103.868237960000044, 1.364162705000069, 0.0 ], [ 103.876986240000065, 1.364162705000069, 0.0 ], [ 103.876986240000065, 1.35760149500004, 0.0 ], [ 103.868237960000044, 1.35760149500004, 0.0 ] ] ] } },
{ "type": "Feature", "properties": { "OID": 39, "Name": "Leong Khay School", "FolderPath": "SG Chinese Schools (cleaned)", "SymbolID": 0, "AltMode": -1, "Base": 0.0, "Clamped": 0, "Extruded": 0, "Snippet": "", "PopupInfo": "拼音: Lóng Xī Xuéxiào<br>Address R3: 19 St. Michael's Road<br>Country: Singapore<br>创办时间公元 Opened Date:", "Shape_Length": 0.030619443999967189 }, "geometry": { "type": "MultiLineString", "coordinates": [ [ [ 103.858688094000058, 1.323263845000042, 0.0 ], [ 103.858688094000058, 1.329825155000037, 0.0 ], [ 103.867436506000047, 1.329825155000037, 0.0 ], [ 103.867436506000047, 1.323263845000042, 0.0 ], [ 103.858688094000058, 1.323263845000042, 0.0 ] ] ] } },
{ "type": "Feature", "properties": { "OID": 40, "Name": "Chung Hwa Girls' High School", "FolderPath": "SG Chinese Schools (cleaned)", "SymbolID": 0, "AltMode": -1, "Base": 0.0, "Clamped": 0, "Extruded": 0, "Snippet": "", "PopupInfo": "拼音: <br>Address R3: 191 Bartley Road<br>Country: Singapore<br>创办时间公元 Opened Date:", "Shape_Length": 0.030619212000033258 }, "geometry": { "type": "MultiLineString", "coordinates": [ [ [ 103.868756827000084, 1.340565370000036, 0.0 ], [ 103.868756827000084, 1.347126630000048, 0.0 ], [ 103.877505173000088, 1.347126630000048, 0.0 ], [ 103.877505173000088, 1.340565370000036, 0.0 ], [ 103.868756827000084, 1.340565370000036, 0.0 ] ] ] } },
{ "type": "Feature", "properties": { "OID": 41, "Name": "Chong Hua School", "FolderPath": "SG Chinese Schools (cleaned)", "SymbolID": 0, "AltMode": -1, "Base": 0.0, "Clamped": 0, "Extruded": 0, "Snippet": "", "PopupInfo": "拼音: Zhōnghuá Xuéxiào<br>Address R3: 2 Changi Road 6 3/4 m.s.<br>Country: Singapore<br>创办时间公元 Opened Date:", "Shape_Length": 0.030619595999951343 }, "geometry": { "type": "MultiLineString", "coordinates": [ [ [ 103.894204672000058, 1.313087729000074, 0.0 ], [ 103.894204672000058, 1.319649071000072, 0.0 ], [ 103.902953128000036, 1.319649071000072, 0.0 ], [ 103.902953128000036, 1.313087729000074, 0.0 ], [ 103.894204672000058, 1.313087729000074, 0.0 ] ] ] } },
{ "type": "Feature", "properties": { "OID": 42, "Name": "Hong Wen School", "FolderPath": "SG Chinese Schools (cleaned)", "SymbolID": 0, "AltMode": -1, "Base": 0.0, "Clamped": 0, "Extruded": 0, "Snippet": "", "PopupInfo": "拼音: Hóngwén Xuéxiào<br>Address R3: 2 Dickson Road <br>Country: Singapore<br>创办时间公元 Opened Date: 1921", "Shape_Length": 0.030619672000057108 }, "geometry": { "type": "MultiLineString", "coordinates": [ [ [ 103.85046716100004, 1.301515321000068, 0.0 ], [ 103.85046716100004, 1.308076679000067, 0.0 ], [ 103.85921563900007, 1.308076679000067, 0.0 ], [ 103.85921563900007, 1.301515321000068, 0.0 ], [ 103.85046716100004, 1.301515321000068, 0.0 ] ] ] } },
{ "type": "Feature", "properties": { "OID": 43, "Name": "Nan Hwa Girls' High School", "FolderPath": "SG Chinese Schools (cleaned)", "SymbolID": 0, "AltMode": -1, "Base": 0.0, "Clamped": 0, "Extruded": 0, "Snippet": "", "PopupInfo": "拼音: Nánhuá Nǚzǐ Zhōngxué<br>Address R3: 2, Adis Road<br>Country: Singapore<br>创办时间公元 Opened Date:", "Shape_Length": 0.030619748000049185 }, "geometry": { "type": "MultiLineString", "coordinates": [ [ [ 103.843004750000034, 1.298652813000047, 0.0 ], [ 103.843004750000034, 1.305214187000047, 0.0 ], [ 103.851753250000058, 1.305214187000047, 0.0 ], [ 103.851753250000058, 1.298652813000047, 0.0 ], [ 103.843004750000034, 1.298652813000047, 0.0 ] ] ] } },
{ "type": "Feature", "properties": { "OID": 44, "Name": "Yoke See School", "FolderPath": "SG Chinese Schools (cleaned)", "SymbolID": 0, "AltMode": -1, "Base": 0.0, "Clamped": 0, "Extruded": 0, "Snippet": "", "PopupInfo": "拼音: Yù Sì Xuéxiào<br>Address R3: 20 Newton Road<br>Country: Singapore<br>创办时间公元 Opened Date: 1930", "Shape_Length": 0.03061959600006503 }, "geometry": { "type": "MultiLineString", "coordinates": [ [ [ 103.837132872000041, 1.31154912900007, 0.0 ], [ 103.837132872000041, 1.318110471000068, 0.0 ], [ 103.845881328000075, 1.318110471000068, 0.0 ], [ 103.845881328000075, 1.31154912900007, 0.0 ], [ 103.837132872000041, 1.31154912900007, 0.0 ] ] ] } },
{ "type": "Feature", "properties": { "OID": 45, "Name": "Maris Stella High School", "FolderPath": "SG Chinese Schools (cleaned)", "SymbolID": 0, "AltMode": -1, "Base": 0.0, "Clamped": 0, "Extruded": 0, "Snippet": "", "PopupInfo": "拼音: Hǎixīng Zhōngxué<br>Address R3: 20 Siglap View, Siglap<br>Country: Singapore<br>创办时间公元 Opened Date:", "Shape_Length": 0.030619595999951343 }, "geometry": { "type": "MultiLineString", "coordinates": [ [ [ 103.914870772000086, 1.312294329000053, 0.0 ], [ 103.914870772000086, 1.318855671000051, 0.0 ], [ 103.923619228000064, 1.318855671000051, 0.0 ], [ 103.923619228000064, 1.312294329000053, 0.0 ], [ 103.914870772000086, 1.312294329000053, 0.0 ] ] ] } },
{ "type": "Feature", "properties": { "OID": 46, "Name": "Yit Chih School", "FolderPath": "SG Chinese Schools (cleaned)", "SymbolID": 0, "AltMode": -1, "Base": 0.0, "Clamped": 0, "Extruded": 0, "Snippet": "", "PopupInfo": "拼音: Yīzhì Xuéxiào<br>Address R3: 20 Veerasamy Road<br>Country: Singapore<br>创办时间公元 Opened Date: 1937", "Shape_Length": 0.030619671999943421 }, "geometry": { "type": "MultiLineString", "coordinates": [ [ [ 103.849183761000063, 1.304268321000052, 0.0 ], [ 103.849183761000063, 1.310829679000051, 0.0 ], [ 103.857932239000036, 1.310829679000051, 0.0 ], [ 103.857932239000036, 1.304268321000052, 0.0 ], [ 103.849183761000063, 1.304268321000052, 0.0 ] ] ] } },
{ "type": "Feature", "properties": { "OID": 47, "Name": "Eick Kuan School", "FolderPath": "SG Chinese Schools (cleaned)", "SymbolID": 0, "AltMode": -1, "Base": 0.0, "Clamped": 0, "Extruded": 0, "Snippet": "", "PopupInfo": "拼音: Yì Qún Xuéxiào <br>Address R3: 200 Jalan Kampong Chantek<br>Country: Singapore<br>创办时间公元 Opened Date:", "Shape_Length": 0.030619212000033258 }, "geometry": { "type": "MultiLineString", "coordinates": [ [ [ 103.784486127000037, 1.341437370000051, 0.0 ], [ 103.784486127000037, 1.347998630000063, 0.0 ], [ 103.793234473000041, 1.347998630000063, 0.0 ], [ 103.793234473000041, 1.341437370000051, 0.0 ], [ 103.784486127000037, 1.341437370000051, 0.0 ] ] ] } },
{ "type": "Feature", "properties": { "OID": 48, "Name": "Cheng Hoon School", "FolderPath": "SG Chinese Schools (cleaned)", "SymbolID": 0, "AltMode": -1, "Base": 0.0, "Clamped": 0, "Extruded": 0, "Snippet": "", "PopupInfo": "拼音: Qīngyún Xuéxiào<br>Address R3: 203-B Mandai Rd. 13 m.s.<br>Country: Singapore<br>创办时间公元 Opened Date: 1937", "Shape_Length": 0.030618367999977636 }, "geometry": { "type": "MultiLineString", "coordinates": [ [ [ 103.780868247000058, 1.408436861000041, 0.0 ], [ 103.780868247000058, 1.414997939000045, 0.0 ], [ 103.789616353000042, 1.414997939000045, 0.0 ], [ 103.789616353000042, 1.408436861000041, 0.0 ], [ 103.780868247000058, 1.408436861000041, 0.0 ] ] ] } },
{ "type": "Feature", "properties": { "OID": 49, "Name": "Ban Lay School", "FolderPath": "SG Chinese Schools (cleaned)", "SymbolID": 0, "AltMode": -1, "Base": 0.0, "Clamped": 0, "Extruded": 0, "Snippet": "", "PopupInfo": "拼音: Wàn Lǐ Xuéxiào<br>Address R3: 219-B Mandai Rd.<br>Country: Singapore<br>创办时间公元 Opened Date:", "Shape_Length": 0.030618367999977636 }, "geometry": { "type": "MultiLineString", "coordinates": [ [ [ 103.780868247000058, 1.408436861000041, 0.0 ], [ 103.780868247000058, 1.414997939000045, 0.0 ], [ 103.789616353000042, 1.414997939000045, 0.0 ], [ 103.789616353000042, 1.408436861000041, 0.0 ], [ 103.780868247000058, 1.408436861000041, 0.0 ] ] ] } },
{ "type": "Feature", "properties": { "OID": 50, "Name": "Catholic High School", "FolderPath": "SG Chinese Schools (cleaned)", "SymbolID": 0, "AltMode": -1, "Base": 0.0, "Clamped": 0, "Extruded": 0, "Snippet": "", "PopupInfo": "拼音: Gōngjiào Zhōngxué Jì Fùxiǎo<br>Address R3: 222 Queen Street <br>Country: Singapore<br>创办时间公元 Opened Date: 1937", "Shape_Length": 0.030619748000049185 }, "geometry": { "type": "MultiLineString", "coordinates": [ [ [ 103.847468950000064, 1.294450013000073, 0.0 ], [ 103.847468950000064, 1.301011387000074, 0.0 ], [ 103.856217450000088, 1.301011387000074, 0.0 ], [ 103.856217450000088, 1.294450013000073, 0.0 ], [ 103.847468950000064, 1.294450013000073, 0.0 ] ] ] } },
{ "type": "Feature", "properties": { "OID": 51, "Name": "Sin Ah School", "FolderPath": "SG Chinese Schools (cleaned)", "SymbolID": 0, "AltMode": -1, "Base": 0.0, "Clamped": 0, "Extruded": 0, "Snippet": "", "PopupInfo": "拼音: Xīn Yà Xuéxiào<br>Address R3: 228-1, West Coast Road <br>Country: Singapore<br>创办时间公元 Opened Date:", "Shape_Length": 0.030619828000112648 }, "geometry": { "type": "MultiLineString", "coordinates": [ [ [ 103.763714339000046, 1.29209520400002, 0.0 ], [ 103.763714339000046, 1.298656596000058, 0.0 ], [ 103.772462861000065, 1.298656596000058, 0.0 ], [ 103.772462861000065, 1.29209520400002, 0.0 ], [ 103.763714339000046, 1.29209520400002, 0.0 ] ] ] } },
{ "type": "Feature", "properties": { "OID": 52, "Name": "Pei Chun School", "FolderPath": "SG Chinese Schools (cleaned)", "SymbolID": 0, "AltMode": -1, "Base": 0.0, "Clamped": 0, "Extruded": 0, "Snippet": "", "PopupInfo": "拼音: Péi Qún Xuéxiào <br>Address R3: 23 Balmoral Road<br>Country: Singapore<br>创办时间公元 Opened Date:", "Shape_Length": 0.030619595999951343 }, "geometry": { "type": "MultiLineString", "coordinates": [ [ [ 103.828751672000067, 1.313221329000044, 0.0 ], [ 103.828751672000067, 1.319782671000041, 0.0 ], [ 103.837500128000045, 1.319782671000041, 0.0 ], [ 103.837500128000045, 1.313221329000044, 0.0 ], [ 103.828751672000067, 1.313221329000044, 0.0 ] ] ] } },
{ "type": "Feature", "properties": { "OID": 53, "Name": "Sing Hua School", "FolderPath": "SG Chinese Schools (cleaned)", "SymbolID": 0, "AltMode": -1, "Base": 0.0, "Clamped": 0, "Extruded": 0, "Snippet": "", "PopupInfo": "拼音: Xǐng Huá Xuéxiào<br>Address R3: 23 Lim Tua Tow Road <br>Country: Singapore<br>创办时间公元 Opened Date: 1935", "Shape_Length": 0.030619055999864031 }, "geometry": { "type": "MultiLineString", "coordinates": [ [ [ 103.87090874900008, 1.351869087000068, 0.0 ], [ 103.87090874900008, 1.358430313000042, 0.0 ], [ 103.879657051000038, 1.358430313000042, 0.0 ], [ 103.879657051000038, 1.351869087000068, 0.0 ], [ 103.87090874900008, 1.351869087000068, 0.0 ] ] ] } },
{ "type": "Feature", "properties": { "OID": 54, "Name": "Lik Teck School", "FolderPath": "SG Chinese Schools (cleaned)", "SymbolID": 0, "AltMode": -1, "Base": 0.0, "Clamped": 0, "Extruded": 0, "Snippet": "", "PopupInfo": "拼音: Lì Dé Xuéxiào<br>Address R3: 230-E Lorong 29, Geylang<br>Country: Singapore<br>创办时间公元 Opened Date:", "Shape_Length": 0.03061959600006503 }, "geometry": { "type": "MultiLineString", "coordinates": [ [ [ 103.881657572000051, 1.312201329000061, 0.0 ], [ 103.881657572000051, 1.318762671000059, 0.0 ], [ 103.890406028000086, 1.318762671000059, 0.0 ], [ 103.890406028000086, 1.312201329000061, 0.0 ], [ 103.881657572000051, 1.312201329000061, 0.0 ] ] ] } },
{ "type": "Feature", "properties": { "OID": 55, "Name": "Ju Eng School", "FolderPath": "SG Chinese Schools (cleaned)", "SymbolID": 0, "AltMode": -1, "Base": 0.0, "Clamped": 0, "Extruded": 0, "Snippet": "", "PopupInfo": "拼音: Jùyīng Xuéxiào<br>Address R3: 231-A Jalan Kayu<br>Country: Singapore<br>创办时间公元 Opened Date: 1932", "Shape_Length": 0.030618520000075478 }, "geometry": { "type": "MultiLineString", "coordinates": [ [ [ 103.868626026000072, 1.392858244000024, 0.0 ], [ 103.868626026000072, 1.399419356000067, 0.0 ], [ 103.877374174000067, 1.399419356000067, 0.0 ], [ 103.877374174000067, 1.392858244000024, 0.0 ], [ 103.868626026000072, 1.392858244000024, 0.0 ] ] ] } },
{ "type": "Feature", "properties": { "OID": 56, "Name": "Kallang Govt. Chinese Pr. School", "FolderPath": "SG Chinese Schools (cleaned)", "SymbolID": 0, "AltMode": -1, "Base": 0.0, "Clamped": 0, "Extruded": 0, "Snippet": "", "PopupInfo": "拼音: <br>Address R3: 233 Mountbatten Road<br>Country: Singapore<br>创办时间公元 Opened Date:", "Shape_Length": 0.030619672000057108 }, "geometry": { "type": "MultiLineString", "coordinates": [ [ [ 103.876540761000058, 1.304816321000033, 0.0 ], [ 103.876540761000058, 1.311377679000032, 0.0 ], [ 103.885289239000087, 1.311377679000032, 0.0 ], [ 103.885289239000087, 1.304816321000033, 0.0 ], [ 103.876540761000058, 1.304816321000033, 0.0 ] ] ] } },
{ "type": "Feature", "properties": { "OID": 57, "Name": "Min Chu School", "FolderPath": "SG Chinese Schools (cleaned)", "SymbolID": 0, "AltMode": -1, "Base": 0.0, "Clamped": 0, "Extruded": 0, "Snippet": "", "PopupInfo": "拼音: Mínzhǔ Xuéxiào <br>Address R3: 24 Farrer Road <br>Country: Singapore<br>创办时间公元 Opened Date:", "Shape_Length": 0.03061959600006503 }, "geometry": { "type": "MultiLineString", "coordinates": [ [ [ 103.80065077200004, 1.309552329000041, 0.0 ], [ 103.80065077200004, 1.316113671000039, 0.0 ], [ 103.809399228000075, 1.316113671000039, 0.0 ], [ 103.809399228000075, 1.309552329000041, 0.0 ], [ 103.80065077200004, 1.309552329000041, 0.0 ] ] ] } },
{ "type": "Feature", "properties": { "OID": 58, "Name": "Loke Yang School", "FolderPath": "SG Chinese Schools (cleaned)", "SymbolID": 0, "AltMode": -1, "Base": 0.0, "Clamped": 0, "Extruded": 0, "Snippet": "", "PopupInfo": "拼音: Luòyáng Xuéxiào<br>Address R3: 24-1 Jurong Road<br>Country: Singapore<br>创办时间公元 Opened Date:", "Shape_Length": 0.030619135999927494 }, "geometry": { "type": "MultiLineString", "coordinates": [ [ [ 103.71893723800008, 1.347642178000058, 0.0 ], [ 103.71893723800008, 1.354203422000069, 0.0 ], [ 103.727685562000033, 1.354203422000069, 0.0 ], [ 103.727685562000033, 1.347642178000058, 0.0 ], [ 103.71893723800008, 1.347642178000058, 0.0 ] ] ] } },
{ "type": "Feature", "properties": { "OID": 59, "Name": "Soo Teck School", "FolderPath": "SG Chinese Schools (cleaned)", "SymbolID": 0, "AltMode": -1, "Base": 0.0, "Clamped": 0, "Extruded": 0, "Snippet": "", "PopupInfo": "拼音: Shù Dé Xuéxiào<br>Address R3: 253-7 Ponggol Road<br>Country: Singapore<br>创办时间公元 Opened Date: 1935", "Shape_Length": 0.030618672000059632 }, "geometry": { "type": "MultiLineString", "coordinates": [ [ [ 103.89632920400004, 1.381727328000068, 0.0 ], [ 103.89632920400004, 1.388288472000056, 0.0 ], [ 103.905077396000081, 1.388288472000056, 0.0 ], [ 103.905077396000081, 1.381727328000068, 0.0 ], [ 103.89632920400004, 1.381727328000068, 0.0 ] ] ] } },
{ "type": "Feature", "properties": { "OID": 60, "Name": "Whye Nam School", "FolderPath": "SG Chinese Schools (cleaned)", "SymbolID": 0, "AltMode": -1, "Base": 0.0, "Clamped": 0, "Extruded": 0, "Snippet": "", "PopupInfo": "拼音: Huái Nán Xuéxiào<br>Address R3: 260-C, Day Road, off West Coast Rd<br>Country: Singapore<br>创办时间公元 Opened Date: 1937", "Shape_Length": 0.03061959600006503 }, "geometry": { "type": "MultiLineString", "coordinates": [ [ [ 103.753660772000046, 1.308237529000053, 0.0 ], [ 103.753660772000046, 1.31479887100005, 0.0 ], [ 103.762409228000081, 1.31479887100005, 0.0 ], [ 103.762409228000081, 1.308237529000053, 0.0 ], [ 103.753660772000046, 1.308237529000053, 0.0 ] ] ] } },
{ "type": "Feature", "properties": { "OID": 61, "Name": "Seak Tiat School", "FolderPath": "SG Chinese Schools (cleaned)", "SymbolID": 0, "AltMode": -1, "Base": 0.0, "Clamped": 0, "Extruded": 0, "Snippet": "", "PopupInfo": "拼音: Zhí Zhé Xuéxiào<br>Address R3: 261, River Valley Road<br>Country: Singapore<br>创办时间公元 Opened Date: 1927", "Shape_Length": 0.030619827999998961 }, "geometry": { "type": "MultiLineString", "coordinates": [ [ [ 103.836414739000077, 1.290974304000031, 0.0 ], [ 103.836414739000077, 1.297535696000068, 0.0 ], [ 103.845163261000039, 1.297535696000068, 0.0 ], [ 103.845163261000039, 1.290974304000031, 0.0 ], [ 103.836414739000077, 1.290974304000031, 0.0 ] ] ] } },
{ "type": "Feature", "properties": { "OID": 62, "Name": "Li Sinn Continuation", "FolderPath": "SG Chinese Schools (cleaned)", "SymbolID": 0, "AltMode": -1, "Base": 0.0, "Clamped": 0, "Extruded": 0, "Snippet": "", "PopupInfo": "拼音: <br>Address R3: 265-B, New Bridge Road, (2)<br>Country: Singapore<br>创办时间公元 Opened Date:", "Shape_Length": 0.030619979999869429 }, "geometry": { "type": "MultiLineString", "coordinates": [ [ [ 103.838013717000081, 1.27931718800005, 0.0 ], [ 103.838013717000081, 1.285878612000033, 0.0 ], [ 103.846762283000032, 1.285878612000033, 0.0 ], [ 103.846762283000032, 1.27931718800005, 0.0 ], [ 103.838013717000081, 1.27931718800005, 0.0 ] ] ] } },
{ "type": "Feature", "properties": { "OID": 63, "Name": "Tai Cheong School", "FolderPath": "SG Chinese Schools (cleaned)", "SymbolID": 0, "AltMode": -1, "Base": 0.0, "Clamped": 0, "Extruded": 0, "Snippet": "", "PopupInfo": "拼音: Dàzhòng Xuéxiào<br>Address R3: 27 Chua Chu Kang Road<br>Country: Singapore<br>创办时间公元 Opened Date:", "Shape_Length": 0.030618752000123095 }, "geometry": { "type": "MultiLineString", "coordinates": [ [ [ 103.753333893000047, 1.37499851900003, 0.0 ], [ 103.753333893000047, 1.381559681000056, 0.0 ], [ 103.762082107000083, 1.381559681000056, 0.0 ], [ 103.762082107000083, 1.37499851900003, 0.0 ], [ 103.753333893000047, 1.37499851900003, 0.0 ] ] ] } },
{ "type": "Feature", "properties": { "OID": 64, "Name": "Chin Kang School", "FolderPath": "SG Chinese Schools (cleaned)", "SymbolID": 0, "AltMode": -1, "Base": 0.0, "Clamped": 0, "Extruded": 0, "Snippet": "", "PopupInfo": "拼音: Jìn Jiāng Xuéxiào<br>Address R3: 27, Bukit Pasoh Road<br>Country: Singapore<br>创办时间公元 Opened Date:", "Shape_Length": 0.030619979999983116 }, "geometry": { "type": "MultiLineString", "coordinates": [ [ [ 103.836090717000047, 1.275898288000064, 0.0 ], [ 103.836090717000047, 1.282459712000048, 0.0 ], [ 103.844839283000056, 1.282459712000048, 0.0 ], [ 103.844839283000056, 1.275898288000064, 0.0 ], [ 103.836090717000047, 1.275898288000064, 0.0 ] ] ] } },
{ "type": "Feature", "properties": { "OID": 65, "Name": "Chong Cheng School", "FolderPath": "SG Chinese Schools (cleaned)", "SymbolID": 0, "AltMode": -1, "Base": 0.0, "Clamped": 0, "Extruded": 0, "Snippet": "", "PopupInfo": "拼音: Chóngzhèng Xuéxiào<br>Address R3: 28 Aliwal Street<br>Country: Singapore<br>创办时间公元 Opened Date: 1905", "Shape_Length": 0.030619748000049185 }, "geometry": { "type": "MultiLineString", "coordinates": [ [ [ 103.856683750000059, 1.299126313000045, 0.0 ], [ 103.856683750000059, 1.305687687000045, 0.0 ], [ 103.865432250000083, 1.305687687000045, 0.0 ], [ 103.865432250000083, 1.299126313000045, 0.0 ], [ 103.856683750000059, 1.299126313000045, 0.0 ] ] ] } },
{ "type": "Feature", "properties": { "OID": 66, "Name": "Tai Keou School", "FolderPath": "SG Chinese Schools (cleaned)", "SymbolID": 0, "AltMode": -1, "Base": 0.0, "Clamped": 0, "Extruded": 0, "Snippet": "", "PopupInfo": "拼音: Dà Qiáo Xuéxiào<br>Address R3: 288-Q Lorong Tai Seng<br>Country: Singapore<br>创办时间公元 Opened Date: 1936", "Shape_Length": 0.030619288000025335 }, "geometry": { "type": "MultiLineString", "coordinates": [ [ [ 103.885029916000065, 1.335002762000045, 0.0 ], [ 103.885029916000065, 1.341564038000058, 0.0 ], [ 103.893778284000064, 1.341564038000058, 0.0 ], [ 103.893778284000064, 1.335002762000045, 0.0 ], [ 103.885029916000065, 1.335002762000045, 0.0 ] ] ] } },
{ "type": "Feature", "properties": { "OID": 67, "Name": "Wah Shia School", "FolderPath": "SG Chinese Schools (cleaned)", "SymbolID": 0, "AltMode": -1, "Base": 0.0, "Clamped": 0, "Extruded": 0, "Snippet": "", "PopupInfo": "拼音: Huáxià Xuéxiào<br>Address R3: 28-E, Lorong 101, Changi Road<br>Country: Singapore<br>创办时间公元 Opened Date:", "Shape_Length": 0.030619595999951343 }, "geometry": { "type": "MultiLineString", "coordinates": [ [ [ 103.89545987200006, 1.312088929000026, 0.0 ], [ 103.89545987200006, 1.318650271000024, 0.0 ], [ 103.904208328000038, 1.318650271000024, 0.0 ], [ 103.904208328000038, 1.312088929000026, 0.0 ], [ 103.89545987200006, 1.312088929000026, 0.0 ] ] ] } },
{ "type": "Feature", "properties": { "OID": 68, "Name": "Ngee Ann Girl's School", "FolderPath": "SG Chinese Schools (cleaned)", "SymbolID": 0, "AltMode": -1, "Base": 0.0, "Clamped": 0, "Extruded": 0, "Snippet": "", "PopupInfo": "拼音: Yì Ān Nǚxiào<br>Address R3: 299 River Valley Road<br>Country: Singapore<br>创办时间公元 Opened Date:", "Shape_Length": 0.030619827999998961 }, "geometry": { "type": "MultiLineString", "coordinates": [ [ [ 103.834905539000033, 1.29241320400007, 0.0 ], [ 103.834905539000033, 1.29897459600005, 0.0 ], [ 103.843654061000052, 1.29897459600005, 0.0 ], [ 103.843654061000052, 1.29241320400007, 0.0 ], [ 103.834905539000033, 1.29241320400007, 0.0 ] ] ] } },
{ "type": "Feature", "properties": { "OID": 69, "Name": "Tuan Ding School", "FolderPath": "SG Chinese Schools (cleaned)", "SymbolID": 0, "AltMode": -1, "Base": 0.0, "Clamped": 0, "Extruded": 0, "Snippet": "", "PopupInfo": "拼音: Duān Rén Xuéxiào<br>Address R3: 29-C Woodlands Road<br>Country: Singapore<br>创办时间公元 Opened Date: 1945", "Shape_Length": 0.030618752000009408 }, "geometry": { "type": "MultiLineString", "coordinates": [ [ [ 103.756161793000047, 1.378139819000069, 0.0 ], [ 103.756161793000047, 1.384700981000037, 0.0 ], [ 103.764910007000083, 1.384700981000037, 0.0 ], [ 103.764910007000083, 1.378139819000069, 0.0 ], [ 103.756161793000047, 1.378139819000069, 0.0 ] ] ] } },
{ "type": "Feature", "properties": { "OID": 70, "Name": "Nam Ann School", "FolderPath": "SG Chinese Schools (cleaned)", "SymbolID": 0, "AltMode": -1, "Base": 0.0, "Clamped": 0, "Extruded": 0, "Snippet": "", "PopupInfo": "拼音: Nán'Ān Xuéxiào<br>Address R3: 3 Ah Hood Road<br>Country: Singapore<br>创办时间公元 Opened Date:", "Shape_Length": 0.030619443999967189 }, "geometry": { "type": "MultiLineString", "coordinates": [ [ [ 103.840615494000076, 1.324299845000041, 0.0 ], [ 103.840615494000076, 1.330861155000036, 0.0 ], [ 103.849363906000065, 1.330861155000036, 0.0 ], [ 103.849363906000065, 1.324299845000041, 0.0 ], [ 103.840615494000076, 1.324299845000041, 0.0 ] ] ] } },
{ "type": "Feature", "properties": { "OID": 71, "Name": "Nan Chiau Girls' High School", "FolderPath": "SG Chinese Schools (cleaned)", "SymbolID": 0, "AltMode": -1, "Base": 0.0, "Clamped": 0, "Extruded": 0, "Snippet": "", "PopupInfo": "拼音: <br>Address R3: 30  KimYamRoad<br>Country: Singapore<br>创办时间公元 Opened Date:", "Shape_Length": 0.030619827999998961 }, "geometry": { "type": "MultiLineString", "coordinates": [ [ [ 103.834276639000052, 1.291256604000068, 0.0 ], [ 103.834276639000052, 1.297817996000049, 0.0 ], [ 103.843025161000071, 1.297817996000049, 0.0 ], [ 103.843025161000071, 1.291256604000068, 0.0 ], [ 103.834276639000052, 1.291256604000068, 0.0 ] ] ] } },
{ "type": "Feature", "properties": { "OID": 72, "Name": "Khee Fatt School", "FolderPath": "SG Chinese Schools (cleaned)", "SymbolID": 0, "AltMode": -1, "Base": 0.0, "Clamped": 0, "Extruded": 0, "Snippet": "", "PopupInfo": "拼音: Qǐfā Xuéxiào<br>Address R3: 30, Cairnhill Road<br>Country: Singapore<br>创办时间公元 Opened Date: 1906", "Shape_Length": 0.030619671999943421 }, "geometry": { "type": "MultiLineString", "coordinates": [ [ [ 103.83310606100008, 1.300804821000042, 0.0 ], [ 103.83310606100008, 1.307366179000041, 0.0 ], [ 103.841854539000053, 1.307366179000041, 0.0 ], [ 103.841854539000053, 1.300804821000042, 0.0 ], [ 103.83310606100008, 1.300804821000042, 0.0 ] ] ] } },
{ "type": "Feature", "properties": { "OID": 73, "Name": "Peck Hong School", "FolderPath": "SG Chinese Schools (cleaned)", "SymbolID": 0, "AltMode": -1, "Base": 0.0, "Clamped": 0, "Extruded": 0, "Snippet": "", "PopupInfo": "拼音: Bì Fēng Xuéxiào<br>Address R3: 300-2, Sembawang Hills Drive, Thomson Road<br>Country: Singapore<br>创办时间公元 Opened Date:", "Shape_Length": 0.030618828000115172 }, "geometry": { "type": "MultiLineString", "coordinates": [ [ [ 103.824598182000045, 1.369127011000046, 0.0 ], [ 103.824598182000045, 1.375688189000073, 0.0 ], [ 103.833346418000076, 1.375688189000073, 0.0 ], [ 103.833346418000076, 1.369127011000046, 0.0 ], [ 103.824598182000045, 1.369127011000046, 0.0 ] ] ] } },
{ "type": "Feature", "properties": { "OID": 74, "Name": "Sin Nan Public School", "FolderPath": "SG Chinese Schools (cleaned)", "SymbolID": 0, "AltMode": -1, "Base": 0.0, "Clamped": 0, "Extruded": 0, "Snippet": "", "PopupInfo": "拼音: Xǐng Nán Xuéxiào<br>Address R3: 30-33 Jurong Road, 12 m.s.<br>Country: Singapore<br>创办时间公元 Opened Date:", "Shape_Length": 0.030619519999959266 }, "geometry": { "type": "MultiLineString", "coordinates": [ [ [ 103.737456483000074, 1.317040237000072, 0.0 ], [ 103.737456483000074, 1.323601563000068, 0.0 ], [ 103.746204917000057, 1.323601563000068, 0.0 ], [ 103.746204917000057, 1.317040237000072, 0.0 ], [ 103.737456483000074, 1.317040237000072, 0.0 ] ] ] } },
{ "type": "Feature", "properties": { "OID": 75, "Name": "Chong Pun Girls' School", "FolderPath": "SG Chinese Schools (cleaned)", "SymbolID": 0, "AltMode": -1, "Base": 0.0, "Clamped": 0, "Extruded": 0, "Snippet": "", "PopupInfo": "拼音: Chóng Běn Nǚxiào<br>Address R3: 32 Aliwal Street<br>Country: Singapore<br>创办时间公元 Opened Date:", "Shape_Length": 0.030619748000049185 }, "geometry": { "type": "MultiLineString", "coordinates": [ [ [ 103.856624750000037, 1.29921431300005, 0.0 ], [ 103.856624750000037, 1.30577568700005, 0.0 ], [ 103.865373250000061, 1.30577568700005, 0.0 ], [ 103.865373250000061, 1.29921431300005, 0.0 ], [ 103.856624750000037, 1.29921431300005, 0.0 ] ] ] } },
{ "type": "Feature", "properties": { "OID": 76, "Name": "Chinese Kindergarten 星洲幼稚園學校", "FolderPath": "SG Chinese Schools (cleaned)", "SymbolID": 0, "AltMode": -1, "Base": 0.0, "Clamped": 0, "Extruded": 0, "Snippet": "", "PopupInfo": "拼音: Xīng Zhōu Yòuzhìyuán Jì Fùxiǎo<br>Address R3: 32, Tras Street<br>Country: Singapore<br>创办时间公元 Opened Date: 1921", "Shape_Length": 0.030619979999983116 }, "geometry": { "type": "MultiLineString", "coordinates": [ [ [ 103.84007871700004, 1.275385288000052, 0.0 ], [ 103.84007871700004, 1.281946712000035, 0.0 ], [ 103.848827283000048, 1.281946712000035, 0.0 ], [ 103.848827283000048, 1.275385288000052, 0.0 ], [ 103.84007871700004, 1.275385288000052, 0.0 ] ] ] } },
{ "type": "Feature", "properties": { "OID": 77, "Name": "Kong Chow School", "FolderPath": "SG Chinese Schools (cleaned)", "SymbolID": 0, "AltMode": -1, "Base": 0.0, "Clamped": 0, "Extruded": 0, "Snippet": "", "PopupInfo": "拼音: Gāng Zhōu Xuéxiào<br>Address R3: 321, New Bridge Road<br>Country: Singapore<br>创办时间公元 Opened Date: 1930", "Shape_Length": 0.030619979999983116 }, "geometry": { "type": "MultiLineString", "coordinates": [ [ [ 103.836666717000071, 1.277673288000074, 0.0 ], [ 103.836666717000071, 1.284234712000057, 0.0 ], [ 103.845415283000079, 1.284234712000057, 0.0 ], [ 103.845415283000079, 1.277673288000074, 0.0 ], [ 103.836666717000071, 1.277673288000074, 0.0 ] ] ] } },
{ "type": "Feature", "properties": { "OID": 78, "Name": "Lam Thong School", "FolderPath": "SG Chinese Schools (cleaned)", "SymbolID": 0, "AltMode": -1, "Base": 0.0, "Clamped": 0, "Extruded": 0, "Snippet": "", "PopupInfo": "拼音: Nán Tóng Xuéxiào <br>Address R3: 33 Holland Road 7 m.s.<br>Country: Singapore<br>创办时间公元 Opened Date: 1931", "Shape_Length": 0.030619595999951343 }, "geometry": { "type": "MultiLineString", "coordinates": [ [ [ 103.797818772000085, 1.308053329000074, 0.0 ], [ 103.797818772000085, 1.314614671000072, 0.0 ], [ 103.806567228000063, 1.314614671000072, 0.0 ], [ 103.806567228000063, 1.308053329000074, 0.0 ], [ 103.797818772000085, 1.308053329000074, 0.0 ] ] ] } },
{ "type": "Feature", "properties": { "OID": 79, "Name": "Tuan Mong School (Branch)", "FolderPath": "SG Chinese Schools (cleaned)", "SymbolID": 0, "AltMode": -1, "Base": 0.0, "Clamped": 0, "Extruded": 0, "Snippet": "", "PopupInfo": "拼音: Huà Nán Xuéxiào<br>Address R3: 33 Minto Road<br>Country: Singapore<br>创办时间公元 Opened Date: 1924", "Shape_Length": 0.030619747999935498 }, "geometry": { "type": "MultiLineString", "coordinates": [ [ [ 103.857403350000084, 1.299304213000028, 0.0 ], [ 103.857403350000084, 1.305865587000028, 0.0 ], [ 103.866151850000051, 1.305865587000028, 0.0 ], [ 103.866151850000051, 1.299304213000028, 0.0 ], [ 103.857403350000084, 1.299304213000028, 0.0 ] ] ] } },
{ "type": "Feature", "properties": { "OID": 80, "Name": "Puay Kee School", "FolderPath": "SG Chinese Schools (cleaned)", "SymbolID": 0, "AltMode": -1, "Base": 0.0, "Clamped": 0, "Extruded": 0, "Snippet": "", "PopupInfo": "拼音: Péi Jī Xuéxiào<br>Address R3: 33 Paya Lebar Crescent<br>Country: Singapore<br>创办时间公元 Opened Date: 1931", "Shape_Length": 0.030619135999927494 }, "geometry": { "type": "MultiLineString", "coordinates": [ [ [ 103.878111838000052, 1.346889378000071, 0.0 ], [ 103.878111838000052, 1.353450622000025, 0.0 ], [ 103.886860162000062, 1.353450622000025, 0.0 ], [ 103.886860162000062, 1.346889378000071, 0.0 ], [ 103.878111838000052, 1.346889378000071, 0.0 ] ] ] } },
{ "type": "Feature", "properties": { "OID": 81, "Name": "Chuen Min School", "FolderPath": "SG Chinese Schools (cleaned)", "SymbolID": 0, "AltMode": -1, "Base": 0.0, "Clamped": 0, "Extruded": 0, "Snippet": "", "PopupInfo": "拼音: Quán Mín Xuéxiào<br>Address R3: 333, Tiong Bahru Road<br>Country: Singapore<br>创办时间公元 Opened Date: 1930", "Shape_Length": 0.030619904000104725 }, "geometry": { "type": "MultiLineString", "coordinates": [ [ [ 103.822942328000067, 1.282697496000026, 0.0 ], [ 103.822942328000067, 1.289258904000064, 0.0 ], [ 103.831690872000081, 1.289258904000064, 0.0 ], [ 103.831690872000081, 1.282697496000026, 0.0 ], [ 103.822942328000067, 1.282697496000026, 0.0 ] ] ] } },
{ "type": "Feature", "properties": { "OID": 82, "Name": "Tiong Kok Public School", "FolderPath": "SG Chinese Schools (cleaned)", "SymbolID": 0, "AltMode": -1, "Base": 0.0, "Clamped": 0, "Extruded": 0, "Snippet": "", "PopupInfo": "拼音: Zhōngguó Xuéxiào<br>Address R3: 333-E Tampenis Road 6 m.s.<br>Country: Singapore<br>创办时间公元 Opened Date:", "Shape_Length": 0.030618903999879876 }, "geometry": { "type": "MultiLineString", "coordinates": [ [ [ 103.917967871000087, 1.367730403000053, 0.0 ], [ 103.917967871000087, 1.374291597000024, 0.0 ], [ 103.926716129000056, 1.374291597000024, 0.0 ], [ 103.926716129000056, 1.367730403000053, 0.0 ], [ 103.917967871000087, 1.367730403000053, 0.0 ] ] ] } },
{ "type": "Feature", "properties": { "OID": 83, "Name": "Chao Yang School", "FolderPath": "SG Chinese Schools (cleaned)", "SymbolID": 0, "AltMode": -1, "Base": 0.0, "Clamped": 0, "Extruded": 0, "Snippet": "", "PopupInfo": "拼音: <br>Address R3: 341, Clemenceau Avenue<br>Country: Singapore<br>创办时间公元 Opened Date:", "Shape_Length": 0.030619748000049185 }, "geometry": { "type": "MultiLineString", "coordinates": [ [ [ 103.839413250000064, 1.294818713000041, 0.0 ], [ 103.839413250000064, 1.301380087000041, 0.0 ], [ 103.848161750000088, 1.301380087000041, 0.0 ], [ 103.848161750000088, 1.294818713000041, 0.0 ], [ 103.839413250000064, 1.294818713000041, 0.0 ] ] ] } },
{ "type": "Feature", "properties": { "OID": 84, "Name": "Chiao Nan School", "FolderPath": "SG Chinese Schools (cleaned)", "SymbolID": 0, "AltMode": -1, "Base": 0.0, "Clamped": 0, "Extruded": 0, "Snippet": "", "PopupInfo": "拼音: <br>Address R3: 35 Sam Leong Road<br>Country: Singapore<br>创办时间公元 Opened Date:", "Shape_Length": 0.030619672000057108 }, "geometry": { "type": "MultiLineString", "coordinates": [ [ [ 103.852212061000046, 1.306302221000067, 0.0 ], [ 103.852212061000046, 1.312863579000066, 0.0 ], [ 103.860960539000075, 1.312863579000066, 0.0 ], [ 103.860960539000075, 1.306302221000067, 0.0 ], [ 103.852212061000046, 1.306302221000067, 0.0 ] ] ] } },
{ "type": "Feature", "properties": { "OID": 85, "Name": "Kong Hwa School", "FolderPath": "SG Chinese Schools (cleaned)", "SymbolID": 0, "AltMode": -1, "Base": 0.0, "Clamped": 0, "Extruded": 0, "Snippet": "", "PopupInfo": "拼音: Guānghuá Xuéxiào<br>Address R3: 350 Guillemard Road<br>Country: Singapore<br>创办时间公元 Opened Date: 1928", "Shape_Length": 0.030619595999951343 }, "geometry": { "type": "MultiLineString", "coordinates": [ [ [ 103.883799372000055, 1.307836829000053, 0.0 ], [ 103.883799372000055, 1.31439817100005, 0.0 ], [ 103.892547828000033, 1.31439817100005, 0.0 ], [ 103.892547828000033, 1.307836829000053, 0.0 ], [ 103.883799372000055, 1.307836829000053, 0.0 ] ] ] } },
{ "type": "Feature", "properties": { "OID": 86, "Name": "The Ch. Industrial & Commercial Continuation School", "FolderPath": "SG Chinese Schools (cleaned)", "SymbolID": 0, "AltMode": -1, "Base": 0.0, "Clamped": 0, "Extruded": 0, "Snippet": "", "PopupInfo": "拼音: Nányáng Gōngshāng Bǔxí Xuéxiào<br>Address R3: 350, Outram Road<br>Country: Singapore<br>创办时间公元 Opened Date: 1920", "Shape_Length": 0.030619903999991038 }, "geometry": { "type": "MultiLineString", "coordinates": [ [ [ 103.830732628000078, 1.283692296000027, 0.0 ], [ 103.830732628000078, 1.290253704000065, 0.0 ], [ 103.839481172000035, 1.290253704000065, 0.0 ], [ 103.839481172000035, 1.283692296000027, 0.0 ], [ 103.830732628000078, 1.283692296000027, 0.0 ] ] ] } },
{ "type": "Feature", "properties": { "OID": 87, "Name": "Tao Chiao School", "FolderPath": "SG Chinese Schools (cleaned)", "SymbolID": 0, "AltMode": -1, "Base": 0.0, "Clamped": 0, "Extruded": 0, "Snippet": "", "PopupInfo": "拼音: Dǎo Qiáo Xuéxiào<br>Address R3: 353 Kim Chuan Road<br>Country: Singapore<br>创办时间公元 Opened Date: 1937", "Shape_Length": 0.030619288000025335 }, "geometry": { "type": "MultiLineString", "coordinates": [ [ [ 103.884552816000053, 1.337832662000039, 0.0 ], [ 103.884552816000053, 1.344393938000053, 0.0 ], [ 103.893301184000052, 1.344393938000053, 0.0 ], [ 103.893301184000052, 1.337832662000039, 0.0 ], [ 103.884552816000053, 1.337832662000039, 0.0 ] ] ] } },
{ "type": "Feature", "properties": { "OID": 88, "Name": "Tai Wah Public School", "FolderPath": "SG Chinese Schools (cleaned)", "SymbolID": 0, "AltMode": -1, "Base": 0.0, "Clamped": 0, "Extruded": 0, "Snippet": "", "PopupInfo": "拼音: Dà Huá Xuéxiào<br>Address R3: 373-E, Alexandra Road<br>Country: Singapore<br>创办时间公元 Opened Date:", "Shape_Length": 0.030619903999877351 }, "geometry": { "type": "MultiLineString", "coordinates": [ [ [ 103.797746128000085, 1.281665396000051, 0.0 ], [ 103.797746128000085, 1.288226804000033, 0.0 ], [ 103.806494672000042, 1.288226804000033, 0.0 ], [ 103.806494672000042, 1.281665396000051, 0.0 ], [ 103.797746128000085, 1.281665396000051, 0.0 ] ] ] } },
{ "type": "Feature", "properties": { "OID": 89, "Name": "Mee Toh School", "FolderPath": "SG Chinese Schools (cleaned)", "SymbolID": 0, "AltMode": -1, "Base": 0.0, "Clamped": 0, "Extruded": 0, "Snippet": "", "PopupInfo": "拼音: Mítuó Xuéxiào<br>Address R3: 375 Race Course Road<br>Country: Singapore<br>创办时间公元 Opened Date:", "Shape_Length": 0.030619595999951343 }, "geometry": { "type": "MultiLineString", "coordinates": [ [ [ 103.852626772000065, 1.311809329000027, 0.0 ], [ 103.852626772000065, 1.318370671000025, 0.0 ], [ 103.861375228000043, 1.318370671000025, 0.0 ], [ 103.861375228000043, 1.311809329000027, 0.0 ], [ 103.852626772000065, 1.311809329000027, 0.0 ] ] ] } },
{ "type": "Feature", "properties": { "OID": 90, "Name": "Chong Sing School", "FolderPath": "SG Chinese Schools (cleaned)", "SymbolID": 0, "AltMode": -1, "Base": 0.0, "Clamped": 0, "Extruded": 0, "Snippet": "", "PopupInfo": "拼音: Zhōng Xīng Xuéxiào<br>Address R3: 375-25 Changi Road 14m.s.<br>Country: Singapore<br>创办时间公元 Opened Date: 1935", "Shape_Length": 0.030619519999959266 }, "geometry": { "type": "MultiLineString", "coordinates": [ [ [ 103.905958183000052, 1.315356137000038, 0.0 ], [ 103.905958183000052, 1.321917463000034, 0.0 ], [ 103.914706617000036, 1.321917463000034, 0.0 ], [ 103.914706617000036, 1.315356137000038, 0.0 ], [ 103.905958183000052, 1.315356137000038, 0.0 ] ] ] } },
{ "type": "Feature", "properties": { "OID": 91, "Name": "Yue Nerng School", "FolderPath": "SG Chinese Schools (cleaned)", "SymbolID": 0, "AltMode": -1, "Base": 0.0, "Clamped": 0, "Extruded": 0, "Snippet": "", "PopupInfo": "拼音: Yù Néng Xuéxiào<br>Address R3: 381-G Changi Road 8 3/4 m.s.<br>Country: Singapore<br>创办时间公元 Opened Date: 1932", "Shape_Length": 0.030619595999951343 }, "geometry": { "type": "MultiLineString", "coordinates": [ [ [ 103.894204672000058, 1.313087729000074, 0.0 ], [ 103.894204672000058, 1.319649071000072, 0.0 ], [ 103.902953128000036, 1.319649071000072, 0.0 ], [ 103.902953128000036, 1.313087729000074, 0.0 ], [ 103.894204672000058, 1.313087729000074, 0.0 ] ] ] } },
{ "type": "Feature", "properties": { "OID": 92, "Name": "Pei Hwa Public School", "FolderPath": "SG Chinese Schools (cleaned)", "SymbolID": 0, "AltMode": -1, "Base": 0.0, "Clamped": 0, "Extruded": 0, "Snippet": "", "PopupInfo": "拼音: Péi Huá Xuéxiào<br>Address R3: 383 Yio Chu Kang Road 10 m.s.<br>Country: Singapore<br>创办时间公元 Opened Date:", "Shape_Length": 0.030619055999977718 }, "geometry": { "type": "MultiLineString", "coordinates": [ [ [ 103.873244749000037, 1.351251987000069, 0.0 ], [ 103.873244749000037, 1.357813213000043, 0.0 ], [ 103.881993051000052, 1.357813213000043, 0.0 ], [ 103.881993051000052, 1.351251987000069, 0.0 ], [ 103.873244749000037, 1.351251987000069, 0.0 ] ] ] } },
{ "type": "Feature", "properties": { "OID": 93, "Name": "Tao Nan School", "FolderPath": "SG Chinese Schools (cleaned)", "SymbolID": 0, "AltMode": -1, "Base": 0.0, "Clamped": 0, "Extruded": 0, "Snippet": "", "PopupInfo": "拼音: Dào Nán Xuéxiào<br>Address R3: 39 Armenian Street<br>Country: Singapore<br>创办时间公元 Opened Date: 1907", "Shape_Length": 0.030619827999998961 }, "geometry": { "type": "MultiLineString", "coordinates": [ [ [ 103.844707239000059, 1.290989804000048, 0.0 ], [ 103.844707239000059, 1.297551196000029, 0.0 ], [ 103.853455761000077, 1.297551196000029, 0.0 ], [ 103.853455761000077, 1.290989804000048, 0.0 ], [ 103.844707239000059, 1.290989804000048, 0.0 ] ] ] } },
{ "type": "Feature", "properties": { "OID": 94, "Name": "Changi Public School", "FolderPath": "SG Chinese Schools (cleaned)", "SymbolID": 0, "AltMode": -1, "Base": 0.0, "Clamped": 0, "Extruded": 0, "Snippet": "", "PopupInfo": "拼音: Zhāng Yí Xuéxiào<br>Address R3: 393-A Changi Road， 9 m.s.<br>Country: Singapore<br>创办时间公元 Opened Date:", "Shape_Length": 0.030619519999959266 }, "geometry": { "type": "MultiLineString", "coordinates": [ [ [ 103.906152083000052, 1.315465137000047, 0.0 ], [ 103.906152083000052, 1.322026463000043, 0.0 ], [ 103.914900517000035, 1.322026463000043, 0.0 ], [ 103.914900517000035, 1.315465137000047, 0.0 ], [ 103.906152083000052, 1.315465137000047, 0.0 ] ] ] } },
{ "type": "Feature", "properties": { "OID": 95, "Name": "Cheong Nam School", "FolderPath": "SG Chinese Schools (cleaned)", "SymbolID": 0, "AltMode": -1, "Base": 0.0, "Clamped": 0, "Extruded": 0, "Snippet": "", "PopupInfo": "拼音: Zhōng Nán Xuéxiào<br>Address R3: 397-A Jalan Tua Kong<br>Country: Singapore<br>创办时间公元 Opened Date: 1931", "Shape_Length": 0.03061959600006503 }, "geometry": { "type": "MultiLineString", "coordinates": [ [ [ 103.921406372000035, 1.312330129000031, 0.0 ], [ 103.921406372000035, 1.318891471000029, 0.0 ], [ 103.93015482800007, 1.318891471000029, 0.0 ], [ 103.93015482800007, 1.312330129000031, 0.0 ], [ 103.921406372000035, 1.312330129000031, 0.0 ] ] ] } },
{ "type": "Feature", "properties": { "OID": 96, "Name": "Chwei Chiun Public School", "FolderPath": "SG Chinese Schools (cleaned)", "SymbolID": 0, "AltMode": -1, "Base": 0.0, "Clamped": 0, "Extruded": 0, "Snippet": "", "PopupInfo": "拼音: Cuì Qún Xuéxiào<br>Address R3: 398-B Kampong Bahru Road<br>Country: Singapore<br>创办时间公元 Opened Date:", "Shape_Length": 0.030620055999975193 }, "geometry": { "type": "MultiLineString", "coordinates": [ [ [ 103.824142006000045, 1.269603380000035, 0.0 ], [ 103.824142006000045, 1.27616482000002, 0.0 ], [ 103.832890594000048, 1.27616482000002, 0.0 ], [ 103.832890594000048, 1.269603380000035, 0.0 ], [ 103.824142006000045, 1.269603380000035, 0.0 ] ] ] } },
{ "type": "Feature", "properties": { "OID": 97, "Name": "Tau Eng Chinese School", "FolderPath": "SG Chinese Schools (cleaned)", "SymbolID": 0, "AltMode": -1, "Base": 0.0, "Clamped": 0, "Extruded": 0, "Snippet": "", "PopupInfo": "拼音: Táo Yīng Xuéxiào<br>Address R3: 4, Read  Street <br>Country: Singapore<br>创办时间公元 Opened Date: 1940", "Shape_Length": 0.030619903999991038 }, "geometry": { "type": "MultiLineString", "coordinates": [ [ [ 103.840504028000055, 1.285352896000063, 0.0 ], [ 103.840504028000055, 1.291914304000045, 0.0 ], [ 103.849252572000069, 1.291914304000045, 0.0 ], [ 103.849252572000069, 1.285352896000063, 0.0 ], [ 103.840504028000055, 1.285352896000063, 0.0 ] ] ] } },
{ "type": "Feature", "properties": { "OID": 98, "Name": "Sheng Hwa School", "FolderPath": "SG Chinese Schools (cleaned)", "SymbolID": 0, "AltMode": -1, "Base": 0.0, "Clamped": 0, "Extruded": 0, "Snippet": "", "PopupInfo": "拼音: Xǐng Huá Xuéxiào<br>Address R3: 40-42 Seah Street<br>Country: Singapore<br>创办时间公元 Opened Date: 1930", "Shape_Length": 0.030619827999998961 }, "geometry": { "type": "MultiLineString", "coordinates": [ [ [ 103.850564539000061, 1.292545604000054, 0.0 ], [ 103.850564539000061, 1.299106996000035, 0.0 ], [ 103.85931306100008, 1.299106996000035, 0.0 ], [ 103.85931306100008, 1.292545604000054, 0.0 ], [ 103.850564539000061, 1.292545604000054, 0.0 ] ] ] } },
{ "type": "Feature", "properties": { "OID": 99, "Name": "Chung Cheng High School", "FolderPath": "SG Chinese Schools (cleaned)", "SymbolID": 0, "AltMode": -1, "Base": 0.0, "Clamped": 0, "Extruded": 0, "Snippet": "", "PopupInfo": "拼音: Zhōngzhèng Zhòng Xué Zǒng Xiào<br>Address R3: 40-56 Goodman Road<br>Country: Singapore<br>创办时间公元 Opened Date:", "Shape_Length": 0.030619671999943421 }, "geometry": { "type": "MultiLineString", "coordinates": [ [ [ 103.887266461000081, 1.301227621000066, 0.0 ], [ 103.887266461000081, 1.307788979000065, 0.0 ], [ 103.896014939000054, 1.307788979000065, 0.0 ], [ 103.896014939000054, 1.301227621000066, 0.0 ], [ 103.887266461000081, 1.301227621000066, 0.0 ] ] ] } },
{ "type": "Feature", "properties": { "OID": 100, "Name": "Nong min School", "FolderPath": "SG Chinese Schools (cleaned)", "SymbolID": 0, "AltMode": -1, "Base": 0.0, "Clamped": 0, "Extruded": 0, "Snippet": "", "PopupInfo": "拼音: Nóngmín Gōng Xué<br>Address R3: 406-C Jalan Tiga Ratus, off Changi Road<br>Country: Singapore<br>创办时间公元 Opened Date: 1945", "Shape_Length": 0.030619288000025335 }, "geometry": { "type": "MultiLineString", "coordinates": [ [ [ 103.956779416000074, 1.337661962000027, 0.0 ], [ 103.956779416000074, 1.344223238000041, 0.0 ], [ 103.965527784000074, 1.344223238000041, 0.0 ], [ 103.965527784000074, 1.337661962000027, 0.0 ], [ 103.956779416000074, 1.337661962000027, 0.0 ] ] ] } },
{ "type": "Feature", "properties": { "OID": 101, "Name": "Lee Hua School", "FolderPath": "SG Chinese Schools (cleaned)", "SymbolID": 0, "AltMode": -1, "Base": 0.0, "Clamped": 0, "Extruded": 0, "Snippet": "", "PopupInfo": "拼音: Lì Huá Xuéxiào<br>Address R3: 406-N Yio Chu Kang Road 7 m.s.<br>Country: Singapore<br>创办时间公元 Opened Date: 1936", "Shape_Length": 0.030618672000059632 }, "geometry": { "type": "MultiLineString", "coordinates": [ [ [ 103.863224804000083, 1.385382728000025, 0.0 ], [ 103.863224804000083, 1.39194387200007, 0.0 ], [ 103.871972996000068, 1.39194387200007, 0.0 ], [ 103.871972996000068, 1.385382728000025, 0.0 ], [ 103.863224804000083, 1.385382728000025, 0.0 ] ] ] } },
{ "type": "Feature", "properties": { "OID": 102, "Name": "Naval Base Section School", "FolderPath": "SG Chinese Schools (cleaned)", "SymbolID": 0, "AltMode": -1, "Base": 0.0, "Clamped": 0, "Extruded": 0, "Snippet": "", "PopupInfo": "拼音: Mínzhòng Xuéxiào<br>Address R3: 407 Sembawang Rd. 14 1/2 m.s.<br>Country: Singapore<br>创办时间公元 Opened Date:", "Shape_Length": 0.030617756000083318 }, "geometry": { "type": "MultiLineString", "coordinates": [ [ [ 103.812656335000042, 1.450041226000053, 0.0 ], [ 103.812656335000042, 1.456602174000068, 0.0 ], [ 103.821404265000069, 1.456602174000068, 0.0 ], [ 103.821404265000069, 1.450041226000053, 0.0 ], [ 103.812656335000042, 1.450041226000053, 0.0 ] ] ] } },
{ "type": "Feature", "properties": { "OID": 103, "Name": "Choon Guan School", "FolderPath": "SG Chinese Schools (cleaned)", "SymbolID": 0, "AltMode": -1, "Base": 0.0, "Clamped": 0, "Extruded": 0, "Snippet": "", "PopupInfo": "拼音: Jùn Yuán Xuéxiào<br>Address R3: 42 Koon Seng Road<br>Country: Singapore<br>创办时间公元 Opened Date: 1924", "Shape_Length": 0.030619595999951343 }, "geometry": { "type": "MultiLineString", "coordinates": [ [ [ 103.898963872000081, 1.307434529000034, 0.0 ], [ 103.898963872000081, 1.313995871000031, 0.0 ], [ 103.907712328000059, 1.313995871000031, 0.0 ], [ 103.907712328000059, 1.307434529000034, 0.0 ], [ 103.898963872000081, 1.307434529000034, 0.0 ] ] ] } },
{ "type": "Feature", "properties": { "OID": 104, "Name": "Nan Shun School", "FolderPath": "SG Chinese Schools (cleaned)", "SymbolID": 0, "AltMode": -1, "Base": 0.0, "Clamped": 0, "Extruded": 0, "Snippet": "", "PopupInfo": "拼音: Nán Shùn Xuéxiào<br>Address R3: 42, North Canal Road<br>Country: Singapore<br>创办时间公元 Opened Date: 1931", "Shape_Length": 0.030619903999877351 }, "geometry": { "type": "MultiLineString", "coordinates": [ [ [ 103.842422728000088, 1.283846096000048, 0.0 ], [ 103.842422728000088, 1.290407504000029, 0.0 ], [ 103.851171272000045, 1.290407504000029, 0.0 ], [ 103.851171272000045, 1.283846096000048, 0.0 ], [ 103.842422728000088, 1.283846096000048, 0.0 ] ] ] } },
{ "type": "Feature", "properties": { "OID": 105, "Name": "Nanyang Tun Cheow School", "FolderPath": "SG Chinese Schools (cleaned)", "SymbolID": 0, "AltMode": -1, "Base": 0.0, "Clamped": 0, "Extruded": 0, "Snippet": "", "PopupInfo": "拼音: Dān Zhào Xuéxiào<br>Address R3: 43 Lorong 17, Geylang<br>Country: Singapore<br>创办时间公元 Opened Date: 1922", "Shape_Length": 0.03061959600006503 }, "geometry": { "type": "MultiLineString", "coordinates": [ [ [ 103.873614772000053, 1.31157132900006, 0.0 ], [ 103.873614772000053, 1.318132671000058, 0.0 ], [ 103.882363228000088, 1.318132671000058, 0.0 ], [ 103.882363228000088, 1.31157132900006, 0.0 ], [ 103.873614772000053, 1.31157132900006, 0.0 ] ] ] } },
{ "type": "Feature", "properties": { "OID": 106, "Name": "Khe Bong School", "FolderPath": "SG Chinese Schools (cleaned)", "SymbolID": 0, "AltMode": -1, "Base": 0.0, "Clamped": 0, "Extruded": 0, "Snippet": "", "PopupInfo": "拼音: Qǐméng Xuéxiào<br>Address R3: 43, Stanly Street<br>Country: Singapore<br>创办时间公元 Opened Date: 1921", "Shape_Length": 0.030619980000096803 }, "geometry": { "type": "MultiLineString", "coordinates": [ [ [ 103.844086117000074, 1.277726188000031, 0.0 ], [ 103.844086117000074, 1.284287612000071, 0.0 ], [ 103.852834683000083, 1.284287612000071, 0.0 ], [ 103.852834683000083, 1.277726188000031, 0.0 ], [ 103.844086117000074, 1.277726188000031, 0.0 ] ] ] } },
{ "type": "Feature", "properties": { "OID": 107, "Name": "Phei Min School", "FolderPath": "SG Chinese Schools (cleaned)", "SymbolID": 0, "AltMode": -1, "Base": 0.0, "Clamped": 0, "Extruded": 0, "Snippet": "", "PopupInfo": "拼音: Péi Mín Xuéxiào<br>Address R3: 436-N Yio Chu Kang Road  6 1/2 m.s.<br>Country: Singapore<br>创办时间公元 Opened Date: 1931", "Shape_Length": 0.030619056000091405 }, "geometry": { "type": "MultiLineString", "coordinates": [ [ [ 103.873322749000067, 1.350733087000037, 0.0 ], [ 103.873322749000067, 1.357294313000068, 0.0 ], [ 103.882071051000082, 1.357294313000068, 0.0 ], [ 103.882071051000082, 1.350733087000037, 0.0 ], [ 103.873322749000067, 1.350733087000037, 0.0 ] ] ] } },
{ "type": "Feature", "properties": { "OID": 108, "Name": "Fu Hua School", "FolderPath": "SG Chinese Schools (cleaned)", "SymbolID": 0, "AltMode": -1, "Base": 0.0, "Clamped": 0, "Extruded": 0, "Snippet": "", "PopupInfo": "拼音: Fǔ Huá Xuéxiào<br>Address R3: 44 Jurong Road, 15 1/2 m.s.<br>Country: Singapore<br>创办时间公元 Opened Date:", "Shape_Length": 0.030619519999959266 }, "geometry": { "type": "MultiLineString", "coordinates": [ [ [ 103.737241083000072, 1.317505037000046, 0.0 ], [ 103.737241083000072, 1.324066363000043, 0.0 ], [ 103.745989517000055, 1.324066363000043, 0.0 ], [ 103.745989517000055, 1.317505037000046, 0.0 ], [ 103.737241083000072, 1.317505037000046, 0.0 ] ] ] } },
{ "type": "Feature", "properties": { "OID": 109, "Name": "Meng Sang School", "FolderPath": "SG Chinese Schools (cleaned)", "SymbolID": 0, "AltMode": -1, "Base": 0.0, "Clamped": 0, "Extruded": 0, "Snippet": "", "PopupInfo": "拼音: Mínshēng Xuéxiào<br>Address R3: 442 Balestier Road<br>Country: Singapore<br>创办时间公元 Opened Date:", "Shape_Length": 0.030619443999967189 }, "geometry": { "type": "MultiLineString", "coordinates": [ [ [ 103.838485794000064, 1.323177345000033, 0.0 ], [ 103.838485794000064, 1.329738655000028, 0.0 ], [ 103.847234206000053, 1.329738655000028, 0.0 ], [ 103.847234206000053, 1.323177345000033, 0.0 ], [ 103.838485794000064, 1.323177345000033, 0.0 ] ] ] } },
{ "type": "Feature", "properties": { "OID": 110, "Name": "Hua Kiau School", "FolderPath": "SG Chinese Schools (cleaned)", "SymbolID": 0, "AltMode": -1, "Base": 0.0, "Clamped": 0, "Extruded": 0, "Snippet": "", "PopupInfo": "拼音: Huáqiáo Xuéxiào<br>Address R3: 450-H, Pasir Panjang Road<br>Country: Singapore<br>创办时间公元 Opened Date: 1923", "Shape_Length": 0.030619827999998961 }, "geometry": { "type": "MultiLineString", "coordinates": [ [ [ 103.765836139000044, 1.288345804000073, 0.0 ], [ 103.765836139000044, 1.294907196000054, 0.0 ], [ 103.774584661000063, 1.294907196000054, 0.0 ], [ 103.774584661000063, 1.288345804000073, 0.0 ], [ 103.765836139000044, 1.288345804000073, 0.0 ] ] ] } },
{ "type": "Feature", "properties": { "OID": 111, "Name": "Sam Foh School", "FolderPath": "SG Chinese Schools (cleaned)", "SymbolID": 0, "AltMode": -1, "Base": 0.0, "Clamped": 0, "Extruded": 0, "Snippet": "", "PopupInfo": "拼音: Sān Hé Xuéxiào<br>Address R3: 467 Beach Road<br>Country: Singapore<br>创办时间公元 Opened Date:", "Shape_Length": 0.030619748000049185 }, "geometry": { "type": "MultiLineString", "coordinates": [ [ [ 103.859641750000037, 1.299453913000036, 0.0 ], [ 103.859641750000037, 1.306015287000037, 0.0 ], [ 103.868390250000061, 1.306015287000037, 0.0 ], [ 103.868390250000061, 1.299453913000036, 0.0 ], [ 103.859641750000037, 1.299453913000036, 0.0 ] ] ] } },
{ "type": "Feature", "properties": { "OID": 112, "Name": "Seng Chi School", "FolderPath": "SG Chinese Schools (cleaned)", "SymbolID": 0, "AltMode": -1, "Base": 0.0, "Clamped": 0, "Extruded": 0, "Snippet": "", "PopupInfo": "拼音: Chéngzhì Xuéxiào<br>Address R3: 47 Lorong 27-A, Geylang<br>Country: Singapore<br>创办时间公元 Opened Date: 1934", "Shape_Length": 0.030619595999951343 }, "geometry": { "type": "MultiLineString", "coordinates": [ [ [ 103.879369072000088, 1.312161829000047, 0.0 ], [ 103.879369072000088, 1.318723171000045, 0.0 ], [ 103.888117528000066, 1.318723171000045, 0.0 ], [ 103.888117528000066, 1.312161829000047, 0.0 ], [ 103.879369072000088, 1.312161829000047, 0.0 ] ] ] } },
{ "type": "Feature", "properties": { "OID": 113, "Name": "Hai Seng Girls' High School", "FolderPath": "SG Chinese Schools (cleaned)", "SymbolID": 0, "AltMode": -1, "Base": 0.0, "Clamped": 0, "Extruded": 0, "Snippet": "", "PopupInfo": "拼音: Hǎixīng Nǚ Zhōng<br>Address R3: 483 Upper Serangoon Road 7 1/4 m.s.<br>Country: Singapore<br>创办时间公元 Opened Date:", "Shape_Length": 0.030619287999911649 }, "geometry": { "type": "MultiLineString", "coordinates": [ [ [ 103.864631316000043, 1.333923662000075, 0.0 ], [ 103.864631316000043, 1.340484938000031, 0.0 ], [ 103.873379684000042, 1.340484938000031, 0.0 ], [ 103.873379684000042, 1.333923662000075, 0.0 ], [ 103.864631316000043, 1.333923662000075, 0.0 ] ] ] } },
{ "type": "Feature", "properties": { "OID": 114, "Name": "Sam Kiang School", "FolderPath": "SG Chinese Schools (cleaned)", "SymbolID": 0, "AltMode": -1, "Base": 0.0, "Clamped": 0, "Extruded": 0, "Snippet": "", "PopupInfo": "拼音: Sānjiāng Xuéxiào<br>Address R3: 5, St. Thomas Walk<br>Country: Singapore<br>创办时间公元 Opened Date:", "Shape_Length": 0.030619827999998961 }, "geometry": { "type": "MultiLineString", "coordinates": [ [ [ 103.831313439000041, 1.29399830400007, 0.0 ], [ 103.831313439000041, 1.30055969600005, 0.0 ], [ 103.84006196100006, 1.30055969600005, 0.0 ], [ 103.84006196100006, 1.29399830400007, 0.0 ], [ 103.831313439000041, 1.29399830400007, 0.0 ] ] ] } },
{ "type": "Feature", "properties": { "OID": 115, "Name": "Maha Bodhi School", "FolderPath": "SG Chinese Schools (cleaned)", "SymbolID": 0, "AltMode": -1, "Base": 0.0, "Clamped": 0, "Extruded": 0, "Snippet": "", "PopupInfo": "拼音: Pútí Xuéxiào<br>Address R3: 50 Lorong 34, Geylang<br>Country: Singapore<br>创办时间公元 Opened Date:", "Shape_Length": 0.030619595999951343 }, "geometry": { "type": "MultiLineString", "coordinates": [ [ [ 103.883712672000058, 1.308482429000037, 0.0 ], [ 103.883712672000058, 1.315043771000035, 0.0 ], [ 103.892461128000036, 1.315043771000035, 0.0 ], [ 103.892461128000036, 1.308482429000037, 0.0 ], [ 103.883712672000058, 1.308482429000037, 0.0 ] ] ] } },
{ "type": "Feature", "properties": { "OID": 116, "Name": "Thomson Govt. Ch. Mid. School", "FolderPath": "SG Chinese Schools (cleaned)", "SymbolID": 0, "AltMode": -1, "Base": 0.0, "Clamped": 0, "Extruded": 0, "Snippet": "", "PopupInfo": "拼音: Dé Xīn Zhèngfǔ Huáwén Zhōngxué<br>Address R3: 500 Thomson Road<br>Country: Singapore<br>创办时间公元 Opened Date:", "Shape_Length": 0.0306193640001311 }, "geometry": { "type": "MultiLineString", "coordinates": [ [ [ 103.835466405000034, 1.328191954000033, 0.0 ], [ 103.835466405000034, 1.334753246000048, 0.0 ], [ 103.844214795000084, 1.334753246000048, 0.0 ], [ 103.844214795000084, 1.328191954000033, 0.0 ], [ 103.835466405000034, 1.328191954000033, 0.0 ] ] ] } },
{ "type": "Feature", "properties": { "OID": 117, "Name": "Chin Hua School", "FolderPath": "SG Chinese Schools (cleaned)", "SymbolID": 0, "AltMode": -1, "Base": 0.0, "Clamped": 0, "Extruded": 0, "Snippet": "", "PopupInfo": "拼音: Jìnhuà Xuéxiào<br>Address R3: 503-A Changi Road<br>Country: Singapore<br>创办时间公元 Opened Date: 1941", "Shape_Length": 0.030619520000072953 }, "geometry": { "type": "MultiLineString", "coordinates": [ [ [ 103.909936783000035, 1.316392337000025, 0.0 ], [ 103.909936783000035, 1.322953663000021, 0.0 ], [ 103.918685217000075, 1.322953663000021, 0.0 ], [ 103.918685217000075, 1.316392337000025, 0.0 ], [ 103.909936783000035, 1.316392337000025, 0.0 ] ] ] } },
{ "type": "Feature", "properties": { "OID": 118, "Name": "Chong Hwa School", "FolderPath": "SG Chinese Schools (cleaned)", "SymbolID": 0, "AltMode": -1, "Base": 0.0, "Clamped": 0, "Extruded": 0, "Snippet": "", "PopupInfo": "拼音: Zhōnghuá Gōng Xué<br>Address R3: 507-1 Plantation Avenue<br>Country: Singapore<br>创办时间公元 Opened Date:", "Shape_Length": 0.030619055999864031 }, "geometry": { "type": "MultiLineString", "coordinates": [ [ [ 103.868861049000088, 1.35579868700006, 0.0 ], [ 103.868861049000088, 1.362359913000034, 0.0 ], [ 103.877609351000046, 1.362359913000034, 0.0 ], [ 103.877609351000046, 1.35579868700006, 0.0 ], [ 103.868861049000088, 1.35579868700006, 0.0 ] ] ] } },
{ "type": "Feature", "properties": { "OID": 119, "Name": "Chung Kuo Kung Hsieh", "FolderPath": "SG Chinese Schools (cleaned)", "SymbolID": 0, "AltMode": -1, "Base": 0.0, "Clamped": 0, "Extruded": 0, "Snippet": "", "PopupInfo": "拼音: Zhōngguó Gōng Xué<br>Address R3: 511 Serangoon Road<br>Country: Singapore<br>创办时间公元 Opened Date: 1945", "Shape_Length": 0.03061959600006503 }, "geometry": { "type": "MultiLineString", "coordinates": [ [ [ 103.852965672000039, 1.31134232900007, 0.0 ], [ 103.852965672000039, 1.317903671000067, 0.0 ], [ 103.861714128000074, 1.317903671000067, 0.0 ], [ 103.861714128000074, 1.31134232900007, 0.0 ], [ 103.852965672000039, 1.31134232900007, 0.0 ] ] ] } },
{ "type": "Feature", "properties": { "OID": 120, "Name": "Nanyang Girls' High School", "FolderPath": "SG Chinese Schools (cleaned)", "SymbolID": 0, "AltMode": -1, "Base": 0.0, "Clamped": 0, "Extruded": 0, "Snippet": "", "PopupInfo": "拼音: Nányáng Nǚzǐ Zhōng Xiǎoxuéxiào <br>Address R3: 52 King's Road<br>Country: Singapore<br>创办时间公元 Opened Date:", "Shape_Length": 0.030619519999959266 }, "geometry": { "type": "MultiLineString", "coordinates": [ [ [ 103.803772783000056, 1.317662337000058, 0.0 ], [ 103.803772783000056, 1.324223663000055, 0.0 ], [ 103.81252121700004, 1.324223663000055, 0.0 ], [ 103.81252121700004, 1.317662337000058, 0.0 ], [ 103.803772783000056, 1.317662337000058, 0.0 ] ] ] } },
{ "type": "Feature", "properties": { "OID": 121, "Name": "Ming Sin School", "FolderPath": "SG Chinese Schools (cleaned)", "SymbolID": 0, "AltMode": -1, "Base": 0.0, "Clamped": 0, "Extruded": 0, "Snippet": "", "PopupInfo": "拼音: Míng Xīn Xuéxiào<br>Address R3: 53 Wolskel Road<br>Country: Singapore<br>创办时间公元 Opened Date:", "Shape_Length": 0.030619212000033258 }, "geometry": { "type": "MultiLineString", "coordinates": [ [ [ 103.865500827000062, 1.343606470000054, 0.0 ], [ 103.865500827000062, 1.350167730000067, 0.0 ], [ 103.874249173000067, 1.350167730000067, 0.0 ], [ 103.874249173000067, 1.343606470000054, 0.0 ], [ 103.865500827000062, 1.343606470000054, 0.0 ] ] ] } },
{ "type": "Feature", "properties": { "OID": 122, "Name": "Li Sun High School", "FolderPath": "SG Chinese Schools (cleaned)", "SymbolID": 0, "AltMode": -1, "Base": 0.0, "Clamped": 0, "Extruded": 0, "Snippet": "", "PopupInfo": "拼音: Lǐ Xùn Xuéxiào<br>Address R3: 53 Wolskel Road<br>Country: Singapore<br>创办时间公元 Opened Date:", "Shape_Length": 0.030619212000033258 }, "geometry": { "type": "MultiLineString", "coordinates": [ [ [ 103.865500827000062, 1.343606470000054, 0.0 ], [ 103.865500827000062, 1.350167730000067, 0.0 ], [ 103.874249173000067, 1.350167730000067, 0.0 ], [ 103.874249173000067, 1.343606470000054, 0.0 ], [ 103.865500827000062, 1.343606470000054, 0.0 ] ] ] } },
{ "type": "Feature", "properties": { "OID": 123, "Name": "Nan Hwa Girls' High School (Branch)", "FolderPath": "SG Chinese Schools (cleaned)", "SymbolID": 0, "AltMode": -1, "Base": 0.0, "Clamped": 0, "Extruded": 0, "Snippet": "", "PopupInfo": "拼音: Nánhuá Nǚzǐ Zhōngxué Fēnxiào<br>Address R3: 54 Bencoolen Street<br>Country: Singapore<br>创办时间公元 Opened Date:", "Shape_Length": 0.030619747999935498 }, "geometry": { "type": "MultiLineString", "coordinates": [ [ [ 103.846315950000076, 1.296010213000045, 0.0 ], [ 103.846315950000076, 1.302571587000045, 0.0 ], [ 103.855064450000043, 1.302571587000045, 0.0 ], [ 103.855064450000043, 1.296010213000045, 0.0 ], [ 103.846315950000076, 1.296010213000045, 0.0 ] ] ] } },
{ "type": "Feature", "properties": { "OID": 124, "Name": "Kai Sou School", "FolderPath": "SG Chinese Schools (cleaned)", "SymbolID": 0, "AltMode": -1, "Base": 0.0, "Clamped": 0, "Extruded": 0, "Snippet": "", "PopupInfo": "拼音: Qǐ Xiù Xuéxiào<br>Address R3: 56 Somme Road<br>Country: Singapore<br>创办时间公元 Opened Date: 1932", "Shape_Length": 0.030619595999951343 }, "geometry": { "type": "MultiLineString", "coordinates": [ [ [ 103.85391177200006, 1.307912729000066, 0.0 ], [ 103.85391177200006, 1.314474071000063, 0.0 ], [ 103.862660228000038, 1.314474071000063, 0.0 ], [ 103.862660228000038, 1.307912729000066, 0.0 ], [ 103.85391177200006, 1.307912729000066, 0.0 ] ] ] } },
{ "type": "Feature", "properties": { "OID": 125, "Name": "Chong Hwa Girls' High Sch. (Brch).", "FolderPath": "SG Chinese Schools (cleaned)", "SymbolID": 0, "AltMode": -1, "Base": 0.0, "Clamped": 0, "Extruded": 0, "Snippet": "", "PopupInfo": "拼音: <br>Address R3: 57 Niven Road<br>Country: Singapore<br>创办时间公元 Opened Date:", "Shape_Length": 0.030619748000049185 }, "geometry": { "type": "MultiLineString", "coordinates": [ [ [ 103.845184050000057, 1.300432513000032, 0.0 ], [ 103.845184050000057, 1.306993887000033, 0.0 ], [ 103.853932550000081, 1.306993887000033, 0.0 ], [ 103.853932550000081, 1.300432513000032, 0.0 ], [ 103.845184050000057, 1.300432513000032, 0.0 ] ] ] } },
{ "type": "Feature", "properties": { "OID": 126, "Name": "Nan Chiow Public School", "FolderPath": "SG Chinese Schools (cleaned)", "SymbolID": 0, "AltMode": -1, "Base": 0.0, "Clamped": 0, "Extruded": 0, "Snippet": "", "PopupInfo": "拼音: Nán Qiáo Gōng Xué<br>Address R3: 59 Lorong 23, Geylang<br>Country: Singapore<br>创办时间公元 Opened Date: 1946", "Shape_Length": 0.030619595999951343 }, "geometry": { "type": "MultiLineString", "coordinates": [ [ [ 103.876869972000065, 1.312171229000057, 0.0 ], [ 103.876869972000065, 1.318732571000055, 0.0 ], [ 103.885618428000043, 1.318732571000055, 0.0 ], [ 103.885618428000043, 1.312171229000057, 0.0 ], [ 103.876869972000065, 1.312171229000057, 0.0 ] ] ] } },
{ "type": "Feature", "properties": { "OID": 127, "Name": "Lee Teck School", "FolderPath": "SG Chinese Schools (cleaned)", "SymbolID": 0, "AltMode": -1, "Base": 0.0, "Clamped": 0, "Extruded": 0, "Snippet": "", "PopupInfo": "拼音: Lì Dé Xuéxiào<br>Address R3: 595, Sembawang Rd. 12 m.s.<br>Country: Singapore<br>创办时间公元 Opened Date:", "Shape_Length": 0.030617983999832177 }, "geometry": { "type": "MultiLineString", "coordinates": [ [ [ 103.82001590200008, 1.437395502000072, 0.0 ], [ 103.82001590200008, 1.443956498000034, 0.0 ], [ 103.828763898000034, 1.443956498000034, 0.0 ], [ 103.828763898000034, 1.437395502000072, 0.0 ], [ 103.82001590200008, 1.437395502000072, 0.0 ] ] ] } },
{ "type": "Feature", "properties": { "OID": 128, "Name": "Chung Cheng High Sch., (Branch)", "FolderPath": "SG Chinese Schools (cleaned)", "SymbolID": 0, "AltMode": -1, "Base": 0.0, "Clamped": 0, "Extruded": 0, "Snippet": "", "PopupInfo": "拼音: Zhōngzhèng Zhòngxué Fēnxiào<br>Address R3: 60, Kim Yam Road<br>Country: Singapore<br>创办时间公元 Opened Date:", "Shape_Length": 0.030619827999998961 }, "geometry": { "type": "MultiLineString", "coordinates": [ [ [ 103.835440039000048, 1.289556004000076, 0.0 ], [ 103.835440039000048, 1.296117396000056, 0.0 ], [ 103.844188561000067, 1.296117396000056, 0.0 ], [ 103.844188561000067, 1.289556004000076, 0.0 ], [ 103.835440039000048, 1.289556004000076, 0.0 ] ] ] } },
{ "type": "Feature", "properties": { "OID": 129, "Name": "Anglicann High School", "FolderPath": "SG Chinese Schools (cleaned)", "SymbolID": 0, "AltMode": -1, "Base": 0.0, "Clamped": 0, "Extruded": 0, "Snippet": "", "PopupInfo": "拼音: <br>Address R3: 600 Upper Serangoon Road 8 1/4 m.s.<br>Country: Singapore<br>创办时间公元 Opened Date:", "Shape_Length": 0.030619136000041181 }, "geometry": { "type": "MultiLineString", "coordinates": [ [ [ 103.869393838000065, 1.346224378000045, 0.0 ], [ 103.869393838000065, 1.352785622000056, 0.0 ], [ 103.878142162000074, 1.352785622000056, 0.0 ], [ 103.878142162000074, 1.346224378000045, 0.0 ], [ 103.869393838000065, 1.346224378000045, 0.0 ] ] ] } },
{ "type": "Feature", "properties": { "OID": 130, "Name": "Boo Teck School", "FolderPath": "SG Chinese Schools (cleaned)", "SymbolID": 0, "AltMode": -1, "Base": 0.0, "Clamped": 0, "Extruded": 0, "Snippet": "", "PopupInfo": "拼音: Wǔ Dé Xuéxiào<br>Address R3: 63 Beatty Road<br>Country: Singapore<br>创办时间公元 Opened Date:", "Shape_Length": 0.03061959600006503 }, "geometry": { "type": "MultiLineString", "coordinates": [ [ [ 103.854189772000041, 1.310544329000038, 0.0 ], [ 103.854189772000041, 1.317105671000036, 0.0 ], [ 103.862938228000075, 1.317105671000036, 0.0 ], [ 103.862938228000075, 1.310544329000038, 0.0 ], [ 103.854189772000041, 1.310544329000038, 0.0 ] ] ] } },
{ "type": "Feature", "properties": { "OID": 131, "Name": "Chiang Teck School", "FolderPath": "SG Chinese Schools (cleaned)", "SymbolID": 0, "AltMode": -1, "Base": 0.0, "Clamped": 0, "Extruded": 0, "Snippet": "", "PopupInfo": "拼音: Zhāng Dé Xuéxiào<br>Address R3: 64, Silat Road<br>Country: Singapore<br>创办时间公元 Opened Date: 1923", "Shape_Length": 0.030620055999975193 }, "geometry": { "type": "MultiLineString", "coordinates": [ [ [ 103.824150406000058, 1.273696180000059, 0.0 ], [ 103.824150406000058, 1.280257620000043, 0.0 ], [ 103.832898994000061, 1.280257620000043, 0.0 ], [ 103.832898994000061, 1.273696180000059, 0.0 ], [ 103.824150406000058, 1.273696180000059, 0.0 ] ] ] } },
{ "type": "Feature", "properties": { "OID": 132, "Name": "Nong Chong School", "FolderPath": "SG Chinese Schools (cleaned)", "SymbolID": 0, "AltMode": -1, "Base": 0.0, "Clamped": 0, "Extruded": 0, "Snippet": "", "PopupInfo": "拼音: Nóngcūn Xuéxiào<br>Address R3: 644 Yio Chu Kang Road <br>Country: Singapore<br>创办时间公元 Opened Date:", "Shape_Length": 0.030618980000099327 }, "geometry": { "type": "MultiLineString", "coordinates": [ [ [ 103.869117760000051, 1.35955459500002, 0.0 ], [ 103.869117760000051, 1.366115805000049, 0.0 ], [ 103.877866040000072, 1.366115805000049, 0.0 ], [ 103.877866040000072, 1.35955459500002, 0.0 ], [ 103.869117760000051, 1.35955459500002, 0.0 ] ] ] } },
{ "type": "Feature", "properties": { "OID": 133, "Name": "Yock Eng High School", "FolderPath": "SG Chinese Schools (cleaned)", "SymbolID": 0, "AltMode": -1, "Base": 0.0, "Clamped": 0, "Extruded": 0, "Snippet": "", "PopupInfo": "拼音: Yùyīng Zhōngxué<br>Address R3: 65 Tanjong Katong, Road<br>Country: Singapore<br>创办时间公元 Opened Date: 1910", "Shape_Length": 0.03061959600006503 }, "geometry": { "type": "MultiLineString", "coordinates": [ [ [ 103.890154772000074, 1.310303329000021, 0.0 ], [ 103.890154772000074, 1.316864671000076, 0.0 ], [ 103.898903228000052, 1.316864671000076, 0.0 ], [ 103.898903228000052, 1.310303329000021, 0.0 ], [ 103.890154772000074, 1.310303329000021, 0.0 ] ] ] } },
{ "type": "Feature", "properties": { "OID": 134, "Name": "Dunman Govt. Ch. Middle School", "FolderPath": "SG Chinese Schools (cleaned)", "SymbolID": 0, "AltMode": -1, "Base": 0.0, "Clamped": 0, "Extruded": 0, "Snippet": "", "PopupInfo": "拼音: Dé Míng Zhèngfǔ Huáwén Zhōngxué<br>Address R3: 650 Dunman Road<br>Country: Singapore<br>创办时间公元 Opened Date:", "Shape_Length": 0.030619671999943421 }, "geometry": { "type": "MultiLineString", "coordinates": [ [ [ 103.89355166100006, 1.306228521000037, 0.0 ], [ 103.89355166100006, 1.312789879000036, 0.0 ], [ 103.902300139000033, 1.312789879000036, 0.0 ], [ 103.902300139000033, 1.306228521000037, 0.0 ], [ 103.89355166100006, 1.306228521000037, 0.0 ] ] ] } },
{ "type": "Feature", "properties": { "OID": 135, "Name": "Bedok Chong Wah Public School", "FolderPath": "SG Chinese Schools (cleaned)", "SymbolID": 0, "AltMode": -1, "Base": 0.0, "Clamped": 0, "Extruded": 0, "Snippet": "", "PopupInfo": "拼音: Zhōnghuá Gōng Xué<br>Address R3: 655Koh Sek Lim Road <br>Country: Singapore<br>创办时间公元 Opened Date:", "Shape_Length": 0.030619443999967189 }, "geometry": { "type": "MultiLineString", "coordinates": [ [ [ 103.952162094000073, 1.325510345000055, 0.0 ], [ 103.952162094000073, 1.33207165500005, 0.0 ], [ 103.960910506000062, 1.33207165500005, 0.0 ], [ 103.960910506000062, 1.325510345000055, 0.0 ], [ 103.952162094000073, 1.325510345000055, 0.0 ] ] ] } },
{ "type": "Feature", "properties": { "OID": 136, "Name": "Sing khow School", "FolderPath": "SG Chinese Schools (cleaned)", "SymbolID": 0, "AltMode": -1, "Base": 0.0, "Clamped": 0, "Extruded": 0, "Snippet": "", "PopupInfo": "拼音: Xǐng Qiáo Xuéxiào<br>Address R3: 65-C Thomson Road<br>Country: Singapore<br>创办时间公元 Opened Date:", "Shape_Length": 0.030619595999951343 }, "geometry": { "type": "MultiLineString", "coordinates": [ [ [ 103.840689472000065, 1.312281129000041, 0.0 ], [ 103.840689472000065, 1.318842471000039, 0.0 ], [ 103.849437928000043, 1.318842471000039, 0.0 ], [ 103.849437928000043, 1.312281129000041, 0.0 ], [ 103.840689472000065, 1.312281129000041, 0.0 ] ] ] } },
{ "type": "Feature", "properties": { "OID": 137, "Name": "Kheng Cheng School", "FolderPath": "SG Chinese Schools (cleaned)", "SymbolID": 0, "AltMode": -1, "Base": 0.0, "Clamped": 0, "Extruded": 0, "Snippet": "", "PopupInfo": "拼音: Qíng Qīng Xuéxiào<br>Address R3: 6-6A Derbyshire Road<br>Country: Singapore<br>创办时间公元 Opened Date: 1928", "Shape_Length": 0.030619595999951343 }, "geometry": { "type": "MultiLineString", "coordinates": [ [ [ 103.841445572000055, 1.312693229000047, 0.0 ], [ 103.841445572000055, 1.319254571000045, 0.0 ], [ 103.850194028000033, 1.319254571000045, 0.0 ], [ 103.850194028000033, 1.312693229000047, 0.0 ], [ 103.841445572000055, 1.312693229000047, 0.0 ] ] ] } },
{ "type": "Feature", "properties": { "OID": 138, "Name": "Yeung Chin School", "FolderPath": "SG Chinese Schools (cleaned)", "SymbolID": 0, "AltMode": -1, "Base": 0.0, "Clamped": 0, "Extruded": 0, "Snippet": "", "PopupInfo": "拼音: Yǎng Zhèng Xuéxiào<br>Address R3: 67, Club Street<br>Country: Singapore<br>创办时间公元 Opened Date: 1906", "Shape_Length": 0.030619979999983116 }, "geometry": { "type": "MultiLineString", "coordinates": [ [ [ 103.841867117000049, 1.278223788000048, 0.0 ], [ 103.841867117000049, 1.284785212000031, 0.0 ], [ 103.850615683000058, 1.284785212000031, 0.0 ], [ 103.850615683000058, 1.278223788000048, 0.0 ], [ 103.841867117000049, 1.278223788000048, 0.0 ] ] ] } },
{ "type": "Feature", "properties": { "OID": 139, "Name": "Chinese High School", "FolderPath": "SG Chinese Schools (cleaned)", "SymbolID": 0, "AltMode": -1, "Base": 0.0, "Clamped": 0, "Extruded": 0, "Snippet": "", "PopupInfo": "拼音: Huáqiáo Zhōngxué <br>Address R3: 673 Bukit Timah Road<br>Country: Singapore<br>创办时间公元 Opened Date:", "Shape_Length": 0.030619443999967189 }, "geometry": { "type": "MultiLineString", "coordinates": [ [ [ 103.797027794000087, 1.324286345000075, 0.0 ], [ 103.797027794000087, 1.330847655000071, 0.0 ], [ 103.805776206000075, 1.330847655000071, 0.0 ], [ 103.805776206000075, 1.324286345000075, 0.0 ], [ 103.797027794000087, 1.324286345000075, 0.0 ] ] ] } },
{ "type": "Feature", "properties": { "OID": 140, "Name": "Happy School", "FolderPath": "SG Chinese Schools (cleaned)", "SymbolID": 0, "AltMode": -1, "Base": 0.0, "Clamped": 0, "Extruded": 0, "Snippet": "", "PopupInfo": "拼音: Kuài Yuè Xuéxiào<br>Address R3: 67-69 Lorong 14, Geylang<br>Country: Singapore<br>创办时间公元 Opened Date:", "Shape_Length": 0.030619672000170794 }, "geometry": { "type": "MultiLineString", "coordinates": [ [ [ 103.875101161000032, 1.30685212100002, 0.0 ], [ 103.875101161000032, 1.313413479000076, 0.0 ], [ 103.883849639000061, 1.313413479000076, 0.0 ], [ 103.883849639000061, 1.30685212100002, 0.0 ], [ 103.875101161000032, 1.30685212100002, 0.0 ] ] ] } },
{ "type": "Feature", "properties": { "OID": 141, "Name": "Lian Wah School", "FolderPath": "SG Chinese Schools (cleaned)", "SymbolID": 0, "AltMode": -1, "Base": 0.0, "Clamped": 0, "Extruded": 0, "Snippet": "", "PopupInfo": "拼音: Lián Huá Xuéxiào <br>Address R3: 70 Duchess Road<br>Country: Singapore<br>创办时间公元 Opened Date:", "Shape_Length": 0.030619443999967189 }, "geometry": { "type": "MultiLineString", "coordinates": [ [ [ 103.802791994000074, 1.320017045000043, 0.0 ], [ 103.802791994000074, 1.326578355000038, 0.0 ], [ 103.811540406000063, 1.326578355000038, 0.0 ], [ 103.811540406000063, 1.320017045000043, 0.0 ], [ 103.802791994000074, 1.320017045000043, 0.0 ] ] ] } },
{ "type": "Feature", "properties": { "OID": 142, "Name": "Keng Seng School", "FolderPath": "SG Chinese Schools (cleaned)", "SymbolID": 0, "AltMode": -1, "Base": 0.0, "Clamped": 0, "Extruded": 0, "Snippet": "", "PopupInfo": "拼音: Gēngshēng Xuéxiào<br>Address R3: 71-M, Henderson Road<br>Country: Singapore<br>创办时间公元 Opened Date: 1945", "Shape_Length": 0.030619903999991038 }, "geometry": { "type": "MultiLineString", "coordinates": [ [ [ 103.817627228000049, 1.283165096000062, 0.0 ], [ 103.817627228000049, 1.289726504000043, 0.0 ], [ 103.826375772000063, 1.289726504000043, 0.0 ], [ 103.826375772000063, 1.283165096000062, 0.0 ], [ 103.817627228000049, 1.283165096000062, 0.0 ] ] ] } },
{ "type": "Feature", "properties": { "OID": 143, "Name": "New Citizen School", "FolderPath": "SG Chinese Schools (cleaned)", "SymbolID": 0, "AltMode": -1, "Base": 0.0, "Clamped": 0, "Extruded": 0, "Snippet": "", "PopupInfo": "拼音: Xīnmín Xuéxiào<br>Address R3: 75 Jalan Eunos<br>Country: Singapore<br>创办时间公元 Opened Date:", "Shape_Length": 0.030619520000072953 }, "geometry": { "type": "MultiLineString", "coordinates": [ [ [ 103.901008183000044, 1.319165837000071, 0.0 ], [ 103.901008183000044, 1.325727163000067, 0.0 ], [ 103.909756617000085, 1.325727163000067, 0.0 ], [ 103.909756617000085, 1.319165837000071, 0.0 ], [ 103.901008183000044, 1.319165837000071, 0.0 ] ] ] } },
{ "type": "Feature", "properties": { "OID": 144, "Name": "Shin Min School", "FolderPath": "SG Chinese Schools (cleaned)", "SymbolID": 0, "AltMode": -1, "Base": 0.0, "Clamped": 0, "Extruded": 0, "Snippet": "", "PopupInfo": "拼音: Xīnmín Xuéxiào<br>Address R3: 76-1, Thomson Road, 5 1/2 m.s.<br>Country: Singapore<br>创办时间公元 Opened Date: 1945", "Shape_Length": 0.030619595999951343 }, "geometry": { "type": "MultiLineString", "coordinates": [ [ [ 103.840687772000081, 1.312285829000075, 0.0 ], [ 103.840687772000081, 1.318847171000073, 0.0 ], [ 103.849436228000059, 1.318847171000073, 0.0 ], [ 103.849436228000059, 1.312285829000075, 0.0 ], [ 103.840687772000081, 1.312285829000075, 0.0 ] ] ] } },
{ "type": "Feature", "properties": { "OID": 145, "Name": "Red Swastika School", "FolderPath": "SG Chinese Schools (cleaned)", "SymbolID": 0, "AltMode": -1, "Base": 0.0, "Clamped": 0, "Extruded": 0, "Snippet": "", "PopupInfo": "拼音: Wàn Cí Xuéxiào<br>Address R3: 786-43 Somapah Road<br>Country: Singapore<br>创办时间公元 Opened Date:", "Shape_Length": 0.030619288000025335 }, "geometry": { "type": "MultiLineString", "coordinates": [ [ [ 103.958949116000042, 1.336434862000033, 0.0 ], [ 103.958949116000042, 1.342996138000046, 0.0 ], [ 103.967697484000041, 1.342996138000046, 0.0 ], [ 103.967697484000041, 1.336434862000033, 0.0 ], [ 103.958949116000042, 1.336434862000033, 0.0 ] ] ] } },
{ "type": "Feature", "properties": { "OID": 146, "Name": "Hong San School", "FolderPath": "SG Chinese Schools (cleaned)", "SymbolID": 0, "AltMode": -1, "Base": 0.0, "Clamped": 0, "Extruded": 0, "Snippet": "", "PopupInfo": "拼音: Fèng Shān Xuéxiào<br>Address R3: 787 Lorong Tai Seng<br>Country: Singapore<br>创办时间公元 Opened Date: 1945", "Shape_Length": 0.030619288000025335 }, "geometry": { "type": "MultiLineString", "coordinates": [ [ [ 103.885259016000077, 1.334886462000043, 0.0 ], [ 103.885259016000077, 1.341447738000056, 0.0 ], [ 103.894007384000076, 1.341447738000056, 0.0 ], [ 103.894007384000076, 1.334886462000043, 0.0 ], [ 103.885259016000077, 1.334886462000043, 0.0 ] ] ] } },
{ "type": "Feature", "properties": { "OID": 147, "Name": "Tong Chai Chinese-English School", "FolderPath": "SG Chinese Schools (cleaned)", "SymbolID": 0, "AltMode": -1, "Base": 0.0, "Clamped": 0, "Extruded": 0, "Snippet": "", "PopupInfo": "拼音: Dòng Cái Yīnghàn Xuéxiào<br>Address R3: 8 Fowlie Road<br>Country: Singapore<br>创办时间公元 Opened Date:", "Shape_Length": 0.030619671999943421 }, "geometry": { "type": "MultiLineString", "coordinates": [ [ [ 103.898630661000084, 1.303592321000053, 0.0 ], [ 103.898630661000084, 1.310153679000052, 0.0 ], [ 103.907379139000057, 1.310153679000052, 0.0 ], [ 103.907379139000057, 1.303592321000053, 0.0 ], [ 103.898630661000084, 1.303592321000053, 0.0 ] ] ] } },
{ "type": "Feature", "properties": { "OID": 148, "Name": "St. Teresa's Sino. English School", "FolderPath": "SG Chinese Schools (cleaned)", "SymbolID": 0, "AltMode": -1, "Base": 0.0, "Clamped": 0, "Extruded": 0, "Snippet": "", "PopupInfo": "拼音: Shèng Dé Lēi Sā Huá Yīng Xuéxiào<br>Address R3: 801, Margaret Drive<br>Country: Singapore<br>创办时间公元 Opened Date: 1936", "Shape_Length": 0.030619827999885274 }, "geometry": { "type": "MultiLineString", "coordinates": [ [ [ 103.807673839000074, 1.29246110400004, 0.0 ], [ 103.807673839000074, 1.299022496000021, 0.0 ], [ 103.816422361000036, 1.299022496000021, 0.0 ], [ 103.816422361000036, 1.29246110400004, 0.0 ], [ 103.807673839000074, 1.29246110400004, 0.0 ] ] ] } },
{ "type": "Feature", "properties": { "OID": 149, "Name": "Kiong Min School", "FolderPath": "SG Chinese Schools (cleaned)", "SymbolID": 0, "AltMode": -1, "Base": 0.0, "Clamped": 0, "Extruded": 0, "Snippet": "", "PopupInfo": "拼音: Gōngmín Xuéxiào<br>Address R3: 812-H Florence Road <br>Country: Singapore<br>创办时间公元 Opened Date:", "Shape_Length": 0.030618903999993563 }, "geometry": { "type": "MultiLineString", "coordinates": [ [ [ 103.881468971000061, 1.362417703000062, 0.0 ], [ 103.881468971000061, 1.368978897000034, 0.0 ], [ 103.890217229000086, 1.368978897000034, 0.0 ], [ 103.890217229000086, 1.362417703000062, 0.0 ], [ 103.881468971000061, 1.362417703000062, 0.0 ] ] ] } },
{ "type": "Feature", "properties": { "OID": 150, "Name": "Ming Chong School", "FolderPath": "SG Chinese Schools (cleaned)", "SymbolID": 0, "AltMode": -1, "Base": 0.0, "Clamped": 0, "Extruded": 0, "Snippet": "", "PopupInfo": "拼音: Mínzhòng Xuéxiào<br>Address R3: 823 Somepah Road<br>Country: Singapore<br>创办时间公元 Opened Date:", "Shape_Length": 0.030619288000025335 }, "geometry": { "type": "MultiLineString", "coordinates": [ [ [ 103.958161016000076, 1.336376262000044, 0.0 ], [ 103.958161016000076, 1.342937538000058, 0.0 ], [ 103.966909384000076, 1.342937538000058, 0.0 ], [ 103.966909384000076, 1.336376262000044, 0.0 ], [ 103.958161016000076, 1.336376262000044, 0.0 ] ] ] } },
{ "type": "Feature", "properties": { "OID": 151, "Name": "Mong Yeung School", "FolderPath": "SG Chinese Schools (cleaned)", "SymbolID": 0, "AltMode": -1, "Base": 0.0, "Clamped": 0, "Extruded": 0, "Snippet": "", "PopupInfo": "拼音: <br>Address R3: 853 Lorong 17, Geylang<br>Country: Singapore<br>创办时间公元 Opened Date:", "Shape_Length": 0.03061959600006503 }, "geometry": { "type": "MultiLineString", "coordinates": [ [ [ 103.873993972000051, 1.311080429000071, 0.0 ], [ 103.873993972000051, 1.317641771000069, 0.0 ], [ 103.882742428000086, 1.317641771000069, 0.0 ], [ 103.882742428000086, 1.311080429000071, 0.0 ], [ 103.873993972000051, 1.311080429000071, 0.0 ] ] ] } },
{ "type": "Feature", "properties": { "OID": 152, "Name": "Tho Mong Public School", "FolderPath": "SG Chinese Schools (cleaned)", "SymbolID": 0, "AltMode": -1, "Base": 0.0, "Clamped": 0, "Extruded": 0, "Snippet": "", "PopupInfo": "拼音: Táo Méng Xuéxiào<br>Address R3: 886 Yio Chu Kang Road<br>Country: Singapore<br>创办时间公元 Opened Date: 1934", "Shape_Length": 0.030619055999864031 }, "geometry": { "type": "MultiLineString", "coordinates": [ [ [ 103.87275474900008, 1.351661787000069, 0.0 ], [ 103.87275474900008, 1.358223013000043, 0.0 ], [ 103.881503051000038, 1.358223013000043, 0.0 ], [ 103.881503051000038, 1.351661787000069, 0.0 ], [ 103.87275474900008, 1.351661787000069, 0.0 ] ] ] } },
{ "type": "Feature", "properties": { "OID": 153, "Name": "Poi Ching School", "FolderPath": "SG Chinese Schools (cleaned)", "SymbolID": 0, "AltMode": -1, "Base": 0.0, "Clamped": 0, "Extruded": 0, "Snippet": "", "PopupInfo": "拼音: Péi Qīng Xuéxiào<br>Address R3: 89 Queen Street <br>Country: Singapore<br>创办时间公元 Opened Date: 1918", "Shape_Length": 0.030619748000049185 }, "geometry": { "type": "MultiLineString", "coordinates": [ [ [ 103.850192150000055, 1.297587313000065, 0.0 ], [ 103.850192150000055, 1.304148687000065, 0.0 ], [ 103.858940650000079, 1.304148687000065, 0.0 ], [ 103.858940650000079, 1.297587313000065, 0.0 ], [ 103.850192150000055, 1.297587313000065, 0.0 ] ] ] } },
{ "type": "Feature", "properties": { "OID": 154, "Name": "Yun Fong Public School", "FolderPath": "SG Chinese Schools (cleaned)", "SymbolID": 0, "AltMode": -1, "Base": 0.0, "Clamped": 0, "Extruded": 0, "Snippet": "", "PopupInfo": "拼音: Yún Fēng Xuéxiào<br>Address R3: 895-4 Braddell Road<br>Country: Singapore<br>创办时间公元 Opened Date:", "Shape_Length": 0.030619211999919571 }, "geometry": { "type": "MultiLineString", "coordinates": [ [ [ 103.866059027000063, 1.339905670000064, 0.0 ], [ 103.866059027000063, 1.34646693000002, 0.0 ], [ 103.874807373000067, 1.34646693000002, 0.0 ], [ 103.874807373000067, 1.339905670000064, 0.0 ], [ 103.866059027000063, 1.339905670000064, 0.0 ] ] ] } },
{ "type": "Feature", "properties": { "OID": 155, "Name": "Tuan Mong High School", "FolderPath": "SG Chinese Schools (cleaned)", "SymbolID": 0, "AltMode": -1, "Base": 0.0, "Clamped": 0, "Extruded": 0, "Snippet": "", "PopupInfo": "拼音: Duān Méng Xuéxiào Fēnxiào<br>Address R3: 90 Tank Road <br>Country: Singapore<br>创办时间公元 Opened Date: 1926", "Shape_Length": 0.030619827999998961 }, "geometry": { "type": "MultiLineString", "coordinates": [ [ [ 103.839346739000064, 1.292109104000076, 0.0 ], [ 103.839346739000064, 1.298670496000057, 0.0 ], [ 103.848095261000083, 1.298670496000057, 0.0 ], [ 103.848095261000083, 1.292109104000076, 0.0 ], [ 103.839346739000064, 1.292109104000076, 0.0 ] ] ] } },
{ "type": "Feature", "properties": { "OID": 156, "Name": "Thye Chung School", "FolderPath": "SG Chinese Schools (cleaned)", "SymbolID": 0, "AltMode": -1, "Base": 0.0, "Clamped": 0, "Extruded": 0, "Snippet": "", "PopupInfo": "拼音: Dàzhòng Xuéxiào<br>Address R3: 921 Upper Bukit Timah Rd.<br>Country: Singapore<br>创办时间公元 Opened Date:", "Shape_Length": 0.030618828000115172 }, "geometry": { "type": "MultiLineString", "coordinates": [ [ [ 103.757972582000036, 1.373324811000032, 0.0 ], [ 103.757972582000036, 1.379885989000059, 0.0 ], [ 103.766720818000067, 1.379885989000059, 0.0 ], [ 103.766720818000067, 1.373324811000032, 0.0 ], [ 103.757972582000036, 1.373324811000032, 0.0 ] ] ] } },
{ "type": "Feature", "properties": { "OID": 157, "Name": "Joo Hwa School", "FolderPath": "SG Chinese Schools (cleaned)", "SymbolID": 0, "AltMode": -1, "Base": 0.0, "Clamped": 0, "Extruded": 0, "Snippet": "", "PopupInfo": "拼音: Yù Huá Xuéxiào<br>Address R3: 92-A Jurong Road 10 m.s.<br>Country: Singapore<br>创办时间公元 Opened Date: 1931", "Shape_Length": 0.030619363999903726 }, "geometry": { "type": "MultiLineString", "coordinates": [ [ [ 103.684764605000055, 1.328639054000064, 0.0 ], [ 103.684764605000055, 1.335200346000022, 0.0 ], [ 103.693512995000049, 1.335200346000022, 0.0 ], [ 103.693512995000049, 1.328639054000064, 0.0 ], [ 103.684764605000055, 1.328639054000064, 0.0 ] ] ] } },
{ "type": "Feature", "properties": { "OID": 158, "Name": "Seh ChuanHigh School", "FolderPath": "SG Chinese Schools (cleaned)", "SymbolID": 0, "AltMode": -1, "Base": 0.0, "Clamped": 0, "Extruded": 0, "Snippet": "", "PopupInfo": "拼音: Shù Qún Zhōng Xiǎoxuéxiào<br>Address R3: 9-3 Jurong Road 12 m.s.<br>Country: Singapore<br>创办时间公元 Opened Date: 1933", "Shape_Length": 0.030619520000072953 }, "geometry": { "type": "MultiLineString", "coordinates": [ [ [ 103.740664483000046, 1.318359637000071, 0.0 ], [ 103.740664483000046, 1.324920963000068, 0.0 ], [ 103.749412917000086, 1.324920963000068, 0.0 ], [ 103.749412917000086, 1.318359637000071, 0.0 ], [ 103.740664483000046, 1.318359637000071, 0.0 ] ] ] } },
{ "type": "Feature", "properties": { "OID": 159, "Name": "Sin Ming High School", "FolderPath": "SG Chinese Schools (cleaned)", "SymbolID": 0, "AltMode": -1, "Base": 0.0, "Clamped": 0, "Extruded": 0, "Snippet": "", "PopupInfo": "拼音: Xīnmín Zhōngxué<br>Address R3: 930-932 Upper Serangoon Rd.<br>Country: Singapore<br>创办时间公元 Opened Date:", "Shape_Length": 0.030618903999993563 }, "geometry": { "type": "MultiLineString", "coordinates": [ [ [ 103.892058371000076, 1.36777610300004, 0.0 ], [ 103.892058371000076, 1.374337297000068, 0.0 ], [ 103.900806629000044, 1.374337297000068, 0.0 ], [ 103.900806629000044, 1.36777610300004, 0.0 ], [ 103.892058371000076, 1.36777610300004, 0.0 ] ] ] } },
{ "type": "Feature", "properties": { "OID": 160, "Name": "Yin Sin School", "FolderPath": "SG Chinese Schools (cleaned)", "SymbolID": 0, "AltMode": -1, "Base": 0.0, "Clamped": 0, "Extruded": 0, "Snippet": "", "PopupInfo": "拼音: Yīng Xīn Xuéxiào<br>Address R3: 98, Telok Ayer Street<br>Country: Singapore<br>创办时间公元 Opened Date: 1906", "Shape_Length": 0.030619979999983116 }, "geometry": { "type": "MultiLineString", "coordinates": [ [ [ 103.844190317000084, 1.279151788000036, 0.0 ], [ 103.844190317000084, 1.285713212000076, 0.0 ], [ 103.852938883000036, 1.285713212000076, 0.0 ], [ 103.852938883000036, 1.279151788000036, 0.0 ], [ 103.844190317000084, 1.279151788000036, 0.0 ] ] ] } },
{ "type": "Feature", "properties": { "OID": 161, "Name": "Kong Yiong High & Pr. School", "FolderPath": "SG Chinese Schools (cleaned)", "SymbolID": 0, "AltMode": -1, "Base": 0.0, "Clamped": 0, "Extruded": 0, "Snippet": "", "PopupInfo": "拼音: Guāngyáng Zhōng Xiǎoxuéxiào<br>Address R3: 993-B Yio Chu Kang Road 9 1/2 m.s.<br>Country: Singapore<br>创办时间公元 Opened Date: 1919", "Shape_Length": 0.030619055999977718 }, "geometry": { "type": "MultiLineString", "coordinates": [ [ [ 103.873393849000081, 1.352063387000044, 0.0 ], [ 103.873393849000081, 1.358624613000075, 0.0 ], [ 103.882142151000039, 1.358624613000075, 0.0 ], [ 103.882142151000039, 1.352063387000044, 0.0 ], [ 103.873393849000081, 1.352063387000044, 0.0 ] ] ] } },
{ "type": "Feature", "properties": { "OID": 162, "Name": "Sin Hua School", "FolderPath": "SG Chinese Schools (cleaned)", "SymbolID": 0, "AltMode": -1, "Base": 0.0, "Clamped": 0, "Extruded": 0, "Snippet": "", "PopupInfo": "拼音: Xīnhuá Xuéxiào<br>Address R3: A301-6 Koh Sek Lim Road<br>Country: Singapore<br>创办时间公元 Opened Date:", "Shape_Length": 0.030619364000017413 }, "geometry": { "type": "MultiLineString", "coordinates": [ [ [ 103.951205105000042, 1.326983254000027, 0.0 ], [ 103.951205105000042, 1.333544546000041, 0.0 ], [ 103.959953495000036, 1.333544546000041, 0.0 ], [ 103.959953495000036, 1.326983254000027, 0.0 ], [ 103.951205105000042, 1.326983254000027, 0.0 ] ] ] } },
{ "type": "Feature", "properties": { "OID": 163, "Name": "St. Joseph's Convent School", "FolderPath": "SG Chinese Schools (cleaned)", "SymbolID": 0, "AltMode": -1, "Base": 0.0, "Clamped": 0, "Extruded": 0, "Snippet": "", "PopupInfo": "拼音: <br>Address R3: Aillside Drive<br>Country: Singapore<br>创办时间公元 Opened Date:", "Shape_Length": 0.030619055999977718 }, "geometry": { "type": "MultiLineString", "coordinates": [ [ [ 103.873007949000055, 1.354432987000052, 0.0 ], [ 103.873007949000055, 1.360994213000026, 0.0 ], [ 103.88175625100007, 1.360994213000026, 0.0 ], [ 103.88175625100007, 1.354432987000052, 0.0 ], [ 103.873007949000055, 1.354432987000052, 0.0 ] ] ] } },
{ "type": "Feature", "properties": { "OID": 164, "Name": "Aljunied Road, Integrated Pr. School", "FolderPath": "SG Chinese Schools (cleaned)", "SymbolID": 0, "AltMode": -1, "Base": 0.0, "Clamped": 0, "Extruded": 0, "Snippet": "", "PopupInfo": "拼音: <br>Address R3: Aljunied Road<br>Country: Singapore<br>创办时间公元 Opened Date:", "Shape_Length": 0.030619519999959266 }, "geometry": { "type": "MultiLineString", "coordinates": [ [ [ 103.877079083000069, 1.31895903700007, 0.0 ], [ 103.877079083000069, 1.325520363000066, 0.0 ], [ 103.885827517000052, 1.325520363000066, 0.0 ], [ 103.885827517000052, 1.31895903700007, 0.0 ], [ 103.877079083000069, 1.31895903700007, 0.0 ] ] ] } },
{ "type": "Feature", "properties": { "OID": 165, "Name": "Gan Eng Seng School", "FolderPath": "SG Chinese Schools (cleaned)", "SymbolID": 0, "AltMode": -1, "Base": 0.0, "Clamped": 0, "Extruded": 0, "Snippet": "", "PopupInfo": "拼音: <br>Address R3: Anson Road<br>Country: Singapore<br>创办时间公元 Opened Date:", "Shape_Length": 0.03062005600008888 }, "geometry": { "type": "MultiLineString", "coordinates": [ [ [ 103.840327806000062, 1.270259880000026, 0.0 ], [ 103.840327806000062, 1.276821320000067, 0.0 ], [ 103.849076394000065, 1.276821320000067, 0.0 ], [ 103.849076394000065, 1.270259880000026, 0.0 ], [ 103.840327806000062, 1.270259880000026, 0.0 ] ] ] } },
{ "type": "Feature", "properties": { "OID": 166, "Name": "Onn Hwa School", "FolderPath": "SG Chinese Schools (cleaned)", "SymbolID": 0, "AltMode": -1, "Base": 0.0, "Clamped": 0, "Extruded": 0, "Snippet": "", "PopupInfo": "拼音: Wàng Huá Xuéxiào<br>Address R3: Bah Soon Pah Road<br>Country: Singapore<br>创办时间公元 Opened Date:", "Shape_Length": 0.030618215999993481 }, "geometry": { "type": "MultiLineString", "coordinates": [ [ [ 103.823160969000071, 1.416166677000035, 0.0 ], [ 103.823160969000071, 1.422727723000037, 0.0 ], [ 103.831909031000066, 1.422727723000037, 0.0 ], [ 103.831909031000066, 1.416166677000035, 0.0 ], [ 103.823160969000071, 1.416166677000035, 0.0 ] ] ] } },
{ "type": "Feature", "properties": { "OID": 167, "Name": "Balestier Hill Primary School", "FolderPath": "SG Chinese Schools (cleaned)", "SymbolID": 0, "AltMode": -1, "Base": 0.0, "Clamped": 0, "Extruded": 0, "Snippet": "", "PopupInfo": "拼音: <br>Address R3: Balestier Road <br>Country: Singapore<br>创办时间公元 Opened Date:", "Shape_Length": 0.030619443999967189 }, "geometry": { "type": "MultiLineString", "coordinates": [ [ [ 103.847931194000068, 1.319723345000057, 0.0 ], [ 103.847931194000068, 1.326284655000052, 0.0 ], [ 103.856679606000057, 1.326284655000052, 0.0 ], [ 103.856679606000057, 1.319723345000057, 0.0 ], [ 103.847931194000068, 1.319723345000057, 0.0 ] ] ] } },
{ "type": "Feature", "properties": { "OID": 168, "Name": "Balestier Hill West Pr. School", "FolderPath": "SG Chinese Schools (cleaned)", "SymbolID": 0, "AltMode": -1, "Base": 0.0, "Clamped": 0, "Extruded": 0, "Snippet": "", "PopupInfo": "拼音: <br>Address R3: Balestier Road <br>Country: Singapore<br>创办时间公元 Opened Date:", "Shape_Length": 0.030619443999967189 }, "geometry": { "type": "MultiLineString", "coordinates": [ [ [ 103.847931194000068, 1.319723345000057, 0.0 ], [ 103.847931194000068, 1.326284655000052, 0.0 ], [ 103.856679606000057, 1.326284655000052, 0.0 ], [ 103.856679606000057, 1.319723345000057, 0.0 ], [ 103.847931194000068, 1.319723345000057, 0.0 ] ] ] } },
{ "type": "Feature", "properties": { "OID": 169, "Name": "Elling North Integrated School", "FolderPath": "SG Chinese Schools (cleaned)", "SymbolID": 0, "AltMode": -1, "Base": 0.0, "Clamped": 0, "Extruded": 0, "Snippet": "", "PopupInfo": "拼音: <br>Address R3: Bartley Road<br>Country: Singapore<br>创办时间公元 Opened Date:", "Shape_Length": 0.030619212000033258 }, "geometry": { "type": "MultiLineString", "coordinates": [ [ [ 103.873645827000075, 1.340433370000028, 0.0 ], [ 103.873645827000075, 1.34699463000004, 0.0 ], [ 103.88239417300008, 1.34699463000004, 0.0 ], [ 103.88239417300008, 1.340433370000028, 0.0 ], [ 103.873645827000075, 1.340433370000028, 0.0 ] ] ] } },
{ "type": "Feature", "properties": { "OID": 170, "Name": "Beatty Integrated School", "FolderPath": "SG Chinese Schools (cleaned)", "SymbolID": 0, "AltMode": -1, "Base": 0.0, "Clamped": 0, "Extruded": 0, "Snippet": "", "PopupInfo": "拼音: <br>Address R3: Beatty Road<br>Country: Singapore<br>创办时间公元 Opened Date:", "Shape_Length": 0.030619595999951343 }, "geometry": { "type": "MultiLineString", "coordinates": [ [ [ 103.854608272000064, 1.310306529000059, 0.0 ], [ 103.854608272000064, 1.316867871000056, 0.0 ], [ 103.863356728000042, 1.316867871000056, 0.0 ], [ 103.863356728000042, 1.310306529000059, 0.0 ], [ 103.854608272000064, 1.310306529000059, 0.0 ] ] ] } },
{ "type": "Feature", "properties": { "OID": 171, "Name": "Shu Wah School", "FolderPath": "SG Chinese Schools (cleaned)", "SymbolID": 0, "AltMode": -1, "Base": 0.0, "Clamped": 0, "Extruded": 0, "Snippet": "", "PopupInfo": "拼音: Shǔ Huá Xuéxiào<br>Address R3: Bukit Panjang Rd., 10 m.s.<br>Country: Singapore<br>创办时间公元 Opened Date:", "Shape_Length": 0.030618752000009408 }, "geometry": { "type": "MultiLineString", "coordinates": [ [ [ 103.757459293000068, 1.375886119000029, 0.0 ], [ 103.757459293000068, 1.382447281000054, 0.0 ], [ 103.766207507000047, 1.382447281000054, 0.0 ], [ 103.766207507000047, 1.375886119000029, 0.0 ], [ 103.757459293000068, 1.375886119000029, 0.0 ] ] ] } },
{ "type": "Feature", "properties": { "OID": 172, "Name": "Bukit Panjang Govt. High School", "FolderPath": "SG Chinese Schools (cleaned)", "SymbolID": 0, "AltMode": -1, "Base": 0.0, "Clamped": 0, "Extruded": 0, "Snippet": "", "PopupInfo": "拼音: <br>Address R3: Bukit Panjang Road<br>Country: Singapore<br>创办时间公元 Opened Date:", "Shape_Length": 0.030618752000009408 }, "geometry": { "type": "MultiLineString", "coordinates": [ [ [ 103.766517293000049, 1.374645219000058, 0.0 ], [ 103.766517293000049, 1.381206381000027, 0.0 ], [ 103.775265507000086, 1.381206381000027, 0.0 ], [ 103.775265507000086, 1.374645219000058, 0.0 ], [ 103.766517293000049, 1.374645219000058, 0.0 ] ] ] } },
{ "type": "Feature", "properties": { "OID": 173, "Name": "Pei Hwa School", "FolderPath": "SG Chinese Schools (cleaned)", "SymbolID": 0, "AltMode": -1, "Base": 0.0, "Clamped": 0, "Extruded": 0, "Snippet": "", "PopupInfo": "拼音: Péi Huá Xuéxiào<br>Address R3: Bukit Timah Road, 7 1/2 m.s.<br>Country: Singapore<br>创办时间公元 Opened Date: 1932", "Shape_Length": 0.030619671999943421 }, "geometry": { "type": "MultiLineString", "coordinates": [ [ [ 103.844915661000073, 1.30310262100005, 0.0 ], [ 103.844915661000073, 1.309663979000049, 0.0 ], [ 103.853664139000045, 1.309663979000049, 0.0 ], [ 103.853664139000045, 1.30310262100005, 0.0 ], [ 103.844915661000073, 1.30310262100005, 0.0 ] ] ] } },
{ "type": "Feature", "properties": { "OID": 174, "Name": "St. Hoseph's Sino-English School", "FolderPath": "SG Chinese Schools (cleaned)", "SymbolID": 0, "AltMode": -1, "Base": 0.0, "Clamped": 0, "Extruded": 0, "Snippet": "", "PopupInfo": "拼音: Shèng Ruò Sè Huá Yīng Xuéxiào<br>Address R3: Bukit Timah Road, 9 1/2 m.s.<br>Country: Singapore<br>创办时间公元 Opened Date: 1936", "Shape_Length": 0.030619671999943421 }, "geometry": { "type": "MultiLineString", "coordinates": [ [ [ 103.844915661000073, 1.30310262100005, 0.0 ], [ 103.844915661000073, 1.309663979000049, 0.0 ], [ 103.853664139000045, 1.309663979000049, 0.0 ], [ 103.853664139000045, 1.30310262100005, 0.0 ], [ 103.844915661000073, 1.30310262100005, 0.0 ] ] ] } },
{ "type": "Feature", "properties": { "OID": 175, "Name": "Adult Education Board", "FolderPath": "SG Chinese Schools (cleaned)", "SymbolID": 0, "AltMode": -1, "Base": 0.0, "Clamped": 0, "Extruded": 0, "Snippet": "", "PopupInfo": "拼音: <br>Address R3: Canning Riase<br>Country: Singapore<br>创办时间公元 Opened Date:", "Shape_Length": 0.030619827999998961 }, "geometry": { "type": "MultiLineString", "coordinates": [ [ [ 103.84387003900008, 1.291588104000027, 0.0 ], [ 103.84387003900008, 1.298149496000065, 0.0 ], [ 103.852618561000043, 1.298149496000065, 0.0 ], [ 103.852618561000043, 1.291588104000027, 0.0 ], [ 103.84387003900008, 1.291588104000027, 0.0 ] ] ] } },
{ "type": "Feature", "properties": { "OID": 176, "Name": "Ping Min Public School", "FolderPath": "SG Chinese Schools (cleaned)", "SymbolID": 0, "AltMode": -1, "Base": 0.0, "Clamped": 0, "Extruded": 0, "Snippet": "", "PopupInfo": "拼音: Píngmín Xuéxiào<br>Address R3: Changi Road 11 1/2 m.s.<br>Country: Singapore<br>创办时间公元 Opened Date:", "Shape_Length": 0.030619595999951343 }, "geometry": { "type": "MultiLineString", "coordinates": [ [ [ 103.894204672000058, 1.313087729000074, 0.0 ], [ 103.894204672000058, 1.319649071000072, 0.0 ], [ 103.902953128000036, 1.319649071000072, 0.0 ], [ 103.902953128000036, 1.313087729000074, 0.0 ], [ 103.894204672000058, 1.313087729000074, 0.0 ] ] ] } },
{ "type": "Feature", "properties": { "OID": 177, "Name": "Pin Ghee High School", "FolderPath": "SG Chinese Schools (cleaned)", "SymbolID": 0, "AltMode": -1, "Base": 0.0, "Clamped": 0, "Extruded": 0, "Snippet": "", "PopupInfo": "拼音: Píng Yí Xuéxiào<br>Address R3: Changi Road 6 3/4 m.s.<br>Country: Singapore<br>创办时间公元 Opened Date: 1929", "Shape_Length": 0.030619595999951343 }, "geometry": { "type": "MultiLineString", "coordinates": [ [ [ 103.894204672000058, 1.313087729000074, 0.0 ], [ 103.894204672000058, 1.319649071000072, 0.0 ], [ 103.902953128000036, 1.319649071000072, 0.0 ], [ 103.902953128000036, 1.313087729000074, 0.0 ], [ 103.894204672000058, 1.313087729000074, 0.0 ] ] ] } },
{ "type": "Feature", "properties": { "OID": 178, "Name": "Nam San School", "FolderPath": "SG Chinese Schools (cleaned)", "SymbolID": 0, "AltMode": -1, "Base": 0.0, "Clamped": 0, "Extruded": 0, "Snippet": "", "PopupInfo": "拼音: Nánshān Xuéxiào Zhǔ Xiào<br>Address R3: Chua Chu Kang Rd<br>Country: Singapore<br>创办时间公元 Opened Date:", "Shape_Length": 0.030618752000009408 }, "geometry": { "type": "MultiLineString", "coordinates": [ [ [ 103.752775893000035, 1.374686419000057, 0.0 ], [ 103.752775893000035, 1.381247581000025, 0.0 ], [ 103.761524107000071, 1.381247581000025, 0.0 ], [ 103.761524107000071, 1.374686419000057, 0.0 ], [ 103.752775893000035, 1.374686419000057, 0.0 ] ] ] } },
{ "type": "Feature", "properties": { "OID": 179, "Name": "Pei Hsin School", "FolderPath": "SG Chinese Schools (cleaned)", "SymbolID": 0, "AltMode": -1, "Base": 0.0, "Clamped": 0, "Extruded": 0, "Snippet": "", "PopupInfo": "拼音: Péi Xīn Xuéxiào<br>Address R3: Chua Chu Kang Rd. 16 m.s.<br>Country: Singapore<br>创办时间公元 Opened Date:", "Shape_Length": 0.030618752000009408 }, "geometry": { "type": "MultiLineString", "coordinates": [ [ [ 103.754881793000038, 1.375608219000071, 0.0 ], [ 103.754881793000038, 1.38216938100004, 0.0 ], [ 103.763630007000074, 1.38216938100004, 0.0 ], [ 103.763630007000074, 1.375608219000071, 0.0 ], [ 103.754881793000038, 1.375608219000071, 0.0 ] ] ] } },
{ "type": "Feature", "properties": { "OID": 180, "Name": "Tanglin Integrated Technical", "FolderPath": "SG Chinese Schools (cleaned)", "SymbolID": 0, "AltMode": -1, "Base": 0.0, "Clamped": 0, "Extruded": 0, "Snippet": "", "PopupInfo": "拼音: Dōng Líng Zhèngfǔ Gōngyì Zhōngxué<br>Address R3: Commonwealth Avenue<br>Country: Singapore<br>创办时间公元 Opened Date:", "Shape_Length": 0.030619748000049185 }, "geometry": { "type": "MultiLineString", "coordinates": [ [ [ 103.795597650000047, 1.29756971300003, 0.0 ], [ 103.795597650000047, 1.30413108700003, 0.0 ], [ 103.804346150000072, 1.30413108700003, 0.0 ], [ 103.804346150000072, 1.29756971300003, 0.0 ], [ 103.795597650000047, 1.29756971300003, 0.0 ] ] ] } },
{ "type": "Feature", "properties": { "OID": 181, "Name": "Ho Seng School", "FolderPath": "SG Chinese Schools (cleaned)", "SymbolID": 0, "AltMode": -1, "Base": 0.0, "Clamped": 0, "Extruded": 0, "Snippet": "", "PopupInfo": "拼音: Hé Xīng Xuéxiào<br>Address R3: F-5 Tampenis Road<br>Country: Singapore<br>创办时间公元 Opened Date:", "Shape_Length": 0.03061897999998564 }, "geometry": { "type": "MultiLineString", "coordinates": [ [ [ 103.882035260000066, 1.35764359500007, 0.0 ], [ 103.882035260000066, 1.364204805000043, 0.0 ], [ 103.890783540000086, 1.364204805000043, 0.0 ], [ 103.890783540000086, 1.35764359500007, 0.0 ], [ 103.882035260000066, 1.35764359500007, 0.0 ] ] ] } },
{ "type": "Feature", "properties": { "OID": 182, "Name": "Guillemard Integrated Pr. School", "FolderPath": "SG Chinese Schools (cleaned)", "SymbolID": 0, "AltMode": -1, "Base": 0.0, "Clamped": 0, "Extruded": 0, "Snippet": "", "PopupInfo": "拼音: <br>Address R3: Guillemard Road<br>Country: Singapore<br>创办时间公元 Opened Date:", "Shape_Length": 0.03061959600006503 }, "geometry": { "type": "MultiLineString", "coordinates": [ [ [ 103.881328672000052, 1.307989329000065, 0.0 ], [ 103.881328672000052, 1.314550671000063, 0.0 ], [ 103.890077128000087, 1.314550671000063, 0.0 ], [ 103.890077128000087, 1.307989329000065, 0.0 ], [ 103.881328672000052, 1.307989329000065, 0.0 ] ] ] } },
{ "type": "Feature", "properties": { "OID": 183, "Name": "Dunman Secondary School", "FolderPath": "SG Chinese Schools (cleaned)", "SymbolID": 0, "AltMode": -1, "Base": 0.0, "Clamped": 0, "Extruded": 0, "Snippet": "", "PopupInfo": "拼音: <br>Address R3: Haig Road<br>Country: Singapore<br>创办时间公元 Opened Date:", "Shape_Length": 0.030619671999943421 }, "geometry": { "type": "MultiLineString", "coordinates": [ [ [ 103.893349261000083, 1.306178921000026, 0.0 ], [ 103.893349261000083, 1.312740279000025, 0.0 ], [ 103.902097739000055, 1.312740279000025, 0.0 ], [ 103.902097739000055, 1.306178921000026, 0.0 ], [ 103.893349261000083, 1.306178921000026, 0.0 ] ] ] } },
{ "type": "Feature", "properties": { "OID": 184, "Name": "Keok Ming School School", "FolderPath": "SG Chinese Schools (cleaned)", "SymbolID": 0, "AltMode": -1, "Base": 0.0, "Clamped": 0, "Extruded": 0, "Snippet": "", "PopupInfo": "拼音: Kèmíng Xuéxiào <br>Address R3: Holland Road 5 m.s.<br>Country: Singapore<br>创办时间公元 Opened Date: 1937", "Shape_Length": 0.030619672000057108 }, "geometry": { "type": "MultiLineString", "coordinates": [ [ [ 103.805962561000058, 1.304644421000035, 0.0 ], [ 103.805962561000058, 1.311205779000034, 0.0 ], [ 103.814711039000088, 1.311205779000034, 0.0 ], [ 103.814711039000088, 1.304644421000035, 0.0 ], [ 103.805962561000058, 1.304644421000035, 0.0 ] ] ] } },
{ "type": "Feature", "properties": { "OID": 185, "Name": "Bukit Ho Swee West Govt. Chinese Primary School", "FolderPath": "SG Chinese Schools (cleaned)", "SymbolID": 0, "AltMode": -1, "Base": 0.0, "Clamped": 0, "Extruded": 0, "Snippet": "", "PopupInfo": "拼音: Héshuǐ Shānxī Zhèngfǔ Huáwén Xiǎoxué<br>Address R3: Jalan Bukit Ho swee<br>Country: Singapore<br>创办时间公元 Opened Date:", "Shape_Length": 0.030619903999991038 }, "geometry": { "type": "MultiLineString", "coordinates": [ [ [ 103.825368228000059, 1.284131796000054, 0.0 ], [ 103.825368228000059, 1.290693204000036, 0.0 ], [ 103.834116772000073, 1.290693204000036, 0.0 ], [ 103.834116772000073, 1.284131796000054, 0.0 ], [ 103.825368228000059, 1.284131796000054, 0.0 ] ] ] } },
{ "type": "Feature", "properties": { "OID": 186, "Name": "Nanyang University", "FolderPath": "SG Chinese Schools (cleaned)", "SymbolID": 0, "AltMode": -1, "Base": 0.0, "Clamped": 0, "Extruded": 0, "Snippet": "", "PopupInfo": "拼音: Nányáng Dàxué<br>Address R3: Jurong Road <br>Country: Singapore<br>创办时间公元 Opened Date:", "Shape_Length": 0.030619136000041181 }, "geometry": { "type": "MultiLineString", "coordinates": [ [ [ 103.703908438000042, 1.347348778000026, 0.0 ], [ 103.703908438000042, 1.353910022000036, 0.0 ], [ 103.712656762000051, 1.353910022000036, 0.0 ], [ 103.712656762000051, 1.347348778000026, 0.0 ], [ 103.703908438000042, 1.347348778000026, 0.0 ] ] ] } },
{ "type": "Feature", "properties": { "OID": 187, "Name": "Joo Long Public School", "FolderPath": "SG Chinese Schools (cleaned)", "SymbolID": 0, "AltMode": -1, "Base": 0.0, "Clamped": 0, "Extruded": 0, "Snippet": "", "PopupInfo": "拼音: Rú Láng Xuéxiào<br>Address R3: Jurong Road 13 m.s.<br>Country: Singapore<br>创办时间公元 Opened Date: 1930", "Shape_Length": 0.030619136000041181 }, "geometry": { "type": "MultiLineString", "coordinates": [ [ [ 103.730472038000073, 1.346339678000049, 0.0 ], [ 103.730472038000073, 1.35290092200006, 0.0 ], [ 103.739220362000083, 1.35290092200006, 0.0 ], [ 103.739220362000083, 1.346339678000049, 0.0 ], [ 103.730472038000073, 1.346339678000049, 0.0 ] ] ] } },
{ "type": "Feature", "properties": { "OID": 188, "Name": "Kong Hwa School", "FolderPath": "SG Chinese Schools (cleaned)", "SymbolID": 0, "AltMode": -1, "Base": 0.0, "Clamped": 0, "Extruded": 0, "Snippet": "", "PopupInfo": "拼音: Guānghuá Xuéxiào<br>Address R3: Jurong Road 17 m.s.<br>Country: Singapore<br>创办时间公元 Opened Date:", "Shape_Length": 0.030619136000041181 }, "geometry": { "type": "MultiLineString", "coordinates": [ [ [ 103.730472038000073, 1.346339678000049, 0.0 ], [ 103.730472038000073, 1.35290092200006, 0.0 ], [ 103.739220362000083, 1.35290092200006, 0.0 ], [ 103.739220362000083, 1.346339678000049, 0.0 ], [ 103.730472038000073, 1.346339678000049, 0.0 ] ] ] } },
{ "type": "Feature", "properties": { "OID": 189, "Name": "Wei Sin School", "FolderPath": "SG Chinese Schools (cleaned)", "SymbolID": 0, "AltMode": -1, "Base": 0.0, "Clamped": 0, "Extruded": 0, "Snippet": "", "PopupInfo": "拼音: Wéixīn Xuéxiào<br>Address R3: Jurong Road<br>Country: Singapore<br>创办时间公元 Opened Date: 1926", "Shape_Length": 0.030619136000041181 }, "geometry": { "type": "MultiLineString", "coordinates": [ [ [ 103.703908438000042, 1.347348778000026, 0.0 ], [ 103.703908438000042, 1.353910022000036, 0.0 ], [ 103.712656762000051, 1.353910022000036, 0.0 ], [ 103.712656762000051, 1.347348778000026, 0.0 ], [ 103.703908438000042, 1.347348778000026, 0.0 ] ] ] } },
{ "type": "Feature", "properties": { "OID": 190, "Name": "Kim Keat Integrated Pr. School", "FolderPath": "SG Chinese Schools (cleaned)", "SymbolID": 0, "AltMode": -1, "Base": 0.0, "Clamped": 0, "Extruded": 0, "Snippet": "", "PopupInfo": "拼音: <br>Address R3: Kim Keat Road<br>Country: Singapore<br>创办时间公元 Opened Date:", "Shape_Length": 0.030619444000080875 }, "geometry": { "type": "MultiLineString", "coordinates": [ [ [ 103.849316694000038, 1.321914045000028, 0.0 ], [ 103.849316694000038, 1.328475355000023, 0.0 ], [ 103.858065106000083, 1.328475355000023, 0.0 ], [ 103.858065106000083, 1.321914045000028, 0.0 ], [ 103.849316694000038, 1.321914045000028, 0.0 ] ] ] } },
{ "type": "Feature", "properties": { "OID": 191, "Name": "Kim Seng West Govt. Ch. Pr. School", "FolderPath": "SG Chinese Schools (cleaned)", "SymbolID": 0, "AltMode": -1, "Base": 0.0, "Clamped": 0, "Extruded": 0, "Snippet": "", "PopupInfo": "拼音: Jīn Shēng Xī Zhèngfǔ Huáwén Xiǎoxué<br>Address R3: Kim Seng Road <br>Country: Singapore<br>创办时间公元 Opened Date:", "Shape_Length": 0.030619828000112648 }, "geometry": { "type": "MultiLineString", "coordinates": [ [ [ 103.828909339000063, 1.289318704000038, 0.0 ], [ 103.828909339000063, 1.295880096000076, 0.0 ], [ 103.837657861000082, 1.295880096000076, 0.0 ], [ 103.837657861000082, 1.289318704000038, 0.0 ], [ 103.828909339000063, 1.289318704000038, 0.0 ] ] ] } },
{ "type": "Feature", "properties": { "OID": 192, "Name": "Wah Mong School", "FolderPath": "SG Chinese Schools (cleaned)", "SymbolID": 0, "AltMode": -1, "Base": 0.0, "Clamped": 0, "Extruded": 0, "Snippet": "", "PopupInfo": "拼音: Huà Méng Xuéxiào<br>Address R3: Lorong Ah Soo<br>Country: Singapore<br>创办时间公元 Opened Date: 1937", "Shape_Length": 0.030619136000041181 }, "geometry": { "type": "MultiLineString", "coordinates": [ [ [ 103.880522538000037, 1.34814357800002, 0.0 ], [ 103.880522538000037, 1.354704822000031, 0.0 ], [ 103.889270862000046, 1.354704822000031, 0.0 ], [ 103.889270862000046, 1.34814357800002, 0.0 ], [ 103.880522538000037, 1.34814357800002, 0.0 ] ] ] } },
{ "type": "Feature", "properties": { "OID": 193, "Name": "Sin Hwa School", "FolderPath": "SG Chinese Schools (cleaned)", "SymbolID": 0, "AltMode": -1, "Base": 0.0, "Clamped": 0, "Extruded": 0, "Snippet": "", "PopupInfo": "拼音: Xīnhuá Xuéxiào<br>Address R3: Mandai Road 11 1/2 m.s.<br>Country: Singapore<br>创办时间公元 Opened Date:", "Shape_Length": 0.030618443999969713 }, "geometry": { "type": "MultiLineString", "coordinates": [ [ [ 103.811125937000043, 1.399260552000044, 0.0 ], [ 103.811125937000043, 1.405821648000028, 0.0 ], [ 103.819874063000043, 1.405821648000028, 0.0 ], [ 103.819874063000043, 1.399260552000044, 0.0 ], [ 103.811125937000043, 1.399260552000044, 0.0 ] ] ] } },
{ "type": "Feature", "properties": { "OID": 194, "Name": "Cheng Chi School", "FolderPath": "SG Chinese Schools (cleaned)", "SymbolID": 0, "AltMode": -1, "Base": 0.0, "Clamped": 0, "Extruded": 0, "Snippet": "", "PopupInfo": "拼音: Zēng Zhì Xuéxiào<br>Address R3: Mandai Road, 13 1/2 m.s.<br>Country: Singapore<br>创办时间公元 Opened Date:", "Shape_Length": 0.030618443999969713 }, "geometry": { "type": "MultiLineString", "coordinates": [ [ [ 103.811125937000043, 1.399260552000044, 0.0 ], [ 103.811125937000043, 1.405821648000028, 0.0 ], [ 103.819874063000043, 1.405821648000028, 0.0 ], [ 103.819874063000043, 1.399260552000044, 0.0 ], [ 103.811125937000043, 1.399260552000044, 0.0 ] ] ] } },
{ "type": "Feature", "properties": { "OID": 195, "Name": "Mapherson Primary School", "FolderPath": "SG Chinese Schools (cleaned)", "SymbolID": 0, "AltMode": -1, "Base": 0.0, "Clamped": 0, "Extruded": 0, "Snippet": "", "PopupInfo": "拼音: <br>Address R3: Mapherson Road<br>Country: Singapore<br>创办时间公元 Opened Date:", "Shape_Length": 0.030619364000017413 }, "geometry": { "type": "MultiLineString", "coordinates": [ [ [ 103.874211105000086, 1.32780135400003, 0.0 ], [ 103.874211105000086, 1.334362646000045, 0.0 ], [ 103.88295949500008, 1.334362646000045, 0.0 ], [ 103.88295949500008, 1.32780135400003, 0.0 ], [ 103.874211105000086, 1.32780135400003, 0.0 ] ] ] } },
{ "type": "Feature", "properties": { "OID": 196, "Name": "Nan Chiau School", "FolderPath": "SG Chinese Schools (cleaned)", "SymbolID": 0, "AltMode": -1, "Base": 0.0, "Clamped": 0, "Extruded": 0, "Snippet": "", "PopupInfo": "拼音: <br>Address R3: Marsiling Rd., off Woodlands Rd<br>Country: Singapore<br>创办时间公元 Opened Date:", "Shape_Length": 0.030617983999945864 }, "geometry": { "type": "MultiLineString", "coordinates": [ [ [ 103.767038902000081, 1.433795302000021, 0.0 ], [ 103.767038902000081, 1.44035629800004, 0.0 ], [ 103.775786898000035, 1.44035629800004, 0.0 ], [ 103.775786898000035, 1.433795302000021, 0.0 ], [ 103.767038902000081, 1.433795302000021, 0.0 ] ] ] } },
{ "type": "Feature", "properties": { "OID": 197, "Name": "Marsiling Integrated Pr. School", "FolderPath": "SG Chinese Schools (cleaned)", "SymbolID": 0, "AltMode": -1, "Base": 0.0, "Clamped": 0, "Extruded": 0, "Snippet": "", "PopupInfo": "拼音: <br>Address R3: Marsiling Road<br>Country: Singapore<br>创办时间公元 Opened Date:", "Shape_Length": 0.03061798400005955 }, "geometry": { "type": "MultiLineString", "coordinates": [ [ [ 103.771894802000077, 1.435396902000036, 0.0 ], [ 103.771894802000077, 1.441957898000055, 0.0 ], [ 103.780642798000088, 1.441957898000055, 0.0 ], [ 103.780642798000088, 1.435396902000036, 0.0 ], [ 103.771894802000077, 1.435396902000036, 0.0 ] ] ] } },
{ "type": "Feature", "properties": { "OID": 198, "Name": "Mattak East Integrated School", "FolderPath": "SG Chinese Schools (cleaned)", "SymbolID": 0, "AltMode": -1, "Base": 0.0, "Clamped": 0, "Extruded": 0, "Snippet": "", "PopupInfo": "拼音: <br>Address R3: Mattar Road<br>Country: Singapore<br>创办时间公元 Opened Date:", "Shape_Length": 0.030619443999967189 }, "geometry": { "type": "MultiLineString", "coordinates": [ [ [ 103.878458394000063, 1.32175744500006, 0.0 ], [ 103.878458394000063, 1.328318755000055, 0.0 ], [ 103.887206806000052, 1.328318755000055, 0.0 ], [ 103.887206806000052, 1.32175744500006, 0.0 ], [ 103.878458394000063, 1.32175744500006, 0.0 ] ] ] } },
{ "type": "Feature", "properties": { "OID": 199, "Name": "Norfo IIIntegrated Pr. School", "FolderPath": "SG Chinese Schools (cleaned)", "SymbolID": 0, "AltMode": -1, "Base": 0.0, "Clamped": 0, "Extruded": 0, "Snippet": "", "PopupInfo": "拼音: <br>Address R3: Norfolk Road<br>Country: Singapore<br>创办时间公元 Opened Date:", "Shape_Length": 0.03061959600006503 }, "geometry": { "type": "MultiLineString", "coordinates": [ [ [ 103.842612272000054, 1.312485929000047, 0.0 ], [ 103.842612272000054, 1.319047271000045, 0.0 ], [ 103.851360728000088, 1.319047271000045, 0.0 ], [ 103.851360728000088, 1.312485929000047, 0.0 ], [ 103.842612272000054, 1.312485929000047, 0.0 ] ] ] } },
{ "type": "Feature", "properties": { "OID": 200, "Name": "Parry Govt. Chinese Pr. School", "FolderPath": "SG Chinese Schools (cleaned)", "SymbolID": 0, "AltMode": -1, "Base": 0.0, "Clamped": 0, "Extruded": 0, "Snippet": "", "PopupInfo": "拼音: <br>Address R3: Parry Avenue<br>Country: Singapore<br>创办时间公元 Opened Date:", "Shape_Length": 0.030618979999871954 }, "geometry": { "type": "MultiLineString", "coordinates": [ [ [ 103.874003660000085, 1.361094595000054, 0.0 ], [ 103.874003660000085, 1.367655805000027, 0.0 ], [ 103.882751940000048, 1.367655805000027, 0.0 ], [ 103.882751940000048, 1.361094595000054, 0.0 ], [ 103.874003660000085, 1.361094595000054, 0.0 ] ] ] } },
{ "type": "Feature", "properties": { "OID": 201, "Name": "Teachers’ Training College", "FolderPath": "SG Chinese Schools (cleaned)", "SymbolID": 0, "AltMode": -1, "Base": 0.0, "Clamped": 0, "Extruded": 0, "Snippet": "", "PopupInfo": "拼音: <br>Address R3: Paterson Road<br>Country: Singapore<br>创办时间公元 Opened Date:", "Shape_Length": 0.030619748000049185 }, "geometry": { "type": "MultiLineString", "coordinates": [ [ [ 103.826907750000032, 1.298948313000039, 0.0 ], [ 103.826907750000032, 1.30550968700004, 0.0 ], [ 103.835656250000056, 1.30550968700004, 0.0 ], [ 103.835656250000056, 1.298948313000039, 0.0 ], [ 103.826907750000032, 1.298948313000039, 0.0 ] ] ] } },
{ "type": "Feature", "properties": { "OID": 202, "Name": "Paya Lebar Integrated School", "FolderPath": "SG Chinese Schools (cleaned)", "SymbolID": 0, "AltMode": -1, "Base": 0.0, "Clamped": 0, "Extruded": 0, "Snippet": "", "PopupInfo": "拼音: <br>Address R3: Paya Lebar<br>Country: Singapore<br>创办时间公元 Opened Date:", "Shape_Length": 0.24495208400003321 }, "geometry": { "type": "MultiLineString", "coordinates": [ [ [ 103.864522845000067, 1.325363834000029, 0.0 ], [ 103.864522845000067, 1.377853566000056, 0.0 ], [ 103.934509155000057, 1.377853566000056, 0.0 ], [ 103.934509155000057, 1.325363834000029, 0.0 ], [ 103.864522845000067, 1.325363834000029, 0.0 ] ] ] } },
{ "type": "Feature", "properties": { "OID": 203, "Name": "Meng Teck School", "FolderPath": "SG Chinese Schools (cleaned)", "SymbolID": 0, "AltMode": -1, "Base": 0.0, "Clamped": 0, "Extruded": 0, "Snippet": "", "PopupInfo": "拼音: <br>Address R3: Ponggol Road 9 m.s.<br>Country: Singapore<br>创办时间公元 Opened Date:", "Shape_Length": 0.030618751999895721 }, "geometry": { "type": "MultiLineString", "coordinates": [ [ [ 103.892509893000067, 1.376451819000067, 0.0 ], [ 103.892509893000067, 1.383012981000036, 0.0 ], [ 103.901258107000046, 1.383012981000036, 0.0 ], [ 103.901258107000046, 1.376451819000067, 0.0 ], [ 103.892509893000067, 1.376451819000067, 0.0 ] ] ] } },
{ "type": "Feature", "properties": { "OID": 204, "Name": "Bin Kiang School", "FolderPath": "SG Chinese Schools (cleaned)", "SymbolID": 0, "AltMode": -1, "Base": 0.0, "Clamped": 0, "Extruded": 0, "Snippet": "", "PopupInfo": "拼音: Mǐnjiāng Xuéxiào<br>Address R3: Pulao Ubin<br>Country: Singapore<br>创办时间公元 Opened Date:", "Shape_Length": 0.030618519999961791 }, "geometry": { "type": "MultiLineString", "coordinates": [ [ [ 103.974568526000041, 1.394088744000044, 0.0 ], [ 103.974568526000041, 1.40064985600003, 0.0 ], [ 103.983316674000037, 1.40064985600003, 0.0 ], [ 103.983316674000037, 1.394088744000044, 0.0 ], [ 103.974568526000041, 1.394088744000044, 0.0 ] ] ] } },
{ "type": "Feature", "properties": { "OID": 205, "Name": "Pulau Tekong Int. Pr. School", "FolderPath": "SG Chinese Schools (cleaned)", "SymbolID": 0, "AltMode": -1, "Base": 0.0, "Clamped": 0, "Extruded": 0, "Snippet": "", "PopupInfo": "拼音: <br>Address R3: Pulau Tekong Besar<br>Country: Singapore<br>创办时间公元 Opened Date:", "Shape_Length": 0.030618519999961791 }, "geometry": { "type": "MultiLineString", "coordinates": [ [ [ 104.036988326000085, 1.394440444000054, 0.0 ], [ 104.036988326000085, 1.40100155600004, 0.0 ], [ 104.04573647400008, 1.40100155600004, 0.0 ], [ 104.04573647400008, 1.394440444000054, 0.0 ], [ 104.036988326000085, 1.394440444000054, 0.0 ] ] ] } },
{ "type": "Feature", "properties": { "OID": 206, "Name": "Tanglin Integrated Secondary Vocotionl School", "FolderPath": "SG Chinese Schools (cleaned)", "SymbolID": 0, "AltMode": -1, "Base": 0.0, "Clamped": 0, "Extruded": 0, "Snippet": "", "PopupInfo": "拼音: <br>Address R3: Queenway Singapore<br>Country: Singapore<br>创办时间公元 Opened Date:", "Shape_Length": 0.030619827999998961 }, "geometry": { "type": "MultiLineString", "coordinates": [ [ [ 103.795388839000054, 1.292940004000059, 0.0 ], [ 103.795388839000054, 1.299501396000039, 0.0 ], [ 103.804137361000073, 1.299501396000039, 0.0 ], [ 103.804137361000073, 1.292940004000059, 0.0 ], [ 103.795388839000054, 1.292940004000059, 0.0 ] ] ] } },
{ "type": "Feature", "properties": { "OID": 207, "Name": "Min Cheng School", "FolderPath": "SG Chinese Schools (cleaned)", "SymbolID": 0, "AltMode": -1, "Base": 0.0, "Clamped": 0, "Extruded": 0, "Snippet": "", "PopupInfo": "拼音: Mín Zhèng Xuéxiào<br>Address R3: Seletar <br>Country: Singapore<br>创办时间公元 Opened Date:", "Shape_Length": 0.12247316400009822 }, "geometry": { "type": "MultiLineString", "coordinates": [ [ [ 103.848845634000043, 1.392040875000021, 0.0 ], [ 103.848845634000043, 1.418285125000068, 0.0 ], [ 103.883837966000044, 1.418285125000068, 0.0 ], [ 103.883837966000044, 1.392040875000021, 0.0 ], [ 103.848845634000043, 1.392040875000021, 0.0 ] ] ] } },
{ "type": "Feature", "properties": { "OID": 208, "Name": "Hua Mien School", "FolderPath": "SG Chinese Schools (cleaned)", "SymbolID": 0, "AltMode": -1, "Base": 0.0, "Clamped": 0, "Extruded": 0, "Snippet": "", "PopupInfo": "拼音: <br>Address R3: Seletar <br>Country: Singapore<br>创办时间公元 Opened Date:", "Shape_Length": 0.12247316400009822 }, "geometry": { "type": "MultiLineString", "coordinates": [ [ [ 103.848845634000043, 1.392040875000021, 0.0 ], [ 103.848845634000043, 1.418285125000068, 0.0 ], [ 103.883837966000044, 1.418285125000068, 0.0 ], [ 103.883837966000044, 1.392040875000021, 0.0 ], [ 103.848845634000043, 1.392040875000021, 0.0 ] ] ] } },
{ "type": "Feature", "properties": { "OID": 209, "Name": "Lee Cheng School", "FolderPath": "SG Chinese Schools (cleaned)", "SymbolID": 0, "AltMode": -1, "Base": 0.0, "Clamped": 0, "Extruded": 0, "Snippet": "", "PopupInfo": "拼音: Lì Zhèng Xuéxiào<br>Address R3: Seletar Road, 12 1/4 m.s.<br>Country: Singapore<br>创办时间公元 Opened Date:", "Shape_Length": 0.030618672000059632 }, "geometry": { "type": "MultiLineString", "coordinates": [ [ [ 103.86402290400008, 1.383904328000028, 0.0 ], [ 103.86402290400008, 1.390465472000074, 0.0 ], [ 103.872771096000065, 1.390465472000074, 0.0 ], [ 103.872771096000065, 1.383904328000028, 0.0 ], [ 103.86402290400008, 1.383904328000028, 0.0 ] ] ] } },
{ "type": "Feature", "properties": { "OID": 210, "Name": "Hwa Kwang School", "FolderPath": "SG Chinese Schools (cleaned)", "SymbolID": 0, "AltMode": -1, "Base": 0.0, "Clamped": 0, "Extruded": 0, "Snippet": "", "PopupInfo": "拼音: Huá Guāng Xuéxiào<br>Address R3: Sembawang Road 12 1/2 m.s.<br>Country: Singapore<br>创办时间公元 Opened Date:", "Shape_Length": 0.030618443999969713 }, "geometry": { "type": "MultiLineString", "coordinates": [ [ [ 103.813316537000048, 1.399476752000055, 0.0 ], [ 103.813316537000048, 1.40603784800004, 0.0 ], [ 103.822064663000049, 1.40603784800004, 0.0 ], [ 103.822064663000049, 1.399476752000055, 0.0 ], [ 103.813316537000048, 1.399476752000055, 0.0 ] ] ] } },
{ "type": "Feature", "properties": { "OID": 211, "Name": "Seng Poh Govt. Chinese Pr. School", "FolderPath": "SG Chinese Schools (cleaned)", "SymbolID": 0, "AltMode": -1, "Base": 0.0, "Clamped": 0, "Extruded": 0, "Snippet": "", "PopupInfo": "拼音: Chéng Bǎo Zhèngfǔ Huáwén Xiǎoxué<br>Address R3: Seng Poh Road<br>Country: Singapore<br>创办时间公元 Opened Date:", "Shape_Length": 0.030619979999983116 }, "geometry": { "type": "MultiLineString", "coordinates": [ [ [ 103.82852661700008, 1.28154538800004, 0.0 ], [ 103.82852661700008, 1.288106812000024, 0.0 ], [ 103.837275183000088, 1.288106812000024, 0.0 ], [ 103.837275183000088, 1.28154538800004, 0.0 ], [ 103.82852661700008, 1.28154538800004, 0.0 ] ] ] } },
{ "type": "Feature", "properties": { "OID": 212, "Name": "Serangoon Garden Govt. High School", "FolderPath": "SG Chinese Schools (cleaned)", "SymbolID": 0, "AltMode": -1, "Base": 0.0, "Clamped": 0, "Extruded": 0, "Snippet": "", "PopupInfo": "拼音: Shí Lóng Gǎng Xuéxiào<br>Address R3: Serangoon Garden Road<br>Country: Singapore<br>创办时间公元 Opened Date:", "Shape_Length": 0.030618980000099327 }, "geometry": { "type": "MultiLineString", "coordinates": [ [ [ 103.862006560000054, 1.360426595000035, 0.0 ], [ 103.862006560000054, 1.366987805000065, 0.0 ], [ 103.870754840000075, 1.366987805000065, 0.0 ], [ 103.870754840000075, 1.360426595000035, 0.0 ], [ 103.862006560000054, 1.360426595000035, 0.0 ] ] ] } },
{ "type": "Feature", "properties": { "OID": 213, "Name": "Whampoa Secondary School", "FolderPath": "SG Chinese Schools (cleaned)", "SymbolID": 0, "AltMode": -1, "Base": 0.0, "Clamped": 0, "Extruded": 0, "Snippet": "", "PopupInfo": "拼音: Huángbù Zhèngfǔ Huáwén Zhōngxué<br>Address R3: St. George Road<br>Country: Singapore<br>创办时间公元 Opened Date:", "Shape_Length": 0.030619443999967189 }, "geometry": { "type": "MultiLineString", "coordinates": [ [ [ 103.857575694000047, 1.320224145000054, 0.0 ], [ 103.857575694000047, 1.326785455000049, 0.0 ], [ 103.866324106000036, 1.326785455000049, 0.0 ], [ 103.866324106000036, 1.320224145000054, 0.0 ], [ 103.857575694000047, 1.320224145000054, 0.0 ] ] ] } },
{ "type": "Feature", "properties": { "OID": 214, "Name": "Phay Min School", "FolderPath": "SG Chinese Schools (cleaned)", "SymbolID": 0, "AltMode": -1, "Base": 0.0, "Clamped": 0, "Extruded": 0, "Snippet": "", "PopupInfo": "拼音: Péi Mín Xuéxiào<br>Address R3: Sungel Kadut Road<br>Country: Singapore<br>创办时间公元 Opened Date:", "Shape_Length": 0.030618215999993481 }, "geometry": { "type": "MultiLineString", "coordinates": [ [ [ 103.739808869000058, 1.419614977000037, 0.0 ], [ 103.739808869000058, 1.426176023000039, 0.0 ], [ 103.748556931000053, 1.426176023000039, 0.0 ], [ 103.748556931000053, 1.419614977000037, 0.0 ], [ 103.739808869000058, 1.419614977000037, 0.0 ] ] ] } },
{ "type": "Feature", "properties": { "OID": 215, "Name": "Ting Ying School", "FolderPath": "SG Chinese Schools (cleaned)", "SymbolID": 0, "AltMode": -1, "Base": 0.0, "Clamped": 0, "Extruded": 0, "Snippet": "", "PopupInfo": "拼音: Dǐng Yīng Xuéxiào<br>Address R3: Tanah Merah Besar, Changi Road<br>Country: Singapore<br>创办时间公元 Opened Date: 1933", "Shape_Length": 0.03061897999998564 }, "geometry": { "type": "MultiLineString", "coordinates": [ [ [ 103.967696860000046, 1.357496695000066, 0.0 ], [ 103.967696860000046, 1.364057905000038, 0.0 ], [ 103.976445140000067, 1.364057905000038, 0.0 ], [ 103.976445140000067, 1.357496695000066, 0.0 ], [ 103.967696860000046, 1.357496695000066, 0.0 ] ] ] } },
{ "type": "Feature", "properties": { "OID": 216, "Name": "Telok Ayer Integrated Pr. School", "FolderPath": "SG Chinese Schools (cleaned)", "SymbolID": 0, "AltMode": -1, "Base": 0.0, "Clamped": 0, "Extruded": 0, "Snippet": "", "PopupInfo": "拼音: <br>Address R3: Telok Ayer Street <br>Country: Singapore<br>创办时间公元 Opened Date:", "Shape_Length": 0.030619979999983116 }, "geometry": { "type": "MultiLineString", "coordinates": [ [ [ 103.843671017000077, 1.27825438800005, 0.0 ], [ 103.843671017000077, 1.284815812000033, 0.0 ], [ 103.852419583000085, 1.284815812000033, 0.0 ], [ 103.852419583000085, 1.27825438800005, 0.0 ], [ 103.843671017000077, 1.27825438800005, 0.0 ] ] ] } },
{ "type": "Feature", "properties": { "OID": 217, "Name": "Thomson Govt. Ch. Mid. School", "FolderPath": "SG Chinese Schools (cleaned)", "SymbolID": 0, "AltMode": -1, "Base": 0.0, "Clamped": 0, "Extruded": 0, "Snippet": "", "PopupInfo": "拼音: <br>Address R3: Thomson Road<br>Country: Singapore<br>创办时间公元 Opened Date:", "Shape_Length": 0.030619443999967189 }, "geometry": { "type": "MultiLineString", "coordinates": [ [ [ 103.836971194000057, 1.324215645000038, 0.0 ], [ 103.836971194000057, 1.330776955000033, 0.0 ], [ 103.845719606000046, 1.330776955000033, 0.0 ], [ 103.845719606000046, 1.324215645000038, 0.0 ], [ 103.836971194000057, 1.324215645000038, 0.0 ] ] ] } },
{ "type": "Feature", "properties": { "OID": 218, "Name": "Thomson Primary School", "FolderPath": "SG Chinese Schools (cleaned)", "SymbolID": 0, "AltMode": -1, "Base": 0.0, "Clamped": 0, "Extruded": 0, "Snippet": "", "PopupInfo": "拼音: <br>Address R3: Thomson Road<br>Country: Singapore<br>创办时间公元 Opened Date:", "Shape_Length": 0.030619443999967189 }, "geometry": { "type": "MultiLineString", "coordinates": [ [ [ 103.836971194000057, 1.324215645000038, 0.0 ], [ 103.836971194000057, 1.330776955000033, 0.0 ], [ 103.845719606000046, 1.330776955000033, 0.0 ], [ 103.845719606000046, 1.324215645000038, 0.0 ], [ 103.836971194000057, 1.324215645000038, 0.0 ] ] ] } },
{ "type": "Feature", "properties": { "OID": 219, "Name": "Toh Tuck Secondary School", "FolderPath": "SG Chinese Schools (cleaned)", "SymbolID": 0, "AltMode": -1, "Base": 0.0, "Clamped": 0, "Extruded": 0, "Snippet": "", "PopupInfo": "拼音: <br>Address R3: Toh Tuck Road<br>Country: Singapore<br>创办时间公元 Opened Date:", "Shape_Length": 0.030619288000025335 }, "geometry": { "type": "MultiLineString", "coordinates": [ [ [ 103.761796316000073, 1.336419662000026, 0.0 ], [ 103.761796316000073, 1.342980938000039, 0.0 ], [ 103.770544684000072, 1.342980938000039, 0.0 ], [ 103.770544684000072, 1.336419662000026, 0.0 ], [ 103.761796316000073, 1.336419662000026, 0.0 ] ] ] } },
{ "type": "Feature", "properties": { "OID": 220, "Name": "Holy Innocents' Ch. Girls' School", "FolderPath": "SG Chinese Schools (cleaned)", "SymbolID": 0, "AltMode": -1, "Base": 0.0, "Clamped": 0, "Extruded": 0, "Snippet": "", "PopupInfo": "拼音: Shèng Yīng Nǚxiào<br>Address R3: Upper Serangoon Road 7 1/2 m.s.<br>Country: Singapore<br>创办时间公元 Opened Date:", "Shape_Length": 0.030619287999911649 }, "geometry": { "type": "MultiLineString", "coordinates": [ [ [ 103.864631316000043, 1.333923662000075, 0.0 ], [ 103.864631316000043, 1.340484938000031, 0.0 ], [ 103.873379684000042, 1.340484938000031, 0.0 ], [ 103.873379684000042, 1.333923662000075, 0.0 ], [ 103.864631316000043, 1.333923662000075, 0.0 ] ] ] } },
{ "type": "Feature", "properties": { "OID": 221, "Name": "Holy Innocents' High School", "FolderPath": "SG Chinese Schools (cleaned)", "SymbolID": 0, "AltMode": -1, "Base": 0.0, "Clamped": 0, "Extruded": 0, "Snippet": "", "PopupInfo": "拼音: Shèng Yīng Huáwén Fēnxiào<br>Address R3: Upper Serangoon Road 7 1/4 m.s.<br>Country: Singapore<br>创办时间公元 Opened Date:", "Shape_Length": 0.030619287999911649 }, "geometry": { "type": "MultiLineString", "coordinates": [ [ [ 103.864631316000043, 1.333923662000075, 0.0 ], [ 103.864631316000043, 1.340484938000031, 0.0 ], [ 103.873379684000042, 1.340484938000031, 0.0 ], [ 103.873379684000042, 1.333923662000075, 0.0 ], [ 103.864631316000043, 1.333923662000075, 0.0 ] ] ] } },
{ "type": "Feature", "properties": { "OID": 222, "Name": "Heng Toon School", "FolderPath": "SG Chinese Schools (cleaned)", "SymbolID": 0, "AltMode": -1, "Base": 0.0, "Clamped": 0, "Extruded": 0, "Snippet": "", "PopupInfo": "拼音: Xìng Dūn Xuéxiào<br>Address R3: Upper Thomson Rd<br>Country: Singapore<br>创办时间公元 Opened Date:", "Shape_Length": 0.030618828000001486 }, "geometry": { "type": "MultiLineString", "coordinates": [ [ [ 103.824134482000034, 1.369652711000072, 0.0 ], [ 103.824134482000034, 1.376213889000041, 0.0 ], [ 103.832882718000064, 1.376213889000041, 0.0 ], [ 103.832882718000064, 1.369652711000072, 0.0 ], [ 103.824134482000034, 1.369652711000072, 0.0 ] ] ] } },
{ "type": "Feature", "properties": { "OID": 223, "Name": "Upper Thomson Secondary Sch.", "FolderPath": "SG Chinese Schools (cleaned)", "SymbolID": 0, "AltMode": -1, "Base": 0.0, "Clamped": 0, "Extruded": 0, "Snippet": "", "PopupInfo": "拼音: <br>Address R3: Upper Thomson Road. 10 m.s.<br>Country: Singapore<br>创办时间公元 Opened Date:", "Shape_Length": 0.030619136000041181 }, "geometry": { "type": "MultiLineString", "coordinates": [ [ [ 103.833671438000067, 1.344692278000025, 0.0 ], [ 103.833671438000067, 1.351253522000036, 0.0 ], [ 103.842419762000077, 1.351253522000036, 0.0 ], [ 103.842419762000077, 1.344692278000025, 0.0 ], [ 103.833671438000067, 1.344692278000025, 0.0 ] ] ] } },
{ "type": "Feature", "properties": { "OID": 224, "Name": "St. Nicholas Grils' High School", "FolderPath": "SG Chinese Schools (cleaned)", "SymbolID": 0, "AltMode": -1, "Base": 0.0, "Clamped": 0, "Extruded": 0, "Snippet": "", "PopupInfo": "拼音: Shèng Ní Gélā Nǚxiào Jì Fùxiǎo<br>Address R3: Victoria Street<br>Country: Singapore<br>创办时间公元 Opened Date:", "Shape_Length": 0.030619748000049185 }, "geometry": { "type": "MultiLineString", "coordinates": [ [ [ 103.851498050000032, 1.297222513000065, 0.0 ], [ 103.851498050000032, 1.303783887000066, 0.0 ], [ 103.860246550000056, 1.303783887000066, 0.0 ], [ 103.860246550000056, 1.297222513000065, 0.0 ], [ 103.851498050000032, 1.297222513000065, 0.0 ] ] ] } },
{ "type": "Feature", "properties": { "OID": 225, "Name": "Eng Khoon School", "FolderPath": "SG Chinese Schools (cleaned)", "SymbolID": 0, "AltMode": -1, "Base": 0.0, "Clamped": 0, "Extruded": 0, "Snippet": "", "PopupInfo": "拼音: Yīng Qún Xuéxiào<br>Address R3: West Coast Road, 9 m.s.<br>Country: Singapore<br>创办时间公元 Opened Date:", "Shape_Length": 0.030619827999998961 }, "geometry": { "type": "MultiLineString", "coordinates": [ [ [ 103.763255739000044, 1.289430504000052, 0.0 ], [ 103.763255739000044, 1.295991896000032, 0.0 ], [ 103.772004261000063, 1.295991896000032, 0.0 ], [ 103.772004261000063, 1.289430504000052, 0.0 ], [ 103.763255739000044, 1.289430504000052, 0.0 ] ] ] } },
{ "type": "Feature", "properties": { "OID": 226, "Name": "Willow Avenue Secondary School", "FolderPath": "SG Chinese Schools (cleaned)", "SymbolID": 0, "AltMode": -1, "Base": 0.0, "Clamped": 0, "Extruded": 0, "Snippet": "", "PopupInfo": "拼音: <br>Address R3: Willow Avenue<br>Country: Singapore<br>创办时间公元 Opened Date:", "Shape_Length": 0.030619363999903726 }, "geometry": { "type": "MultiLineString", "coordinates": [ [ [ 103.870612405000088, 1.330224954000073, 0.0 ], [ 103.870612405000088, 1.336786246000031, 0.0 ], [ 103.879360795000082, 1.336786246000031, 0.0 ], [ 103.879360795000082, 1.330224954000073, 0.0 ], [ 103.870612405000088, 1.330224954000073, 0.0 ] ] ] } },
{ "type": "Feature", "properties": { "OID": 227, "Name": "Yit Min School", "FolderPath": "SG Chinese Schools (cleaned)", "SymbolID": 0, "AltMode": -1, "Base": 0.0, "Clamped": 0, "Extruded": 0, "Snippet": "", "PopupInfo": "拼音: Yì Mín Xuéxiào<br>Address R3: Woodlands Rd. , 14 m.s.<br>Country: Singapore<br>创办时间公元 Opened Date:", "Shape_Length": 0.030618752000123095 }, "geometry": { "type": "MultiLineString", "coordinates": [ [ [ 103.756858793000049, 1.377369619000035, 0.0 ], [ 103.756858793000049, 1.383930781000061, 0.0 ], [ 103.765607007000085, 1.383930781000061, 0.0 ], [ 103.765607007000085, 1.377369619000035, 0.0 ], [ 103.756858793000049, 1.377369619000035, 0.0 ] ] ] } },
{ "type": "Feature", "properties": { "OID": 228, "Name": "Kwok Min School", "FolderPath": "SG Chinese Schools (cleaned)", "SymbolID": 0, "AltMode": -1, "Base": 0.0, "Clamped": 0, "Extruded": 0, "Snippet": "", "PopupInfo": "拼音: Guómín Xuéxiào<br>Address R3: Woodlands Road, 12 m.s.<br>Country: Singapore<br>创办时间公元 Opened Date:", "Shape_Length": 0.030618752000123095 }, "geometry": { "type": "MultiLineString", "coordinates": [ [ [ 103.756892393000044, 1.37730521900005, 0.0 ], [ 103.756892393000044, 1.383866381000075, 0.0 ], [ 103.76564060700008, 1.383866381000075, 0.0 ], [ 103.76564060700008, 1.37730521900005, 0.0 ], [ 103.756892393000044, 1.37730521900005, 0.0 ] ] ] } },
{ "type": "Feature", "properties": { "OID": 229, "Name": "Fook Hin Public School", "FolderPath": "SG Chinese Schools (cleaned)", "SymbolID": 0, "AltMode": -1, "Base": 0.0, "Clamped": 0, "Extruded": 0, "Snippet": "", "PopupInfo": "拼音: Fùxīng Xuéxiào<br>Address R3: Yio Chu Kang Rd. 10 3/4 m.s.<br>Country: Singapore<br>创办时间公元 Opened Date:", "Shape_Length": 0.030619055999977718 }, "geometry": { "type": "MultiLineString", "coordinates": [ [ [ 103.873244749000037, 1.351251987000069, 0.0 ], [ 103.873244749000037, 1.357813213000043, 0.0 ], [ 103.881993051000052, 1.357813213000043, 0.0 ], [ 103.881993051000052, 1.351251987000069, 0.0 ], [ 103.873244749000037, 1.351251987000069, 0.0 ] ] ] } },
{ "type": "Feature", "properties": { "OID": 230, "Name": "Yio Chu Kang Secondary School", "FolderPath": "SG Chinese Schools (cleaned)", "SymbolID": 0, "AltMode": -1, "Base": 0.0, "Clamped": 0, "Extruded": 0, "Snippet": "", "PopupInfo": "拼音: <br>Address R3: Yio Chu Kang Road, 10 m.s.<br>Country: Singapore<br>创办时间公元 Opened Date:", "Shape_Length": 0.030619055999977718 }, "geometry": { "type": "MultiLineString", "coordinates": [ [ [ 103.873244749000037, 1.351251987000069, 0.0 ], [ 103.873244749000037, 1.357813213000043, 0.0 ], [ 103.881993051000052, 1.357813213000043, 0.0 ], [ 103.881993051000052, 1.351251987000069, 0.0 ], [ 103.873244749000037, 1.351251987000069, 0.0 ] ] ] } }
]
}
