{
"type": "FeatureCollection",
"name": "sg_main_god",
"crs": { "type": "name", "properties": { "name": "urn:ogc:def:crs:OGC:1.3:CRS84" } },
"features": [
{ "type": "Feature", "properties": { "OBJECTID": 1, "TempleID": 1, "Main_God_ID": 1, "SCNTemple": "阿乐佳佛教中心 ", "TCNTemple": "阿樂佳佛教中心", "ENTemple": "Aloka Buddhist Centre", "Main_God_Ch": null, "Main_God_English": null, "Main_God_ID_1": 1, "Address": "11 Lorong 22 Geylang #02-00", "Postal_Code": 398670, "ADDRESS_1": "11 LORONG 22 GEYLANG", "X": 33465.6591738602, "Y": 32751.693827223, "LATITUDE": 1.31246871821063, "LONGITUDE": 103.882430223144 }, "geometry": { "type": "Point", "coordinates": [ 103.882430223378506, 1.312468717964439 ] } },
{ "type": "Feature", "properties": { "OBJECTID": 2, "TempleID": 2, "Main_God_ID": 189, "SCNTemple": "阿弥陀佛佛教中心", "TCNTemple": "阿彌陀佛佛教中心", "ENTemple": "Amitabha Buddhist Centre", "Main_God_Ch": "释迦牟尼佛", "Main_God_English": "Sakyamuni Buddha", "Main_God_ID_1": 189, "Address": "44 Lorong 25A Geylang", "Postal_Code": 388244, "ADDRESS_1": "44 LORONG 25A GEYLANG", "X": 33559.617502935202, "Y": 33013.437396870897, "LATITUDE": 1.3148358169433301, "LONGITUDE": 103.88327453186599 }, "geometry": { "type": "Point", "coordinates": [ 103.883274531839291, 1.314835816971637 ] } },
{ "type": "Feature", "properties": { "OBJECTID": 4, "TempleID": 6, "Main_God_ID": 145, "SCNTemple": "爱民宫", "TCNTemple": "愛民宮", "ENTemple": "Aik Beng Keng", "Main_God_Ch": "释迦牟尼佛", "Main_God_English": "Sakyamuni Buddha", "Main_God_ID_1": null, "Address": "397 Bt Batok West Ave 8", "Postal_Code": 658964, "ADDRESS_1": "397 BUKIT BATOK WEST AVENUE 8", "X": 17619.083580964201, "Y": 36585.9680295773, "LATITUDE": 1.3471432239435399, "LONGITUDE": 103.740039652137 }, "geometry": { "type": "Point", "coordinates": [ 103.740039652307956, 1.347143223676069 ] } },
{ "type": "Feature", "properties": { "OBJECTID": 5, "TempleID": 6, "Main_God_ID": 195, "SCNTemple": "爱民宫", "TCNTemple": "愛民宮", "ENTemple": "Aik Beng Keng", "Main_God_Ch": "感应尊王", "Main_God_English": null, "Main_God_ID_1": null, "Address": "397 Bt Batok West Ave 8", "Postal_Code": 658964, "ADDRESS_1": "397 BUKIT BATOK WEST AVENUE 8", "X": 17619.083580964201, "Y": 36585.9680295773, "LATITUDE": 1.3471432239435399, "LONGITUDE": 103.740039652137 }, "geometry": { "type": "Point", "coordinates": [ 103.740039652307956, 1.347143223676069 ] } },
{ "type": "Feature", "properties": { "OBJECTID": 6, "TempleID": 7, "Main_God_ID": 134, "SCNTemple": "安济圣王庙", "TCNTemple": "安濟圣王廟", "ENTemple": "Ang Chee Sia Ong Temple", "Main_God_Ch": "麻府相公", "Main_God_English": null, "Main_God_ID_1": 134, "Address": "131 West Coast Drive ", "Postal_Code": 128014, "ADDRESS_1": "131 WEST COAST DRIVE", "X": 19893.886882201801, "Y": 32653.715819107401, "LATITUDE": 1.3115820576017201, "LONGITUDE": 103.760481190314 }, "geometry": { "type": "Point", "coordinates": [ 103.760481190473797, 1.311582057428927 ] } },
{ "type": "Feature", "properties": { "OBJECTID": 11, "TempleID": 10, "Main_God_ID": 156, "SCNTemple": "安山庙", "TCNTemple": "安山廟", "ENTemple": "Ann San Temple", "Main_God_Ch": "张公圣君", "Main_God_English": null, "Main_God_ID_1": 156, "Address": "488 Serangoon North Avenue 1", "Postal_Code": 555894, "ADDRESS_1": "17 SERANGOON NORTH AVENUE 1", "X": 32067.0145103754, "Y": 38941.161884849898, "LATITUDE": 1.36844427550906, "LONGITUDE": 103.869863542373 }, "geometry": { "type": "Point", "coordinates": [ 103.869863542279106, 1.368444275646084 ] } },
{ "type": "Feature", "properties": { "OBJECTID": 12, "TempleID": 13, "Main_God_ID": 1, "SCNTemple": "巴利莱佛堂", "TCNTemple": "巴利萊佛堂", "ENTemple": "Palelai Buddhist Temple", "Main_God_Ch": "正顺尊王", "Main_God_English": null, "Main_God_ID_1": 1, "Address": "49 Bedok Walk", "Postal_Code": 469145, "ADDRESS_1": "49 BEDOK WALK", "X": 40562.933013633803, "Y": 34826.906351136, "LATITUDE": 1.3312340919607799, "LONGITUDE": 103.946203517584 }, "geometry": { "type": "Point", "coordinates": [ 103.946203517460944, 1.331234092402701 ] } },
{ "type": "Feature", "properties": { "OBJECTID": 13, "TempleID": 14, "Main_God_ID": 6, "SCNTemple": "八巃（山正龙）元帅殿", "TCNTemple": "八巃（山正龍）元帅殿", "ENTemple": "Pak Leng Guard Seow Tian", "Main_God_Ch": "释迦牟尼佛", "Main_God_English": "Sakyamuni Buddha", "Main_God_ID_1": 6, "Address": "11  Choa Chu Kang Street 51 ", "Postal_Code": 689334, "ADDRESS_1": "11 CHOA CHU KANG STREET 51", "X": 17920.504179210398, "Y": 41491.5159807932, "LATITUDE": 1.3915072948885701, "LONGITUDE": 103.742746434118 }, "geometry": { "type": "Point", "coordinates": [ 103.742746434304522, 1.391507295062291 ] } },
{ "type": "Feature", "properties": { "OBJECTID": 14, "TempleID": 17, "Main_God_ID": 9, "SCNTemple": "天后宫（半港）", "TCNTemple": "天后宮（半港）", "ENTemple": "Kampong Tengah Thian Hou Keng", "Main_God_Ch": "哪吒", "Main_God_English": "The Third Prince/ Marshal Central Altar", "Main_God_ID_1": 9, "Address": "80 Rivervale Crescent #01-01", "Postal_Code": 545087, "ADDRESS_1": "80 RIVERVALE CRESCENT", "X": 36206.304723689304, "Y": 41229.585506347903, "LATITUDE": 1.3891390825171499, "LONGITUDE": 103.90705857476701 }, "geometry": { "type": "Point", "coordinates": [ 103.907058574553872, 1.389139082459757 ] } },
{ "type": "Feature", "properties": { "OBJECTID": 16, "TempleID": 22, "Main_God_ID": 41, "SCNTemple": "保赤宫（陈氏宗祠）", "TCNTemple": "保赤宮（陳氏宗祠）", "ENTemple": "Po Chiak Keng (Tan Si Chong Su Temple)", "Main_God_Ch": "齐天大圣", "Main_God_English": "Monkey King", "Main_God_ID_1": 41, "Address": "15 Magazine Rd", "Postal_Code": 59568, "ADDRESS_1": "15 MAGAZINE ROAD", "X": 29061.435932382901, "Y": 30188.785812620099, "LATITUDE": 1.2892911473805, "LONGITUDE": 103.84285601886801 }, "geometry": { "type": "Point", "coordinates": [ 103.842856018576796, 1.289291147266375 ] } },
{ "type": "Feature", "properties": { "OBJECTID": 17, "TempleID": 28, "Main_God_ID": 18, "SCNTemple": "保生庙", "TCNTemple": "保生廟", "ENTemple": "Bao Sheng Miao", "Main_God_Ch": "开漳圣王", "Main_God_English": null, "Main_God_ID_1": null, "Address": "Blk 3, 400 Geylang Lor 3 ", "Postal_Code": 560557, "ADDRESS_1": "557 ANG MO KIO AVENUE 10", "X": 30717.373319044698, "Y": 39292.930731497698, "LATITUDE": 1.3716257020332201, "LONGITUDE": 103.857736107527 }, "geometry": { "type": "Point", "coordinates": [ 103.857736107355706, 1.371625701748378 ] } },
{ "type": "Feature", "properties": { "OBJECTID": 18, "TempleID": 28, "Main_God_ID": 18, "SCNTemple": "保生庙", "TCNTemple": "保生廟", "ENTemple": "Bao Sheng Miao", "Main_God_Ch": "保生大帝", "Main_God_English": "God of Medicine", "Main_God_ID_1": null, "Address": "Blk 3, 400 Geylang Lor 3 ", "Postal_Code": 560557, "ADDRESS_1": "557 ANG MO KIO AVENUE 10", "X": 30717.373319044698, "Y": 39292.930731497698, "LATITUDE": 1.3716257020332201, "LONGITUDE": 103.857736107527 }, "geometry": { "type": "Point", "coordinates": [ 103.857736107355706, 1.371625701748378 ] } },
{ "type": "Feature", "properties": { "OBJECTID": 19, "TempleID": 28, "Main_God_ID": 82, "SCNTemple": "保生庙", "TCNTemple": "保生廟", "ENTemple": "Bao Sheng Miao", "Main_God_Ch": "保生大帝", "Main_God_English": "God of Medicine", "Main_God_ID_1": null, "Address": "Blk 3, 400 Geylang Lor 3 ", "Postal_Code": 560557, "ADDRESS_1": "557 ANG MO KIO AVENUE 10", "X": 30717.373319044698, "Y": 39292.930731497698, "LATITUDE": 1.3716257020332201, "LONGITUDE": 103.857736107527 }, "geometry": { "type": "Point", "coordinates": [ 103.857736107355706, 1.371625701748378 ] } },
{ "type": "Feature", "properties": { "OBJECTID": 20, "TempleID": 28, "Main_God_ID": 133, "SCNTemple": "保生庙", "TCNTemple": "保生廟", "ENTemple": "Bao Sheng Miao", "Main_God_Ch": "许真人", "Main_God_English": null, "Main_God_ID_1": null, "Address": "Blk 3, 400 Geylang Lor 3 ", "Postal_Code": 560557, "ADDRESS_1": "557 ANG MO KIO AVENUE 10", "X": 30717.373319044698, "Y": 39292.930731497698, "LATITUDE": 1.3716257020332201, "LONGITUDE": 103.857736107527 }, "geometry": { "type": "Point", "coordinates": [ 103.857736107355706, 1.371625701748378 ] } },
{ "type": "Feature", "properties": { "OBJECTID": 21, "TempleID": 31, "Main_God_ID": 124, "SCNTemple": "北海社", "TCNTemple": "北海社", "ENTemple": "Pei Hai Seventh Moon Scoiety", "Main_God_Ch": "孙真人", "Main_God_English": null, "Main_God_ID_1": 124, "Address": "282-A Bedok Shopping Complex", "Postal_Code": 469439, "ADDRESS_1": "282A BEDOK ROAD", "X": 40799.826084360502, "Y": 34899.362788865299, "LATITUDE": 1.3318892620118199, "LONGITUDE": 103.948332161058 }, "geometry": { "type": "Point", "coordinates": [ 103.948332161198636, 1.331889262112519 ] } },
{ "type": "Feature", "properties": { "OBJECTID": 22, "TempleID": 40, "Main_God_ID": 36, "SCNTemple": "本元虚灵山总道堂", "TCNTemple": "本元虛靈山總道堂", "ENTemple": "Poon Guan Hui Leng Sun Chong Tao Tong", "Main_God_Ch": "四海龙王", "Main_God_English": null, "Main_God_ID_1": 36, "Address": "553 Bukit Batok Street 23", "Postal_Code": 659521, "ADDRESS_1": "553 BUKIT BATOK STREET 23", "X": 19517.518488485399, "Y": 35827.454113164902, "LATITUDE": 1.3402840967431899, "LONGITUDE": 103.757098460264 }, "geometry": { "type": "Point", "coordinates": [ 103.757098460367217, 1.340284096624138 ] } },
{ "type": "Feature", "properties": { "OBJECTID": 25, "TempleID": 58, "Main_God_ID": 1, "SCNTemple": "禅宗寺", "TCNTemple": "禪宗寺", "ENTemple": "Chan Zong Si", "Main_God_Ch": "杨公大帅", "Main_God_English": null, "Main_God_ID_1": null, "Address": "39 Lorong 20 Geylang", "Postal_Code": 398755, "ADDRESS_1": "39 LORONG 20 GEYLANG", "X": 33368.025373254, "Y": 32605.2716992926, "LATITUDE": 1.3111445457944799, "LONGITUDE": 103.881552910143 }, "geometry": { "type": "Point", "coordinates": [ 103.881552910382553, 1.311144545800877 ] } },
{ "type": "Feature", "properties": { "OBJECTID": 26, "TempleID": 58, "Main_God_ID": 34, "SCNTemple": "禅宗寺", "TCNTemple": "禪宗寺", "ENTemple": "Chan Zong Si", "Main_God_Ch": "释迦牟尼佛", "Main_God_English": "Sakyamuni Buddha", "Main_God_ID_1": null, "Address": "39 Lorong 20 Geylang", "Postal_Code": 398755, "ADDRESS_1": "39 LORONG 20 GEYLANG", "X": 33368.025373254, "Y": 32605.2716992926, "LATITUDE": 1.3111445457944799, "LONGITUDE": 103.881552910143 }, "geometry": { "type": "Point", "coordinates": [ 103.881552910382553, 1.311144545800877 ] } },
{ "type": "Feature", "properties": { "OBJECTID": 27, "TempleID": 58, "Main_God_ID": 3, "SCNTemple": "禅宗寺", "TCNTemple": "禪宗寺", "ENTemple": "Chan Zong Si", "Main_God_Ch": "弥勒佛", "Main_God_English": null, "Main_God_ID_1": null, "Address": "39 Lorong 20 Geylang", "Postal_Code": 398755, "ADDRESS_1": "39 LORONG 20 GEYLANG", "X": 33368.025373254, "Y": 32605.2716992926, "LATITUDE": 1.3111445457944799, "LONGITUDE": 103.881552910143 }, "geometry": { "type": "Point", "coordinates": [ 103.881552910382553, 1.311144545800877 ] } },
{ "type": "Feature", "properties": { "OBJECTID": 28, "TempleID": 59, "Main_God_ID": 15, "SCNTemple": "长天宫", "TCNTemple": "長天宮", "ENTemple": "Chang Tien Kong Temple", "Main_God_Ch": "观世音菩萨", "Main_God_English": "Goddess of Mercy", "Main_God_ID_1": 15, "Address": "109b Hougang Avenue 5", "Postal_Code": 538819, "ADDRESS_1": "109B HOUGANG AVENUE 5", "X": 34926.519375195698, "Y": 38625.602929800698, "LATITUDE": 1.36558994240584, "LONGITUDE": 103.895558107558 }, "geometry": { "type": "Point", "coordinates": [ 103.89555810778036, 1.365589942136329 ] } },
{ "type": "Feature", "properties": { "OBJECTID": 29, "TempleID": 60, "Main_God_ID": 118, "SCNTemple": "长秀馆", "TCNTemple": "長秀館", "ENTemple": "Teong Siew Kuan", "Main_God_Ch": "善财童子", "Main_God_English": "Sudhana", "Main_God_ID_1": 118, "Address": "362 Yishun Avenue 3", "Postal_Code": 769060, "ADDRESS_1": "362 YISHUN AVENUE 3", "X": 27971.825294161201, "Y": 44918.105110881901, "LATITUDE": 1.4224978836406399, "LONGITUDE": 103.833065403289 }, "geometry": { "type": "Point", "coordinates": [ 103.83306540334128, 1.422497883542233 ] } },
{ "type": "Feature", "properties": { "OBJECTID": 30, "TempleID": 63, "Main_God_ID": 14, "SCNTemple": "朝云宫", "TCNTemple": "朝雲宮", "ENTemple": "Chao Yun Gong", "Main_God_Ch": "卓府三位大人", "Main_God_English": null, "Main_God_ID_1": null, "Address": "58 Hougang Avenue 3 ", "Postal_Code": 538841, "ADDRESS_1": "56 HOUGANG AVENUE 3", "X": 34608.905102981298, "Y": 37887.315351363301, "LATITUDE": 1.35891320903368, "LONGITUDE": 103.892703963042 }, "geometry": { "type": "Point", "coordinates": [ 103.892703963014853, 1.358913209473544 ] } },
{ "type": "Feature", "properties": { "OBJECTID": 31, "TempleID": 63, "Main_God_ID": 16, "SCNTemple": "朝云宫", "TCNTemple": "朝雲宮", "ENTemple": "Chao Yun Gong", "Main_God_Ch": "朱府大人", "Main_God_English": "Lord Zhu", "Main_God_ID_1": null, "Address": "58 Hougang Avenue 3 ", "Postal_Code": 538841, "ADDRESS_1": "56 HOUGANG AVENUE 3", "X": 34608.905102981298, "Y": 37887.315351363301, "LATITUDE": 1.35891320903368, "LONGITUDE": 103.892703963042 }, "geometry": { "type": "Point", "coordinates": [ 103.892703963014853, 1.358913209473544 ] } },
{ "type": "Feature", "properties": { "OBJECTID": 32, "TempleID": 63, "Main_God_ID": 17, "SCNTemple": "朝云宫", "TCNTemple": "朝雲宮", "ENTemple": "Chao Yun Gong", "Main_God_Ch": "邢府大人", "Main_God_English": "Lord Xing", "Main_God_ID_1": null, "Address": "58 Hougang Avenue 3 ", "Postal_Code": 538841, "ADDRESS_1": "56 HOUGANG AVENUE 3", "X": 34608.905102981298, "Y": 37887.315351363301, "LATITUDE": 1.35891320903368, "LONGITUDE": 103.892703963042 }, "geometry": { "type": "Point", "coordinates": [ 103.892703963014853, 1.358913209473544 ] } },
{ "type": "Feature", "properties": { "OBJECTID": 33, "TempleID": 63, "Main_God_ID": 85, "SCNTemple": "朝云宫", "TCNTemple": "朝雲宮", "ENTemple": "Chao Yun Gong", "Main_God_Ch": "李府大人", "Main_God_English": "Lord Li", "Main_God_ID_1": null, "Address": "58 Hougang Avenue 3 ", "Postal_Code": 538841, "ADDRESS_1": "56 HOUGANG AVENUE 3", "X": 34608.905102981298, "Y": 37887.315351363301, "LATITUDE": 1.35891320903368, "LONGITUDE": 103.892703963042 }, "geometry": { "type": "Point", "coordinates": [ 103.892703963014853, 1.358913209473544 ] } },
{ "type": "Feature", "properties": { "OBJECTID": 34, "TempleID": 65, "Main_God_ID": 2, "SCNTemple": "成邦大伯公宫", "TCNTemple": "成邦大伯公宮", "ENTemple": "Seng Pang Tua Pek Kong Keng", "Main_God_Ch": "郑府仙公", "Main_God_English": null, "Main_God_ID_1": 2, "Address": "475 Yishun Ring Road", "Postal_Code": 768678, "ADDRESS_1": "475 YISHUN RING ROAD", "X": 27412.9261273183, "Y": 46167.372189700603, "LATITUDE": 1.4337957971820601, "LONGITUDE": 103.828043163432 }, "geometry": { "type": "Point", "coordinates": [ 103.828043163185797, 1.433795797275198 ] } },
{ "type": "Feature", "properties": { "OBJECTID": 35, "TempleID": 69, "Main_God_ID": 34, "SCNTemple": "城隍庙万寿寺", "TCNTemple": "城隍廟萬壽寺", "ENTemple": "Sheng Hong Temple Wan Shou Si ", "Main_God_Ch": "大伯公", "Main_God_English": "Tua Bek Kong", "Main_God_ID_1": null, "Address": "300 Pandan Gardens", "Postal_Code": 609341, "ADDRESS_1": "300 PANDAN GARDENS", "X": 18801.284284057099, "Y": 33689.079904500402, "LATITUDE": 1.3209452079816, "LONGITUDE": 103.750663319983 }, "geometry": { "type": "Point", "coordinates": [ 103.750663320125781, 1.320945207940906 ] } },
{ "type": "Feature", "properties": { "OBJECTID": 36, "TempleID": 69, "Main_God_ID": 1, "SCNTemple": "城隍庙万寿寺", "TCNTemple": "城隍廟萬壽寺", "ENTemple": "Sheng Hong Temple Wan Shou Si ", "Main_God_Ch": "弥勒佛", "Main_God_English": null, "Main_God_ID_1": null, "Address": "300 Pandan Gardens", "Postal_Code": 609341, "ADDRESS_1": "300 PANDAN GARDENS", "X": 18801.284284057099, "Y": 33689.079904500402, "LATITUDE": 1.3209452079816, "LONGITUDE": 103.750663319983 }, "geometry": { "type": "Point", "coordinates": [ 103.750663320125781, 1.320945207940906 ] } },
{ "type": "Feature", "properties": { "OBJECTID": 37, "TempleID": 69, "Main_God_ID": 3, "SCNTemple": "城隍庙万寿寺", "TCNTemple": "城隍廟萬壽寺", "ENTemple": "Sheng Hong Temple Wan Shou Si ", "Main_God_Ch": "释迦牟尼佛", "Main_God_English": "Sakyamuni Buddha", "Main_God_ID_1": null, "Address": "300 Pandan Gardens", "Postal_Code": 609341, "ADDRESS_1": "300 PANDAN GARDENS", "X": 18801.284284057099, "Y": 33689.079904500402, "LATITUDE": 1.3209452079816, "LONGITUDE": 103.750663319983 }, "geometry": { "type": "Point", "coordinates": [ 103.750663320125781, 1.320945207940906 ] } },
{ "type": "Feature", "properties": { "OBJECTID": 38, "TempleID": 70, "Main_God_ID": 47, "SCNTemple": "城隍庙杨桃园", "TCNTemple": "城隍廟楊桃園", "ENTemple": "Sheng Hong Temple", "Main_God_Ch": "观世音菩萨", "Main_God_English": "Goddess of Mercy", "Main_God_ID_1": 47, "Address": "300 Pandan Gardens", "Postal_Code": 609341, "ADDRESS_1": "300 PANDAN GARDENS", "X": 18801.284284057099, "Y": 33689.079904500402, "LATITUDE": 1.3209452079816, "LONGITUDE": 103.750663319983 }, "geometry": { "type": "Point", "coordinates": [ 103.750663320125781, 1.320945207940906 ] } },
{ "type": "Feature", "properties": { "OBJECTID": 39, "TempleID": 86, "Main_God_ID": 7, "SCNTemple": "崇德善堂", "TCNTemple": "崇德善堂", "ENTemple": "Chong De Shan Tang", "Main_God_Ch": "济公活佛", "Main_God_English": null, "Main_God_ID_1": 7, "Address": "30 - 32 Bedok Reservoir Road", "Postal_Code": 479231, "ADDRESS_1": "32 BEDOK RESERVOIR ROAD", "X": 36312.290611186101, "Y": 34827.486104095398, "LATITUDE": 1.33124079669578, "LONGITUDE": 103.908009159613 }, "geometry": { "type": "Point", "coordinates": [ 103.908009159512062, 1.331240796658748 ] } },
{ "type": "Feature", "properties": { "OBJECTID": 40, "TempleID": 87, "Main_God_ID": 7, "SCNTemple": "崇峰善堂", "TCNTemple": "崇峰善堂", "ENTemple": "Chung Hong Siang Tng", "Main_God_Ch": "宋大峰祖师", "Main_God_English": null, "Main_God_ID_1": 7, "Address": "106 Pasir Panjang Road", "Postal_Code": 118534, "ADDRESS_1": "106 PASIR PANJANG ROAD", "X": 23653.8286674628, "Y": 28684.4017338306, "LATITUDE": 1.27568574487588, "LONGITUDE": 103.794266646686 }, "geometry": { "type": "Point", "coordinates": [ 103.794266646978272, 1.275685744569932 ] } },
{ "type": "Feature", "properties": { "OBJECTID": 41, "TempleID": 88, "Main_God_ID": 5, "SCNTemple": "崇福堂", "TCNTemple": "崇福堂", "ENTemple": "Chong Fu Tang", "Main_God_Ch": "宋大峰祖师", "Main_God_English": null, "Main_God_ID_1": 5, "Address": "9 Wolskel Road", "Postal_Code": 357961, "ADDRESS_1": "9 WOLSKEL ROAD", "X": 32171.534125937102, "Y": 36478.041207624599, "LATITUDE": 1.34616867964733, "LONGITUDE": 103.870802381076 }, "geometry": { "type": "Point", "coordinates": [ 103.870802380842846, 1.346168679578389 ] } },
{ "type": "Feature", "properties": { "OBJECTID": 42, "TempleID": 91, "Main_God_ID": 11, "SCNTemple": "重兴祖庙", "TCNTemple": "重興祖廟", "ENTemple": "Tioh Hin Cho Temple", "Main_God_Ch": "玄天上帝", "Main_God_English": null, "Main_God_ID_1": 11, "Address": "121A Langsat Road", "Postal_Code": 426774, "ADDRESS_1": "121A LANGSAT ROAD", "X": 35984.375236072599, "Y": 33148.884717121698, "LATITUDE": 1.3160602194551001, "LONGITUDE": 103.905062221942 }, "geometry": { "type": "Point", "coordinates": [ 103.905062221617499, 1.316060219300271 ] } },
{ "type": "Feature", "properties": { "OBJECTID": 43, "TempleID": 92, "Main_God_ID": 4, "SCNTemple": "崇义庙（万兴山）", "TCNTemple": "崇義廟（萬興山）", "ENTemple": "Chong Ghee Temple", "Main_God_Ch": "张公圣君", "Main_God_English": null, "Main_God_ID_1": 4, "Address": "80 Rivervale Crescent, #01-01", "Postal_Code": 545087, "ADDRESS_1": "80 RIVERVALE CRESCENT", "X": 36206.304723689304, "Y": 41229.585506347903, "LATITUDE": 1.3891390825171499, "LONGITUDE": 103.90705857476701 }, "geometry": { "type": "Point", "coordinates": [ 103.907058574553872, 1.389139082459757 ] } },
{ "type": "Feature", "properties": { "OBJECTID": 44, "TempleID": 98, "Main_God_ID": 148, "SCNTemple": "创价学会（淡濱尼）", "TCNTemple": "創價學會（淡濱尼）", "ENTemple": "Tampines Soka Centre", "Main_God_Ch": "关帝圣君", "Main_God_English": "God of War", "Main_God_ID_1": 148, "Address": "5 Tampines Street 92", "Postal_Code": 528890, "ADDRESS_1": "5 TAMPINES STREET 92", "X": 40212.950280703597, "Y": 36283.654435006902, "LATITUDE": 1.3444085233947101, "LONGITUDE": 103.943059317319 }, "geometry": { "type": "Point", "coordinates": [ 103.943059317492086, 1.344408523078118 ] } },
{ "type": "Feature", "properties": { "OBJECTID": 45, "TempleID": 101, "Main_God_ID": 3, "SCNTemple": "慈恩阁（大树下）", "TCNTemple": "慈悲恩閣（大樹下）", "ENTemple": "Ci Ern Ge", "Main_God_Ch": "日莲", "Main_God_English": null, "Main_God_ID_1": 3, "Address": "177 Toa Payoh Central", "Postal_Code": 310177, "ADDRESS_1": "177 TOA PAYOH CENTRAL", "X": 29729.020739531101, "Y": 35121.444463904903, "LATITUDE": 1.3339003405738901, "LONGITUDE": 103.84885481838199 }, "geometry": { "type": "Point", "coordinates": [ 103.848854818026467, 1.333900340900323 ] } },
{ "type": "Feature", "properties": { "OBJECTID": 46, "TempleID": 102, "Main_God_ID": 2, "SCNTemple": "赐福宫大伯公联谊会 赐福宫（金泉律）", "TCNTemple": "賜福宮大伯公聯誼會 赐福宫（金泉律）", "ENTemple": "Sze Hock Keng Tua Peh Kong Association", "Main_God_Ch": "观世音菩萨", "Main_God_English": "Goddess of Mercy", "Main_God_ID_1": 2, "Address": "146D Paya Lebar Road", "Postal_Code": 409041, "ADDRESS_1": "146D PAYA LEBAR ROAD", "X": 34427.404197999298, "Y": 34470.705514971203, "LATITUDE": 1.32801465866568, "LONGITUDE": 103.89107233254801 }, "geometry": { "type": "Point", "coordinates": [ 103.891072332565372, 1.328014658530285 ] } },
{ "type": "Feature", "properties": { "OBJECTID": 47, "TempleID": 107, "Main_God_ID": 18, "SCNTemple": "慈济宫圣果园", "TCNTemple": "慈濟宮圣果園", "ENTemple": "Ci Ji Gong Sheng Guo Yuan", "Main_God_Ch": "大伯公", "Main_God_English": "Tua Bek Kong", "Main_God_ID_1": 18, "Address": "Blk 262, Waterloo Street #07-221", "Postal_Code": 180262, "ADDRESS_1": "262 WATERLOO STREET", "X": 30063.0513067348, "Y": 31211.3892187569, "LATITUDE": 1.2985391627352301, "LONGITUDE": 103.85185601290399 }, "geometry": { "type": "Point", "coordinates": [ 103.851856012843427, 1.298539162565607 ] } },
{ "type": "Feature", "properties": { "OBJECTID": 48, "TempleID": 110, "Main_God_ID": 61, "SCNTemple": "慈莲堂", "TCNTemple": "慈蓮堂", "ENTemple": "Cher Lian Tong Buddhist Temple ", "Main_God_Ch": "保生大帝", "Main_God_English": "God of Medicine", "Main_God_ID_1": null, "Address": "23 Bangkit Road ", "Postal_Code": 679972, "ADDRESS_1": "23 BANGKIT ROAD", "X": 21365.938488909, "Y": 40017.989899527303, "LATITUDE": 1.3781822520907101, "LONGITUDE": 103.77370667197501 }, "geometry": { "type": "Point", "coordinates": [ 103.773706672074439, 1.378182252094989 ] } },
{ "type": "Feature", "properties": { "OBJECTID": 49, "TempleID": 110, "Main_God_ID": 3, "SCNTemple": "慈莲堂", "TCNTemple": "慈蓮堂", "ENTemple": "Cher Lian Tong Buddhist Temple ", "Main_God_Ch": "千手千眼观世音菩萨", "Main_God_English": null, "Main_God_ID_1": null, "Address": "23 Bangkit Road ", "Postal_Code": 679972, "ADDRESS_1": "23 BANGKIT ROAD", "X": 21365.938488909, "Y": 40017.989899527303, "LATITUDE": 1.3781822520907101, "LONGITUDE": 103.77370667197501 }, "geometry": { "type": "Point", "coordinates": [ 103.773706672074439, 1.378182252094989 ] } },
{ "type": "Feature", "properties": { "OBJECTID": 50, "TempleID": 112, "Main_God_ID": 11, "SCNTemple": "慈灵宫（正华慈圣宫）", "TCNTemple": "慈靈宮（正華慈聖宮）", "ENTemple": "Ci Ling Gong", "Main_God_Ch": "观世音菩萨", "Main_God_English": "Goddess of Mercy", "Main_God_ID_1": 11, "Address": "25 Tampines Street 21", "Postal_Code": 529394, "ADDRESS_1": "25 TAMPINES STREET 21", "X": 40970.4589973763, "Y": 37545.692151248499, "LATITUDE": 1.3558216025370999, "LONGITUDE": 103.94986652515399 }, "geometry": { "type": "Point", "coordinates": [ 103.949866525176873, 1.355821602977986 ] } },
{ "type": "Feature", "properties": { "OBJECTID": 51, "TempleID": 115, "Main_God_ID": 84, "SCNTemple": "慈善坛", "TCNTemple": "慈善壇", "ENTemple": "Ci Shan Tan", "Main_God_Ch": "张公圣君", "Main_God_English": null, "Main_God_ID_1": 84, "Address": "12 Jurong West Street 76", "Postal_Code": 648349, "ADDRESS_1": "12 JURONG WEST STREET 76", "X": 13563.971263682501, "Y": 36617.387013912201, "LATITUDE": 1.3474256873143999, "LONGITUDE": 103.703602009626 }, "geometry": { "type": "Point", "coordinates": [ 103.703602009952206, 1.347425687188606 ] } },
{ "type": "Feature", "properties": { "OBJECTID": 52, "TempleID": 117, "Main_God_ID": 38, "SCNTemple": "慈义堂", "TCNTemple": "慈義堂", "ENTemple": "Chee Ghee Deang", "Main_God_Ch": "达摩祖师", "Main_God_English": "Bodhidharma", "Main_God_ID_1": null, "Address": "3302 Clementi Service Rd / \n3302 Commonwealth Avenue West", "Postal_Code": 129582, "ADDRESS_1": "3302 COMMONWEALTH AVENUE WEST", "X": 20027.296016966, "Y": 33839.835015373297, "LATITUDE": 1.3223089270575099, "LONGITUDE": 103.761679629637 }, "geometry": { "type": "Point", "coordinates": [ 103.761679629484021, 1.32230892691849 ] } },
{ "type": "Feature", "properties": { "OBJECTID": 53, "TempleID": 117, "Main_God_ID": 10, "SCNTemple": "慈义堂", "TCNTemple": "慈義堂", "ENTemple": "Chee Ghee Deang", "Main_God_Ch": "黄老仙师", "Main_God_English": null, "Main_God_ID_1": null, "Address": "3302 Clementi Service Rd / \n3302 Commonwealth Avenue West", "Postal_Code": 129582, "ADDRESS_1": "3302 COMMONWEALTH AVENUE WEST", "X": 20027.296016966, "Y": 33839.835015373297, "LATITUDE": 1.3223089270575099, "LONGITUDE": 103.761679629637 }, "geometry": { "type": "Point", "coordinates": [ 103.761679629484021, 1.32230892691849 ] } },
{ "type": "Feature", "properties": { "OBJECTID": 54, "TempleID": 117, "Main_God_ID": 13, "SCNTemple": "慈义堂", "TCNTemple": "慈義堂", "ENTemple": "Chee Ghee Deang", "Main_God_Ch": "齐天大圣", "Main_God_English": "Monkey King", "Main_God_ID_1": null, "Address": "3302 Clementi Service Rd / \n3302 Commonwealth Avenue West", "Postal_Code": 129582, "ADDRESS_1": "3302 COMMONWEALTH AVENUE WEST", "X": 20027.296016966, "Y": 33839.835015373297, "LATITUDE": 1.3223089270575099, "LONGITUDE": 103.761679629637 }, "geometry": { "type": "Point", "coordinates": [ 103.761679629484021, 1.32230892691849 ] } },
{ "type": "Feature", "properties": { "OBJECTID": 55, "TempleID": 121, "Main_God_ID": 38, "SCNTemple": "慈云山宮", "TCNTemple": "慈雲山宮", "ENTemple": "Chee Hoon Sun Kong", "Main_God_Ch": "太上老君", "Main_God_English": null, "Main_God_ID_1": null, "Address": "525 Yishun Industrial Park A", "Postal_Code": 768769, "ADDRESS_1": "525 YISHUN INDUSTRIAL PARK A", "X": 28280.3197018104, "Y": 47240.772930314801, "LATITUDE": 1.44350324916467, "LONGITUDE": 103.835837527107 }, "geometry": { "type": "Point", "coordinates": [ 103.835837527090874, 1.443503248890523 ] } },
{ "type": "Feature", "properties": { "OBJECTID": 56, "TempleID": 121, "Main_God_ID": 10, "SCNTemple": "慈云山宮", "TCNTemple": "慈雲山宮", "ENTemple": "Chee Hoon Sun Kong", "Main_God_Ch": "黄老仙师", "Main_God_English": null, "Main_God_ID_1": null, "Address": "525 Yishun Industrial Park A", "Postal_Code": 768769, "ADDRESS_1": "525 YISHUN INDUSTRIAL PARK A", "X": 28280.3197018104, "Y": 47240.772930314801, "LATITUDE": 1.44350324916467, "LONGITUDE": 103.835837527107 }, "geometry": { "type": "Point", "coordinates": [ 103.835837527090874, 1.443503248890523 ] } },
{ "type": "Feature", "properties": { "OBJECTID": 57, "TempleID": 121, "Main_God_ID": 13, "SCNTemple": "慈云山宮", "TCNTemple": "慈雲山宮", "ENTemple": "Chee Hoon Sun Kong", "Main_God_Ch": "齐天大圣", "Main_God_English": "Monkey King", "Main_God_ID_1": null, "Address": "525 Yishun Industrial Park A", "Postal_Code": 768769, "ADDRESS_1": "525 YISHUN INDUSTRIAL PARK A", "X": 28280.3197018104, "Y": 47240.772930314801, "LATITUDE": 1.44350324916467, "LONGITUDE": 103.835837527107 }, "geometry": { "type": "Point", "coordinates": [ 103.835837527090874, 1.443503248890523 ] } },
{ "type": "Feature", "properties": { "OBJECTID": 58, "TempleID": 122, "Main_God_ID": 2, "SCNTemple": "赐正宫", "TCNTemple": "賜正宮", "ENTemple": "Sze Cheng Keng Temple", "Main_God_Ch": "太上老君", "Main_God_English": null, "Main_God_ID_1": 2, "Address": "16 Ubi Road 4  #02-01", "Postal_Code": 408624, "ADDRESS_1": "16 UBI ROAD 4", "X": 35357.3406888545, "Y": 34983.527972344302, "LATITUDE": 1.33265222960033, "LONGITUDE": 103.899428442096 }, "geometry": { "type": "Point", "coordinates": [ 103.899428442195671, 1.332652229850446 ] } },
{ "type": "Feature", "properties": { "OBJECTID": 59, "TempleID": 124, "Main_God_ID": 38, "SCNTemple": "新加坡慈忠庙 aka 黄老仙师庙", "TCNTemple": "新加坡慈忠廟 aka 黃老仙師廟", "ENTemple": "Singapore Chee Chung Huay formerly Chee Chung Huay aka Huang Lao Xian Si Temple", "Main_God_Ch": "大伯公", "Main_God_English": "Tua Bek Kong", "Main_God_ID_1": 38, "Address": "364D Macpherson Road \n(378 Macpherson Road , 368113)", "Postal_Code": 368112, "ADDRESS_1": "364D MACPHERSON ROAD", "X": 33158.7515955251, "Y": 34804.972838342197, "LATITUDE": 1.3310378944827901, "LONGITUDE": 103.87967285197099 }, "geometry": { "type": "Point", "coordinates": [ 103.879672852010586, 1.331037894136039 ] } },
{ "type": "Feature", "properties": { "OBJECTID": 60, "TempleID": 125, "Main_God_ID": 26, "SCNTemple": "葱茅园九皇宫", "TCNTemple": "葱茅园九皇宫", "ENTemple": "Charn Mao Hern Kew Huang Keng", "Main_God_Ch": "黄老仙师", "Main_God_English": null, "Main_God_ID_1": 26, "Address": "28 Arumugam Road", "Postal_Code": 409965, "ADDRESS_1": "28 ARUMUGAM ROAD", "X": 34548.386902852901, "Y": 34220.727715954199, "LATITUDE": 1.3257539233300599, "LONGITUDE": 103.892159374751 }, "geometry": { "type": "Point", "coordinates": [ 103.892159374724955, 1.325753923185784 ] } },
{ "type": "Feature", "properties": { "OBJECTID": 61, "TempleID": 127, "Main_God_ID": 7, "SCNTemple": "大芭窑修德善堂", "TCNTemple": "大芭窯修德善堂", "ENTemple": "Toa Payoh Seu Teck Sean Tong", "Main_God_Ch": "九皇大帝", "Main_God_English": "Nine Emperor Gods", "Main_God_ID_1": 7, "Address": "2 Lorong 6 Toa Payoh", "Postal_Code": 319377, "ADDRESS_1": "2 LORONG 6 TOA PAYOH", "X": 30009.781380667398, "Y": 35625.1924284212, "LATITUDE": 1.33845604099014, "LONGITUDE": 103.85137764634101 }, "geometry": { "type": "Point", "coordinates": [ 103.851377646513953, 1.338456040733103 ] } },
{ "type": "Feature", "properties": { "OBJECTID": 62, "TempleID": 128, "Main_God_ID": 3, "SCNTemple": "大悲佛教中心 ", "TCNTemple": "大悲佛教中心", "ENTemple": "Tai Pei Buddhist Centre", "Main_God_Ch": "宋大峰祖师", "Main_God_English": null, "Main_God_ID_1": 3, "Address": "2 Lavender Street ", "Postal_Code": 338823, "ADDRESS_1": "2 LAVENDER STREET", "X": 31475.244313214898, "Y": 32397.6500086505, "LATITUDE": 1.3092671602378401, "LONGITUDE": 103.864545326358 }, "geometry": { "type": "Point", "coordinates": [ 103.864545326239323, 1.309267160159619 ] } },
{ "type": "Feature", "properties": { "OBJECTID": 63, "TempleID": 129, "Main_God_ID": 3, "SCNTemple": "大悲院", "TCNTemple": "大悲院", "ENTemple": "Tai Pei Yuen Temple", "Main_God_Ch": "观世音菩萨", "Main_God_English": "Goddess of Mercy", "Main_God_ID_1": 3, "Address": "7 Jalan Kemaman", "Postal_Code": 329333, "ADDRESS_1": "7 JALAN KEMAMAN", "X": 29999.3909569485, "Y": 34367.658346012198, "LATITUDE": 1.32708334961788, "LONGITUDE": 103.85128419993499 }, "geometry": { "type": "Point", "coordinates": [ 103.851284200321885, 1.32708334920176 ] } },
{ "type": "Feature", "properties": { "OBJECTID": 64, "TempleID": 130, "Main_God_ID": 2, "SCNTemple": "篮投巷大伯公", "TCNTemple": "藍投巷大伯公", "ENTemple": "Lan Tou Xiang Tua Pek Kong Temple", "Main_God_Ch": "观世音菩萨", "Main_God_English": "Goddess of Mercy", "Main_God_ID_1": 2, "Address": "36 Joo Avenue", "Postal_Code": 219331, "ADDRESS_1": "36 JOO AVENUE", "X": 30383.619582820698, "Y": 33111.355746790803, "LATITUDE": 1.3157217662035801, "LONGITUDE": 103.85473660681301 }, "geometry": { "type": "Point", "coordinates": [ 103.854736606966753, 1.315721765780419 ] } },
{ "type": "Feature", "properties": { "OBJECTID": 65, "TempleID": 131, "Main_God_ID": 2, "SCNTemple": "梧槽大伯公宫", "TCNTemple": "梧槽大伯公宫", "ENTemple": "Goh Cho Tua Peh Kong Temple Rochor / Wu Cao Tua Peh Kong Temple", "Main_God_Ch": "大伯公", "Main_God_English": "Tua Bek Kong", "Main_God_ID_1": 2, "Address": "249 Balestier Rd", "Postal_Code": 329708, "ADDRESS_1": "249 BALESTIER ROAD", "X": 30146.858843718699, "Y": 33780.0654635541, "LATITUDE": 1.32176935771558, "LONGITUDE": 103.852609238418 }, "geometry": { "type": "Point", "coordinates": [ 103.852609238024641, 1.321769358045198 ] } },
{ "type": "Feature", "properties": { "OBJECTID": 66, "TempleID": 132, "Main_God_ID": 2, "SCNTemple": "大伯公庙（龟屿福山宫）", "TCNTemple": "大伯公廟（龜嶼福山宮）", "ENTemple": "Da Bogong Temple (Kusu Island) ", "Main_God_Ch": "大伯公", "Main_God_English": "Tua Bek Kong", "Main_God_ID_1": 2, "Address": "10 Kusu Island", "Postal_Code": 98586, "ADDRESS_1": "10 KUSU ISLAND", "X": 30961.4858487118, "Y": 22893.308225875699, "LATITUDE": 1.2233132787205101, "LONGITUDE": 103.85992808298001 }, "geometry": { "type": "Point", "coordinates": [ 103.859928082541771, 1.223313278486506 ] } },
{ "type": "Feature", "properties": { "OBJECTID": 67, "TempleID": 134, "Main_God_ID": 2, "SCNTemple": "云南大伯公庙", "TCNTemple": "雲南大伯公廟", "ENTemple": "Hoon Lam Tua Peh Kong Temple", "Main_God_Ch": "大伯公", "Main_God_English": "Tua Bek Kong", "Main_God_ID_1": 2, "Address": "10 Bukit Batok Street 21", "Postal_Code": 659632, "ADDRESS_1": "10 BUKIT BATOK STREET 21", "X": 18831.535983599701, "Y": 36469.112485377103, "LATITUDE": 1.3460868202701299, "LONGITUDE": 103.750934311051 }, "geometry": { "type": "Point", "coordinates": [ 103.750934311197952, 1.346086820402388 ] } },
{ "type": "Feature", "properties": { "OBJECTID": 68, "TempleID": 135, "Main_God_ID": 2, "SCNTemple": "大伯公坛（桥北路）", "TCNTemple": "大伯公壇（橋北路）", "ENTemple": "North Bridge Road Tua Pek Kong", "Main_God_Ch": "大伯公", "Main_God_English": "Tua Bek Kong", "Main_God_ID_1": 2, "Address": "861 North Bridge Road", "Postal_Code": 198783, "ADDRESS_1": "861 NORTH BRIDGE ROAD", "X": 31404.4695041245, "Y": 31995.9501274861, "LATITUDE": 1.3056343365221199, "LONGITUDE": 103.86390933665599 }, "geometry": { "type": "Point", "coordinates": [ 103.863909336618534, 1.305634336273536 ] } },
{ "type": "Feature", "properties": { "OBJECTID": 69, "TempleID": 136, "Main_God_ID": 2, "SCNTemple": "武吉知马七英里大伯公宫", "TCNTemple": "武吉知馬七英里大伯公宮", "ENTemple": "Bukit Timah Tua Pek Kong Temple", "Main_God_Ch": "大伯公", "Main_God_English": "Tua Bek Kong", "Main_God_ID_1": 2, "Address": "10 Jalan Seh Chuan", "Postal_Code": 598416, "ADDRESS_1": "10 JALAN SEH CHUAN", "X": 21455.5697978362, "Y": 35939.957635864601, "LATITUDE": 1.34130202130186, "LONGITUDE": 103.77451296741 }, "geometry": { "type": "Point", "coordinates": [ 103.774512967429416, 1.34130202097751 ] } },
{ "type": "Feature", "properties": { "OBJECTID": 70, "TempleID": 137, "Main_God_ID": 1, "SCNTemple": "大乘禅寺", "TCNTemple": "大乘禪寺", "ENTemple": "Thekchen Cho-Ling ", "Main_God_Ch": "大伯公", "Main_God_English": "Tua Bek Kong", "Main_God_ID_1": 1, "Address": "6 Hindhede Road ", "Postal_Code": 589242, "ADDRESS_1": "6A HINDHEDE ROAD", "X": 21571.5335867014, "Y": 36347.242989135899, "LATITUDE": 1.3449853884926899, "LONGITUDE": 103.775554884404 }, "geometry": { "type": "Point", "coordinates": [ 103.775554884522748, 1.344985388590957 ] } },
{ "type": "Feature", "properties": { "OBJECTID": 71, "TempleID": 138, "Main_God_ID": 1, "SCNTemple": "大觉寺", "TCNTemple": "大覺寺", "ENTemple": "Tai Kak Seah Temple ", "Main_God_Ch": "释迦牟尼佛", "Main_God_English": "Sakyamuni Buddha", "Main_God_ID_1": 1, "Address": "86 Lorong K Telok Kurau", "Postal_Code": 425720, "ADDRESS_1": "86 LORONG K TELOK KURAU", "X": 36823.480080570102, "Y": 32789.219589149601, "LATITUDE": 1.31280730847562, "LONGITUDE": 103.912601895454 }, "geometry": { "type": "Point", "coordinates": [ 103.912601895628598, 1.312807308573739 ] } },
{ "type": "Feature", "properties": { "OBJECTID": 72, "TempleID": 142, "Main_God_ID": 2, "SCNTemple": "大士伯公宫", "TCNTemple": "大士伯公宮", "ENTemple": "Tuas Pek Kong Keng", "Main_God_Ch": "释迦牟尼佛", "Main_God_English": "Sakyamuni Buddha", "Main_God_ID_1": 2, "Address": "118 Boon Lay Drive", "Postal_Code": 649923, "ADDRESS_1": "118 BOON LAY DRIVE", "X": 14642.5981349014, "Y": 36341.9172768649, "LATITUDE": 1.3449349423768799, "LONGITUDE": 103.71329424037199 }, "geometry": { "type": "Point", "coordinates": [ 103.713294240058175, 1.344934942586102 ] } },
{ "type": "Feature", "properties": { "OBJECTID": 73, "TempleID": 147, "Main_God_ID": 2, "SCNTemple": "淡滨尼九哩大伯公 aka 淡滨尼九哩福德正神", "TCNTemple": "淡濱尼九哩大伯公 aka 淡濱尼九哩福德正神", "ENTemple": "Dan Bin Ni Jiu Li Da bo Gong Miao aka Dan Bin Ni Jiu Li Fu De Zheng Shen Miao ", "Main_God_Ch": "大伯公", "Main_God_English": "Tua Bek Kong", "Main_God_ID_1": 2, "Address": "25 Tampines Street 21", "Postal_Code": 529394, "ADDRESS_1": "25 TAMPINES STREET 21", "X": 40970.4589973763, "Y": 37545.692151248499, "LATITUDE": 1.3558216025370999, "LONGITUDE": 103.94986652515399 }, "geometry": { "type": "Point", "coordinates": [ 103.949866525176873, 1.355821602977986 ] } },
{ "type": "Feature", "properties": { "OBJECTID": 74, "TempleID": 148, "Main_God_ID": 14, "SCNTemple": "淡滨尼联合宫", "TCNTemple": "淡濱尼聯合宮", "ENTemple": "Tampines Chinese Temple(United Temple)", "Main_God_Ch": "大伯公", "Main_God_English": "Tua Bek Kong", "Main_God_ID_1": null, "Address": "25 Tampines Street 21", "Postal_Code": 529394, "ADDRESS_1": "25 TAMPINES STREET 21", "X": 40970.4589973763, "Y": 37545.692151248499, "LATITUDE": 1.3558216025370999, "LONGITUDE": 103.94986652515399 }, "geometry": { "type": "Point", "coordinates": [ 103.949866525176873, 1.355821602977986 ] } },
{ "type": "Feature", "properties": { "OBJECTID": 75, "TempleID": 148, "Main_God_ID": 16, "SCNTemple": "淡滨尼联合宫", "TCNTemple": "淡濱尼聯合宮", "ENTemple": "Tampines Chinese Temple(United Temple)", "Main_God_Ch": "朱府大人", "Main_God_English": "Lord Zhu", "Main_God_ID_1": null, "Address": "25 Tampines Street 21", "Postal_Code": 529394, "ADDRESS_1": "25 TAMPINES STREET 21", "X": 40970.4589973763, "Y": 37545.692151248499, "LATITUDE": 1.3558216025370999, "LONGITUDE": 103.94986652515399 }, "geometry": { "type": "Point", "coordinates": [ 103.949866525176873, 1.355821602977986 ] } },
{ "type": "Feature", "properties": { "OBJECTID": 76, "TempleID": 148, "Main_God_ID": 17, "SCNTemple": "淡滨尼联合宫", "TCNTemple": "淡濱尼聯合宮", "ENTemple": "Tampines Chinese Temple(United Temple)", "Main_God_Ch": "邢府大人", "Main_God_English": "Lord Xing", "Main_God_ID_1": null, "Address": "25 Tampines Street 21", "Postal_Code": 529394, "ADDRESS_1": "25 TAMPINES STREET 21", "X": 40970.4589973763, "Y": 37545.692151248499, "LATITUDE": 1.3558216025370999, "LONGITUDE": 103.94986652515399 }, "geometry": { "type": "Point", "coordinates": [ 103.949866525176873, 1.355821602977986 ] } },
{ "type": "Feature", "properties": { "OBJECTID": 77, "TempleID": 151, "Main_God_ID": 120, "SCNTemple": "道教新加坡青松观", "TCNTemple": "道教新加坡青松觀", "ENTemple": "Ching Chung Taoist Association (Singapore)", "Main_God_Ch": "李府大人", "Main_God_English": "Lord Li", "Main_God_ID_1": 120, "Address": "9, Lorong 35, Geylang #04-01", "Postal_Code": 387941, "ADDRESS_1": "9 LORONG 35 GEYLANG", "X": 34129.690247307502, "Y": 33044.981690656401, "LATITUDE": 1.31512098386389, "LONGITUDE": 103.88839692623699 }, "geometry": { "type": "Point", "coordinates": [ 103.888396925811662, 1.315120983948394 ] } },
{ "type": "Feature", "properties": { "OBJECTID": 78, "TempleID": 152, "Main_God_ID": 33, "SCNTemple": "德光岛天降佛堂太阳宫", "TCNTemple": "德光島天降佛堂太陽宮", "ENTemple": "Pulau Tekong Joint Temple", "Main_God_Ch": "吕纯阳祖师", "Main_God_English": null, "Main_God_ID_1": null, "Address": "51 Bedok North Ave 4", "Postal_Code": 469695, "ADDRESS_1": "51 BEDOK NORTH AVENUE 4", "X": 40871.871452603496, "Y": 35346.972723981402, "LATITUDE": 1.33593724882954, "LONGITUDE": 103.948979717005 }, "geometry": { "type": "Point", "coordinates": [ 103.948979717430888, 1.335937248612638 ] } },
{ "type": "Feature", "properties": { "OBJECTID": 79, "TempleID": 152, "Main_God_ID": 57, "SCNTemple": "德光岛天降佛堂太阳宫", "TCNTemple": "德光島天降佛堂太陽宮", "ENTemple": "Pulau Tekong Joint Temple", "Main_God_Ch": "太阳公", "Main_God_English": "Sun God ", "Main_God_ID_1": null, "Address": "51 Bedok North Ave 4", "Postal_Code": 469695, "ADDRESS_1": "51 BEDOK NORTH AVENUE 4", "X": 40871.871452603496, "Y": 35346.972723981402, "LATITUDE": 1.33593724882954, "LONGITUDE": 103.948979717005 }, "geometry": { "type": "Point", "coordinates": [ 103.948979717430888, 1.335937248612638 ] } },
{ "type": "Feature", "properties": { "OBJECTID": 80, "TempleID": 152, "Main_God_ID": 79, "SCNTemple": "德光岛天降佛堂太阳宫", "TCNTemple": "德光島天降佛堂太陽宮", "ENTemple": "Pulau Tekong Joint Temple", "Main_God_Ch": "三师爷", "Main_God_English": null, "Main_God_ID_1": null, "Address": "51 Bedok North Ave 4", "Postal_Code": 469695, "ADDRESS_1": "51 BEDOK NORTH AVENUE 4", "X": 40871.871452603496, "Y": 35346.972723981402, "LATITUDE": 1.33593724882954, "LONGITUDE": 103.948979717005 }, "geometry": { "type": "Point", "coordinates": [ 103.948979717430888, 1.335937248612638 ] } },
{ "type": "Feature", "properties": { "OBJECTID": 81, "TempleID": 155, "Main_God_ID": 12, "SCNTemple": "紫新阁（星洲德教会）", "TCNTemple": "紫新閣（星洲德教會）", "ENTemple": "Che Sen Khor Moral Uplifting Society, Singapore", "Main_God_Ch": "缎伯公", "Main_God_English": null, "Main_God_ID_1": null, "Address": "90 Cuscaden Road", "Postal_Code": 249725, "ADDRESS_1": "90 CUSCADEN ROAD", "X": 27431.145425560899, "Y": 31951.270709216598, "LATITUDE": 1.30523045344904, "LONGITUDE": 103.82820715424801 }, "geometry": { "type": "Point", "coordinates": [ 103.828207154018315, 1.30523045336569 ] } },
{ "type": "Feature", "properties": { "OBJECTID": 82, "TempleID": 155, "Main_God_ID": 24, "SCNTemple": "紫新阁（星洲德教会）", "TCNTemple": "紫新閣（星洲德教會）", "ENTemple": "Che Sen Khor Moral Uplifting Society, Singapore", "Main_God_Ch": "济公活佛", "Main_God_English": null, "Main_God_ID_1": null, "Address": "90 Cuscaden Road", "Postal_Code": 249725, "ADDRESS_1": "90 CUSCADEN ROAD", "X": 27431.145425560899, "Y": 31951.270709216598, "LATITUDE": 1.30523045344904, "LONGITUDE": 103.82820715424801 }, "geometry": { "type": "Point", "coordinates": [ 103.828207154018315, 1.30523045336569 ] } },
{ "type": "Feature", "properties": { "OBJECTID": 83, "TempleID": 155, "Main_God_ID": 22, "SCNTemple": "紫新阁（星洲德教会）", "TCNTemple": "紫新閣（星洲德教會）", "ENTemple": "Che Sen Khor Moral Uplifting Society, Singapore", "Main_God_Ch": "吕祖", "Main_God_English": null, "Main_God_ID_1": null, "Address": "90 Cuscaden Road", "Postal_Code": 249725, "ADDRESS_1": "90 CUSCADEN ROAD", "X": 27431.145425560899, "Y": 31951.270709216598, "LATITUDE": 1.30523045344904, "LONGITUDE": 103.82820715424801 }, "geometry": { "type": "Point", "coordinates": [ 103.828207154018315, 1.30523045336569 ] } },
{ "type": "Feature", "properties": { "OBJECTID": 84, "TempleID": 155, "Main_God_ID": 30, "SCNTemple": "紫新阁（星洲德教会）", "TCNTemple": "紫新閣（星洲德教會）", "ENTemple": "Che Sen Khor Moral Uplifting Society, Singapore", "Main_God_Ch": "五教圣人", "Main_God_English": null, "Main_God_ID_1": null, "Address": "90 Cuscaden Road", "Postal_Code": 249725, "ADDRESS_1": "90 CUSCADEN ROAD", "X": 27431.145425560899, "Y": 31951.270709216598, "LATITUDE": 1.30523045344904, "LONGITUDE": 103.82820715424801 }, "geometry": { "type": "Point", "coordinates": [ 103.828207154018315, 1.30523045336569 ] } },
{ "type": "Feature", "properties": { "OBJECTID": 85, "TempleID": 155, "Main_God_ID": 35, "SCNTemple": "紫新阁（星洲德教会）", "TCNTemple": "紫新閣（星洲德教會）", "ENTemple": "Che Sen Khor Moral Uplifting Society, Singapore", "Main_God_Ch": "五方星君", "Main_God_English": null, "Main_God_ID_1": null, "Address": "90 Cuscaden Road", "Postal_Code": 249725, "ADDRESS_1": "90 CUSCADEN ROAD", "X": 27431.145425560899, "Y": 31951.270709216598, "LATITUDE": 1.30523045344904, "LONGITUDE": 103.82820715424801 }, "geometry": { "type": "Point", "coordinates": [ 103.828207154018315, 1.30523045336569 ] } },
{ "type": "Feature", "properties": { "OBJECTID": 86, "TempleID": 155, "Main_God_ID": 13, "SCNTemple": "紫新阁（星洲德教会）", "TCNTemple": "紫新閣（星洲德教會）", "ENTemple": "Che Sen Khor Moral Uplifting Society, Singapore", "Main_God_Ch": "德德社诸佛仙尊", "Main_God_English": null, "Main_God_ID_1": null, "Address": "90 Cuscaden Road", "Postal_Code": 249725, "ADDRESS_1": "90 CUSCADEN ROAD", "X": 27431.145425560899, "Y": 31951.270709216598, "LATITUDE": 1.30523045344904, "LONGITUDE": 103.82820715424801 }, "geometry": { "type": "Point", "coordinates": [ 103.828207154018315, 1.30523045336569 ] } },
{ "type": "Feature", "properties": { "OBJECTID": 87, "TempleID": 156, "Main_God_ID": 12, "SCNTemple": "（星洲德教）紫盈阁", "TCNTemple": "（星洲德教）紫盈閣", "ENTemple": "Che Wein Khor Moral Uplifting Society, Singapore", "Main_God_Ch": "太上老君", "Main_God_English": null, "Main_God_ID_1": null, "Address": "39 Jurong West Avenue 1", "Postal_Code": 649518, "ADDRESS_1": "39 JURONG WEST AVENUE 1", "X": 15569.891837294201, "Y": 36987.018965171701, "LATITUDE": 1.35076939963432, "LONGITUDE": 103.721626258546 }, "geometry": { "type": "Point", "coordinates": [ 103.721626258210662, 1.350769399949276 ] } },
{ "type": "Feature", "properties": { "OBJECTID": 88, "TempleID": 156, "Main_God_ID": 24, "SCNTemple": "（星洲德教）紫盈阁", "TCNTemple": "（星洲德教）紫盈閣", "ENTemple": "Che Wein Khor Moral Uplifting Society, Singapore", "Main_God_Ch": "济公活佛", "Main_God_English": null, "Main_God_ID_1": null, "Address": "39 Jurong West Avenue 1", "Postal_Code": 649518, "ADDRESS_1": "39 JURONG WEST AVENUE 1", "X": 15569.891837294201, "Y": 36987.018965171701, "LATITUDE": 1.35076939963432, "LONGITUDE": 103.721626258546 }, "geometry": { "type": "Point", "coordinates": [ 103.721626258210662, 1.350769399949276 ] } },
{ "type": "Feature", "properties": { "OBJECTID": 89, "TempleID": 156, "Main_God_ID": 22, "SCNTemple": "（星洲德教）紫盈阁", "TCNTemple": "（星洲德教）紫盈閣", "ENTemple": "Che Wein Khor Moral Uplifting Society, Singapore", "Main_God_Ch": "吕祖", "Main_God_English": null, "Main_God_ID_1": null, "Address": "39 Jurong West Avenue 1", "Postal_Code": 649518, "ADDRESS_1": "39 JURONG WEST AVENUE 1", "X": 15569.891837294201, "Y": 36987.018965171701, "LATITUDE": 1.35076939963432, "LONGITUDE": 103.721626258546 }, "geometry": { "type": "Point", "coordinates": [ 103.721626258210662, 1.350769399949276 ] } },
{ "type": "Feature", "properties": { "OBJECTID": 90, "TempleID": 156, "Main_God_ID": 29, "SCNTemple": "（星洲德教）紫盈阁", "TCNTemple": "（星洲德教）紫盈閣", "ENTemple": "Che Wein Khor Moral Uplifting Society, Singapore", "Main_God_Ch": "五教圣人", "Main_God_English": null, "Main_God_ID_1": null, "Address": "39 Jurong West Avenue 1", "Postal_Code": 649518, "ADDRESS_1": "39 JURONG WEST AVENUE 1", "X": 15569.891837294201, "Y": 36987.018965171701, "LATITUDE": 1.35076939963432, "LONGITUDE": 103.721626258546 }, "geometry": { "type": "Point", "coordinates": [ 103.721626258210662, 1.350769399949276 ] } },
{ "type": "Feature", "properties": { "OBJECTID": 91, "TempleID": 156, "Main_God_ID": 35, "SCNTemple": "（星洲德教）紫盈阁", "TCNTemple": "（星洲德教）紫盈閣", "ENTemple": "Che Wein Khor Moral Uplifting Society, Singapore", "Main_God_Ch": "三清道祖", "Main_God_English": null, "Main_God_ID_1": null, "Address": "39 Jurong West Avenue 1", "Postal_Code": 649518, "ADDRESS_1": "39 JURONG WEST AVENUE 1", "X": 15569.891837294201, "Y": 36987.018965171701, "LATITUDE": 1.35076939963432, "LONGITUDE": 103.721626258546 }, "geometry": { "type": "Point", "coordinates": [ 103.721626258210662, 1.350769399949276 ] } },
{ "type": "Feature", "properties": { "OBJECTID": 92, "TempleID": 158, "Main_God_ID": 13, "SCNTemple": "德教太和观（新桥路）", "TCNTemple": "德教太和觀（新橋路）", "ENTemple": "Thye Hua Kwan Moral Society (New Bridge Road)", "Main_God_Ch": "德德社诸佛仙尊", "Main_God_English": null, "Main_God_ID_1": null, "Address": "1 North Bridge Road #23-03\nHigh Street Centre", "Postal_Code": 179094, "ADDRESS_1": "1 NORTH BRIDGE ROAD", "X": 29769.3729863111, "Y": 30265.920621253601, "LATITUDE": 1.2899886955316699, "LONGITUDE": 103.84921712944001 }, "geometry": { "type": "Point", "coordinates": [ 103.849217129562234, 1.289988695339468 ] } },
{ "type": "Feature", "properties": { "OBJECTID": 93, "TempleID": 158, "Main_God_ID": 22, "SCNTemple": "德教太和观（新桥路）", "TCNTemple": "德教太和觀（新橋路）", "ENTemple": "Thye Hua Kwan Moral Society (New Bridge Road)", "Main_God_Ch": "太上老君", "Main_God_English": null, "Main_God_ID_1": null, "Address": "1 North Bridge Road #23-03\nHigh Street Centre", "Postal_Code": 179094, "ADDRESS_1": "1 NORTH BRIDGE ROAD", "X": 29769.3729863111, "Y": 30265.920621253601, "LATITUDE": 1.2899886955316699, "LONGITUDE": 103.84921712944001 }, "geometry": { "type": "Point", "coordinates": [ 103.849217129562234, 1.289988695339468 ] } },
{ "type": "Feature", "properties": { "OBJECTID": 94, "TempleID": 163, "Main_God_ID": 18, "SCNTemple": "帝君坛", "TCNTemple": "帝君壇", "ENTemple": "The Kun Association", "Main_God_Ch": "五教圣人", "Main_God_English": null, "Main_God_ID_1": null, "Address": "Blk 13 Upper Boon Keng #01-658", "Postal_Code": 380013, "ADDRESS_1": "13 UPPER BOON KENG ROAD", "X": 32133.262046337099, "Y": 32974.189386671402, "LATITUDE": 1.3144810967637199, "LONGITUDE": 103.87045800931 }, "geometry": { "type": "Point", "coordinates": [ 103.87045800889311, 1.314481096884272 ] } },
{ "type": "Feature", "properties": { "OBJECTID": 95, "TempleID": 163, "Main_God_ID": 40, "SCNTemple": "帝君坛", "TCNTemple": "帝君壇", "ENTemple": "The Kun Association", "Main_God_Ch": "保生大帝", "Main_God_English": "God of Medicine", "Main_God_ID_1": null, "Address": "Blk 13 Upper Boon Keng #01-658", "Postal_Code": 380013, "ADDRESS_1": "13 UPPER BOON KENG ROAD", "X": 32133.262046337099, "Y": 32974.189386671402, "LATITUDE": 1.3144810967637199, "LONGITUDE": 103.87045800931 }, "geometry": { "type": "Point", "coordinates": [ 103.87045800889311, 1.314481096884272 ] } },
{ "type": "Feature", "properties": { "OBJECTID": 96, "TempleID": 164, "Main_God_ID": 2, "SCNTemple": "地万大伯公", "TCNTemple": "地萬大伯公", "ENTemple": "Di Wan Da Bo Gong", "Main_God_Ch": "康王元帅", "Main_God_English": null, "Main_God_ID_1": 2, "Address": "25 Tampines Street 21", "Postal_Code": 529394, "ADDRESS_1": "25 TAMPINES STREET 21", "X": 40970.4589973763, "Y": 37545.692151248499, "LATITUDE": 1.3558216025370999, "LONGITUDE": 103.94986652515399 }, "geometry": { "type": "Point", "coordinates": [ 103.949866525176873, 1.355821602977986 ] } },
{ "type": "Feature", "properties": { "OBJECTID": 97, "TempleID": 165, "Main_God_ID": 2, "SCNTemple": "地万大伯公", "TCNTemple": "地萬大伯公", "ENTemple": "Di Wan Da Bo Gong ", "Main_God_Ch": "大伯公", "Main_God_English": "Tua Bek Kong", "Main_God_ID_1": 2, "Address": "BLK 209 Petir  Road #01-487", "Postal_Code": 670209, "ADDRESS_1": "209 PETIR ROAD", "X": 21603.3822855996, "Y": 39573.418991049803, "LATITUDE": 1.37416176660149, "LONGITUDE": 103.775840374119 }, "geometry": { "type": "Point", "coordinates": [ 103.775840374247849, 1.37416176668244 ] } },
{ "type": "Feature", "properties": { "OBJECTID": 98, "TempleID": 169, "Main_God_ID": 66, "SCNTemple": "东山庙", "TCNTemple": "東山廟", "ENTemple": "Dong Shan Miao", "Main_God_Ch": "大伯公", "Main_God_English": "Tua Bek Kong", "Main_God_ID_1": null, "Address": "358, Yishun Avenue 3", "Postal_Code": 769058, "ADDRESS_1": "358 YISHUN AVENUE 3", "X": 27971.906442625401, "Y": 44918.730053942701, "LATITUDE": 1.4225035354000399, "LONGITUDE": 103.83306613248099 }, "geometry": { "type": "Point", "coordinates": [ 103.833066132097414, 1.422503535816571 ] } },
{ "type": "Feature", "properties": { "OBJECTID": 99, "TempleID": 169, "Main_God_ID": 83, "SCNTemple": "东山庙", "TCNTemple": "東山廟", "ENTemple": "Dong Shan Miao", "Main_God_Ch": "孙府大人", "Main_God_English": "Lord Sun", "Main_God_ID_1": null, "Address": "358, Yishun Avenue 3", "Postal_Code": 769058, "ADDRESS_1": "358 YISHUN AVENUE 3", "X": 27971.906442625401, "Y": 44918.730053942701, "LATITUDE": 1.4225035354000399, "LONGITUDE": 103.83306613248099 }, "geometry": { "type": "Point", "coordinates": [ 103.833066132097414, 1.422503535816571 ] } },
{ "type": "Feature", "properties": { "OBJECTID": 100, "TempleID": 169, "Main_God_ID": 45, "SCNTemple": "东山庙", "TCNTemple": "東山廟", "ENTemple": "Dong Shan Miao", "Main_God_Ch": "谢大爷伯", "Main_God_English": null, "Main_God_ID_1": null, "Address": "358, Yishun Avenue 3", "Postal_Code": 769058, "ADDRESS_1": "358 YISHUN AVENUE 3", "X": 27971.906442625401, "Y": 44918.730053942701, "LATITUDE": 1.4225035354000399, "LONGITUDE": 103.83306613248099 }, "geometry": { "type": "Point", "coordinates": [ 103.833066132097414, 1.422503535816571 ] } },
{ "type": "Feature", "properties": { "OBJECTID": 101, "TempleID": 174, "Main_God_ID": 58, "SCNTemple": "东岳庙", "TCNTemple": "東岳廟", "ENTemple": "Tang Gah Beo", "Main_God_Ch": "池府大人", "Main_God_English": "Lord Chi", "Main_God_ID_1": 58, "Address": "6 Bukit Purmei", "Postal_Code": 99866, "ADDRESS_1": "6 BUKIT PURMEI", "X": 27395.738483032201, "Y": 28488.672061579298, "LATITUDE": 1.27391592691022, "LONGITUDE": 103.827889072811 }, "geometry": { "type": "Point", "coordinates": [ 103.8278890729636, 1.273915927257689 ] } },
{ "type": "Feature", "properties": { "OBJECTID": 102, "TempleID": 175, "Main_God_ID": 26, "SCNTemple": "斗母宫（蔡厝港）", "TCNTemple": "斗母宮（蔡厝港）", "ENTemple": "Choa Chu Kang Dou Mu Gong", "Main_God_Ch": "东岳大帝", "Main_God_English": "East Peak Emperor", "Main_God_ID_1": 26, "Address": "2 Teck Whye Lane ", "Postal_Code": 688799, "ADDRESS_1": "2 TECK WHYE LANE", "X": 19131.687869040299, "Y": 40335.5252328403, "LATITUDE": 1.38105333431883, "LONGITUDE": 103.75363020783701 }, "geometry": { "type": "Point", "coordinates": [ 103.753630208114615, 1.381053334021846 ] } },
{ "type": "Feature", "properties": { "OBJECTID": 103, "TempleID": 178, "Main_God_ID": 139, "SCNTemple": "斗天宫", "TCNTemple": "斗天宮", "ENTemple": "Tao Tian Keng ", "Main_God_Ch": "九皇大帝", "Main_God_English": "Nine Emperor Gods", "Main_God_ID_1": null, "Address": "2 Jurong West Street 76", "Postal_Code": 648370, "ADDRESS_1": "2 JURONG WEST STREET 76", "X": 13582.214170953301, "Y": 36550.550917007, "LATITUDE": 1.3468212557435399, "LONGITUDE": 103.70376596497999 }, "geometry": { "type": "Point", "coordinates": [ 103.703765965240649, 1.346821255589744 ] } },
{ "type": "Feature", "properties": { "OBJECTID": 104, "TempleID": 178, "Main_God_ID": 123, "SCNTemple": "斗天宫", "TCNTemple": "斗天宮", "ENTemple": "Tao Tian Keng ", "Main_God_Ch": "师父公", "Main_God_English": null, "Main_God_ID_1": null, "Address": "2 Jurong West Street 76", "Postal_Code": 648370, "ADDRESS_1": "2 JURONG WEST STREET 76", "X": 13582.214170953301, "Y": 36550.550917007, "LATITUDE": 1.3468212557435399, "LONGITUDE": 103.70376596497999 }, "geometry": { "type": "Point", "coordinates": [ 103.703765965240649, 1.346821255589744 ] } },
{ "type": "Feature", "properties": { "OBJECTID": 105, "TempleID": 178, "Main_God_ID": 13, "SCNTemple": "斗天宫", "TCNTemple": "斗天宮", "ENTemple": "Tao Tian Keng ", "Main_God_Ch": "四斗星君", "Main_God_English": null, "Main_God_ID_1": null, "Address": "2 Jurong West Street 76", "Postal_Code": 648370, "ADDRESS_1": "2 JURONG WEST STREET 76", "X": 13582.214170953301, "Y": 36550.550917007, "LATITUDE": 1.3468212557435399, "LONGITUDE": 103.70376596497999 }, "geometry": { "type": "Point", "coordinates": [ 103.703765965240649, 1.346821255589744 ] } },
{ "type": "Feature", "properties": { "OBJECTID": 106, "TempleID": 178, "Main_God_ID": 3, "SCNTemple": "斗天宫", "TCNTemple": "斗天宮", "ENTemple": "Tao Tian Keng ", "Main_God_Ch": "太上老君", "Main_God_English": null, "Main_God_ID_1": null, "Address": "2 Jurong West Street 76", "Postal_Code": 648370, "ADDRESS_1": "2 JURONG WEST STREET 76", "X": 13582.214170953301, "Y": 36550.550917007, "LATITUDE": 1.3468212557435399, "LONGITUDE": 103.70376596497999 }, "geometry": { "type": "Point", "coordinates": [ 103.703765965240649, 1.346821255589744 ] } },
{ "type": "Feature", "properties": { "OBJECTID": 107, "TempleID": 180, "Main_God_ID": 65, "SCNTemple": "都城隍庙", "TCNTemple": "都城隍廟", "ENTemple": "Seng Wong Beo Temple", "Main_God_Ch": "观世音菩萨", "Main_God_English": "Goddess of Mercy", "Main_God_ID_1": 65, "Address": "113 Peck Seah Street", "Postal_Code": 79332, "ADDRESS_1": "113 PECK SEAH STREET", "X": 29274.273311175399, "Y": 28679.898917233601, "LATITUDE": 1.2756452958490401, "LONGITUDE": 103.844768389904 }, "geometry": { "type": "Point", "coordinates": [ 103.844768389803434, 1.275645295693189 ] } },
{ "type": "Feature", "properties": { "OBJECTID": 108, "TempleID": 182, "Main_God_ID": 171, "SCNTemple": "对山庙", "TCNTemple": "對山廟", "ENTemple": "Dui Shan Miao", "Main_God_Ch": "城隍爷", "Main_God_English": null, "Main_God_ID_1": 171, "Address": "398 Bt Batok West Ave 8", "Postal_Code": 658964, "ADDRESS_1": "397 BUKIT BATOK WEST AVENUE 8", "X": 17619.083580964201, "Y": 36585.9680295773, "LATITUDE": 1.3471432239435399, "LONGITUDE": 103.740039652137 }, "geometry": { "type": "Point", "coordinates": [ 103.740039652307956, 1.347143223676069 ] } },
{ "type": "Feature", "properties": { "OBJECTID": 109, "TempleID": 184, "Main_God_ID": 1, "SCNTemple": "恩庆寺", "TCNTemple": "恩慶寺", "ENTemple": "Ean Keng Si Buddhist Tp ", "Main_God_Ch": "苏妈夫人", "Main_God_English": null, "Main_God_ID_1": 1, "Address": "48 Frankel Avenue", "Postal_Code": 458176, "ADDRESS_1": "48 FRANKEL AVENUE", "X": 37493.953633816003, "Y": 33033.233445189901, "LATITUDE": 1.3150138816972099, "LONGITUDE": 103.918626501226 }, "geometry": { "type": "Point", "coordinates": [ 103.918626500921462, 1.315013881288546 ] } },
{ "type": "Feature", "properties": { "OBJECTID": 110, "TempleID": 185, "Main_God_ID": 1, "SCNTemple": "法华寺 ", "TCNTemple": "法華寺", "ENTemple": "Fa Hua Monastery ", "Main_God_Ch": "释迦牟尼佛", "Main_God_English": "Sakyamuni Buddha", "Main_God_ID_1": 1, "Address": "381 Upper Paya Lebar Road", "Postal_Code": 534974, "ADDRESS_1": "381 UPPER PAYA LEBAR ROAD", "X": 33124.846792493001, "Y": 36812.237310431898, "LATITUDE": 1.3491908818296801, "LONGITUDE": 103.87936853730901 }, "geometry": { "type": "Point", "coordinates": [ 103.879368537375683, 1.349190881735334 ] } },
{ "type": "Feature", "properties": { "OBJECTID": 111, "TempleID": 187, "Main_God_ID": 1, "SCNTemple": "法轮社 ", "TCNTemple": "法輪社", "ENTemple": "Dharna Cakra Society", "Main_God_Ch": "释迦牟尼佛", "Main_God_English": "Sakyamuni Buddha", "Main_God_ID_1": 1, "Address": "38 Jalan Eunos", "Postal_Code": 419500, "ADDRESS_1": "38 JALAN EUNOS", "X": 36028.384097429902, "Y": 33652.568241100802, "LATITUDE": 1.32061534018589, "LONGITUDE": 103.905457794648 }, "geometry": { "type": "Point", "coordinates": [ 103.905457794671122, 1.320615339814189 ] } },
{ "type": "Feature", "properties": { "OBJECTID": 112, "TempleID": 190, "Main_God_ID": 1, "SCNTemple": "法施林", "TCNTemple": "法施林", "ENTemple": "Fa Shi Lin Temple ", "Main_God_Ch": "释迦牟尼佛", "Main_God_English": "Sakyamuni Buddha", "Main_God_ID_1": 1, "Address": "1 Lengkong Satu", "Postal_Code": 417474, "ADDRESS_1": "1 LENGKONG SATU", "X": 36838.7524576504, "Y": 34197.130160221801, "LATITUDE": 1.32553993748736, "LONGITUDE": 103.912739528835 }, "geometry": { "type": "Point", "coordinates": [ 103.912739529215472, 1.325539937847093 ] } },
{ "type": "Feature", "properties": { "OBJECTID": 113, "TempleID": 197, "Main_God_ID": 6, "SCNTemple": "飞龙宫（莲花三太子）", "TCNTemple": "飛龍宮（蓮花三太子）", "ENTemple": "Fei Long Gong ", "Main_God_Ch": "释迦牟尼佛", "Main_God_English": "Sakyamuni Buddha", "Main_God_ID_1": 6, "Address": "15 Woodlands Industrial Park E4", "Postal_Code": 757749, "ADDRESS_1": "15 WOODLANDS INDUSTRIAL PARK E4", "X": 23786.2418342233, "Y": 48102.861132621802, "LATITUDE": 1.4512993439976301, "LONGITUDE": 103.795453682172 }, "geometry": { "type": "Point", "coordinates": [ 103.795453681864529, 1.4512993437026 ] } },
{ "type": "Feature", "properties": { "OBJECTID": 114, "TempleID": 199, "Main_God_ID": 76, "SCNTemple": "风火院", "TCNTemple": "風火院", "ENTemple": "Fung Huo Yuan Temple ", "Main_God_Ch": "哪吒", "Main_God_English": "The Third Prince/ Marshal Central Altar", "Main_God_ID_1": null, "Address": "148 Paya Lebar Road", "Postal_Code": 409018, "ADDRESS_1": "148A PAYA LEBAR ROAD", "X": 34411.503548380897, "Y": 34521.643232356801, "LATITUDE": 1.3284753244685199, "LONGITUDE": 103.8909294672 }, "geometry": { "type": "Point", "coordinates": [ 103.890929466764831, 1.32847532417592 ] } },
{ "type": "Feature", "properties": { "OBJECTID": 115, "TempleID": 199, "Main_God_ID": 13, "SCNTemple": "风火院", "TCNTemple": "風火院", "ENTemple": "Fung Huo Yuan Temple ", "Main_God_Ch": "洪钧老祖", "Main_God_English": null, "Main_God_ID_1": null, "Address": "148 Paya Lebar Road", "Postal_Code": 409018, "ADDRESS_1": "148A PAYA LEBAR ROAD", "X": 34411.503548380897, "Y": 34521.643232356801, "LATITUDE": 1.3284753244685199, "LONGITUDE": 103.8909294672 }, "geometry": { "type": "Point", "coordinates": [ 103.890929466764831, 1.32847532417592 ] } },
{ "type": "Feature", "properties": { "OBJECTID": 116, "TempleID": 199, "Main_God_ID": 113, "SCNTemple": "风火院", "TCNTemple": "風火院", "ENTemple": "Fung Huo Yuan Temple ", "Main_God_Ch": "太上老君", "Main_God_English": null, "Main_God_ID_1": null, "Address": "148 Paya Lebar Road", "Postal_Code": 409018, "ADDRESS_1": "148A PAYA LEBAR ROAD", "X": 34411.503548380897, "Y": 34521.643232356801, "LATITUDE": 1.3284753244685199, "LONGITUDE": 103.8909294672 }, "geometry": { "type": "Point", "coordinates": [ 103.890929466764831, 1.32847532417592 ] } },
{ "type": "Feature", "properties": { "OBJECTID": 117, "TempleID": 199, "Main_God_ID": 181, "SCNTemple": "风火院", "TCNTemple": "風火院", "ENTemple": "Fung Huo Yuan Temple ", "Main_God_Ch": "元始天尊", "Main_God_English": null, "Main_God_ID_1": null, "Address": "148 Paya Lebar Road", "Postal_Code": 409018, "ADDRESS_1": "148A PAYA LEBAR ROAD", "X": 34411.503548380897, "Y": 34521.643232356801, "LATITUDE": 1.3284753244685199, "LONGITUDE": 103.8909294672 }, "geometry": { "type": "Point", "coordinates": [ 103.890929466764831, 1.32847532417592 ] } },
{ "type": "Feature", "properties": { "OBJECTID": 118, "TempleID": 200, "Main_God_ID": 96, "SCNTemple": "凤廓汾阳公会", "TCNTemple": "鳳廓汾陽公會", "ENTemple": "Hong Kuak Hoon Yang Kong See", "Main_God_Ch": "通天教主", "Main_God_English": null, "Main_God_ID_1": 96, "Address": "21 Lor 26 Geylang", "Postal_Code": 398491, "ADDRESS_1": "21 LORONG 26 GEYLANG", "X": 33768.7402131567, "Y": 32689.0392220002, "LATITUDE": 1.31190203701261, "LONGITUDE": 103.885153543409 }, "geometry": { "type": "Point", "coordinates": [ 103.885153543290613, 1.311902036813663 ] } },
{ "type": "Feature", "properties": { "OBJECTID": 119, "TempleID": 202, "Main_God_ID": 26, "SCNTemple": "凤山宫（葱茅园九皇大帝）", "TCNTemple": "鳳山宮（蔥茅園九皇大帝）", "ENTemple": "Hong San Temple", "Main_God_Ch": "三夫人妈", "Main_God_English": null, "Main_God_ID_1": 26, "Address": "49 Defu Lane 12 ( off Airport Road)", "Postal_Code": 539142, "ADDRESS_1": "49 DEFU LANE 12", "X": 35076.067943701499, "Y": 35825.758742861501, "LATITUDE": 1.3402691282291801, "LONGITUDE": 103.896901244457 }, "geometry": { "type": "Point", "coordinates": [ 103.896901244064082, 1.340269127841569 ] } },
{ "type": "Feature", "properties": { "OBJECTID": 120, "TempleID": 203, "Main_God_ID": 20, "SCNTemple": "凤山寺（裕廊）", "TCNTemple": "鳳山寺（裕廊）", "ENTemple": "Jurong Hong San See Association", "Main_God_Ch": "九皇大帝", "Main_God_English": "Nine Emperor Gods", "Main_God_ID_1": null, "Address": "555 Bukit Batok Street 23", "Postal_Code": 659522, "ADDRESS_1": "555 BUKIT BATOK STREET 23", "X": 19517.518488485399, "Y": 35827.454113164902, "LATITUDE": 1.3402840967431899, "LONGITUDE": 103.757098460264 }, "geometry": { "type": "Point", "coordinates": [ 103.757098460367217, 1.340284096624138 ] } },
{ "type": "Feature", "properties": { "OBJECTID": 121, "TempleID": 203, "Main_God_ID": 67, "SCNTemple": "凤山寺（裕廊）", "TCNTemple": "鳳山寺（裕廊）", "ENTemple": "Jurong Hong San See Association", "Main_God_Ch": "广泽尊王", "Main_God_English": null, "Main_God_ID_1": null, "Address": "555 Bukit Batok Street 23", "Postal_Code": 659522, "ADDRESS_1": "555 BUKIT BATOK STREET 23", "X": 19517.518488485399, "Y": 35827.454113164902, "LATITUDE": 1.3402840967431899, "LONGITUDE": 103.757098460264 }, "geometry": { "type": "Point", "coordinates": [ 103.757098460367217, 1.340284096624138 ] } },
{ "type": "Feature", "properties": { "OBJECTID": 122, "TempleID": 204, "Main_God_ID": 20, "SCNTemple": "凤山寺（水廊头） （最早的凤山寺）", "TCNTemple": "鳳山寺  （水廊頭） （最早的鳳山寺）", "ENTemple": "Hong San See Temple (Mohamed Sultan)", "Main_God_Ch": "广泽尊妃", "Main_God_English": null, "Main_God_ID_1": 20, "Address": "30 Mohamed Sultan Road", "Postal_Code": 238974, "ADDRESS_1": "30 MOHAMED SULTAN ROAD", "X": 28838.3696398344, "Y": 30631.856034467, "LATITUDE": 1.29329812551025, "LONGITUDE": 103.840851688024 }, "geometry": { "type": "Point", "coordinates": [ 103.840851687666003, 1.293298125198555 ] } },
{ "type": "Feature", "properties": { "OBJECTID": 123, "TempleID": 206, "Main_God_ID": 20, "SCNTemple": "凤山寺（樟宜） （峇峇妇女捐地）", "TCNTemple": "鳳山寺（樟宜） （峇峇婦女捐地）", "ENTemple": "Hong San Si  ( Changi )", "Main_God_Ch": "广泽尊王", "Main_God_English": null, "Main_God_ID_1": 20, "Address": "17 Lorong Melayu", "Postal_Code": 416912, "ADDRESS_1": "17 LORONG MELAYU", "X": 36588.059456447103, "Y": 33570.249253287897, "LATITUDE": 1.3198707250713999, "LONGITUDE": 103.910486743543 }, "geometry": { "type": "Point", "coordinates": [ 103.910486743933973, 1.319870725493829 ] } },
{ "type": "Feature", "properties": { "OBJECTID": 124, "TempleID": 208, "Main_God_ID": 20, "SCNTemple": "凤山坛（德惠）", "TCNTemple": "鳳山壇（德惠）", "ENTemple": "Hong San Tan Temple ", "Main_God_Ch": "广泽尊王", "Main_God_English": null, "Main_God_ID_1": null, "Address": "17 Woodlands Industrial Park E4", "Postal_Code": 757750, "ADDRESS_1": "17 WOODLANDS INDUSTRIAL PARK E4", "X": 23778.228143390301, "Y": 48072.332813976303, "LATITUDE": 1.4510232558262901, "LONGITUDE": 103.795381675635 }, "geometry": { "type": "Point", "coordinates": [ 103.795381675244613, 1.451023255699897 ] } },
{ "type": "Feature", "properties": { "OBJECTID": 125, "TempleID": 208, "Main_God_ID": 67, "SCNTemple": "凤山坛（德惠）", "TCNTemple": "鳳山壇（德惠）", "ENTemple": "Hong San Tan Temple ", "Main_God_Ch": "广泽尊王", "Main_God_English": null, "Main_God_ID_1": null, "Address": "17 Woodlands Industrial Park E4", "Postal_Code": 757750, "ADDRESS_1": "17 WOODLANDS INDUSTRIAL PARK E4", "X": 23778.228143390301, "Y": 48072.332813976303, "LATITUDE": 1.4510232558262901, "LONGITUDE": 103.795381675635 }, "geometry": { "type": "Point", "coordinates": [ 103.795381675244613, 1.451023255699897 ] } },
{ "type": "Feature", "properties": { "OBJECTID": 126, "TempleID": 210, "Main_God_ID": 188, "SCNTemple": "凤山堂", "TCNTemple": "鳳山堂", "ENTemple": "Feng Shan Tang", "Main_God_Ch": "广泽尊妃", "Main_God_English": null, "Main_God_ID_1": 188, "Address": "4 \\ 6 \\ 8 Ang Mo Kio St 63 Avenue 9, Singapore", "Postal_Code": 569112, "ADDRESS_1": "4 ANG MO KIO STREET 63", "X": 29709.883564681699, "Y": 40834.475752206497, "LATITUDE": 1.3855669588009001, "LONGITUDE": 103.848683186285 }, "geometry": { "type": "Point", "coordinates": [ 103.848683186602173, 1.38556695923313 ] } },
{ "type": "Feature", "properties": { "OBJECTID": 127, "TempleID": 212, "Main_God_ID": 4, "SCNTemple": "凤图庙", "TCNTemple": "鳳圖廟", "ENTemple": "Hong Tho Bilw Temple ", "Main_God_Ch": "钟府大人", "Main_God_English": null, "Main_God_ID_1": 4, "Address": "31 Marsiling Industrial Estate Road 3", "Postal_Code": 739255, "ADDRESS_1": "31 MARSILING INDUSTRIAL ESTATE ROAD 3", "X": 22369.948242380298, "Y": 46822.919026240699, "LATITUDE": 1.4397237662778699, "LONGITUDE": 103.782727105207 }, "geometry": { "type": "Point", "coordinates": [ 103.782727104826122, 1.43972376604055 ] } },
{ "type": "Feature", "properties": { "OBJECTID": 128, "TempleID": 214, "Main_God_ID": 6, "SCNTemple": "凤玄宫", "TCNTemple": "鳳玄宮", "ENTemple": "Feng Xuan Gong", "Main_God_Ch": "关帝圣君", "Main_God_English": "God of War", "Main_God_ID_1": null, "Address": "15 Arumugam Rd", "Postal_Code": 409960, "ADDRESS_1": "15 ARUMUGAM ROAD", "X": 34508.038469838, "Y": 34284.7007340118, "LATITUDE": 1.32633248100573, "LONGITUDE": 103.891796835973 }, "geometry": { "type": "Point", "coordinates": [ 103.891796836243813, 1.326332480698134 ] } },
{ "type": "Feature", "properties": { "OBJECTID": 129, "TempleID": 214, "Main_God_ID": 20, "SCNTemple": "凤玄宫", "TCNTemple": "鳳玄宮", "ENTemple": "Feng Xuan Gong", "Main_God_Ch": "哪吒", "Main_God_English": "The Third Prince/ Marshal Central Altar", "Main_God_ID_1": null, "Address": "15 Arumugam Rd", "Postal_Code": 409960, "ADDRESS_1": "15 ARUMUGAM ROAD", "X": 34508.038469838, "Y": 34284.7007340118, "LATITUDE": 1.32633248100573, "LONGITUDE": 103.891796835973 }, "geometry": { "type": "Point", "coordinates": [ 103.891796836243813, 1.326332480698134 ] } },
{ "type": "Feature", "properties": { "OBJECTID": 130, "TempleID": 217, "Main_God_ID": 1, "SCNTemple": "佛光山 ", "TCNTemple": "佛光山", "ENTemple": "Fo Guang Shan Buddiste Temple (Singapore)", "Main_God_Ch": "广泽尊王", "Main_God_English": null, "Main_God_ID_1": 1, "Address": "1 Punggol Place", "Postal_Code": 828844, "ADDRESS_1": "1 PUNGGOL PLACE", "X": 36034.2244864963, "Y": 43174.317958546802, "LATITUDE": 1.40672657809944, "LONGITUDE": 103.90551283861799 }, "geometry": { "type": "Point", "coordinates": [ 103.905512838739426, 1.406726578474325 ] } },
{ "type": "Feature", "properties": { "OBJECTID": 131, "TempleID": 219, "Main_God_ID": 1, "SCNTemple": "佛教慈济基金会  （新加坡）", "TCNTemple": "佛教慈濟基金會", "ENTemple": "Buddhist Tzu Chi Foundation (Singapore)", "Main_God_Ch": "释迦牟尼佛", "Main_God_English": "Sakyamuni Buddha", "Main_God_ID_1": 1, "Address": "9 Elias Road", "Postal_Code": 519937, "ADDRESS_1": "9 ELIAS ROAD", "X": 39796.072398031101, "Y": 39412.770608089901, "LATITUDE": 1.3727072529948099, "LONGITUDE": 103.939314655088 }, "geometry": { "type": "Point", "coordinates": [ 103.939314655105662, 1.372707252921649 ] } },
{ "type": "Feature", "properties": { "OBJECTID": 132, "TempleID": 222, "Main_God_ID": 1, "SCNTemple": null, "TCNTemple": "佛教會", "ENTemple": "Buddhist Union", "Main_God_Ch": "释迦牟尼佛", "Main_God_English": "Sakyamuni Buddha", "Main_God_ID_1": 1, "Address": "28 Jalan Senyum", "Postal_Code": 418152, "ADDRESS_1": "28 JALAN SENYUM", "X": 37056.070315267898, "Y": 33778.7946622577, "LATITUDE": 1.32175659926023, "LONGITUDE": 103.91469212218701 }, "geometry": { "type": "Point", "coordinates": [ 103.914692122049999, 1.321756599601569 ] } },
{ "type": "Feature", "properties": { "OBJECTID": 133, "TempleID": 223, "Main_God_ID": 1, "SCNTemple": "佛教會", "TCNTemple": "佛教會", "ENTemple": "Buddhist Union, the aks The Buddhist Foo Yeun Lim Temple", "Main_God_Ch": "释迦牟尼佛", "Main_God_English": "Sakyamuni Buddha", "Main_God_ID_1": 1, "Address": "3 Jalan Angin Laut", "Postal_Code": 489176, "ADDRESS_1": "3 JALAN ANGIN LAUT", "X": 41594.381360240302, "Y": 35524.738014947601, "LATITUDE": 1.33754457528574, "LONGITUDE": 103.95547195217 }, "geometry": { "type": "Point", "coordinates": [ 103.955471952526608, 1.337544575150544 ] } },
{ "type": "Feature", "properties": { "OBJECTID": 134, "TempleID": 229, "Main_God_ID": 34, "SCNTemple": "佛牙寺 ", "TCNTemple": "佛牙寺", "ENTemple": "Buddha Tooth Relic Temple", "Main_God_Ch": "释迦牟尼佛", "Main_God_English": "Sakyamuni Buddha", "Main_God_ID_1": 34, "Address": "293 South Bridge Road ", "Postal_Code": 58837, "ADDRESS_1": "293 SOUTH BRIDGE ROAD", "X": 29302.0981237823, "Y": 29313.72690152, "LATITUDE": 1.28137741276993, "LONGITUDE": 103.845018431908 }, "geometry": { "type": "Point", "coordinates": [ 103.845018431693816, 1.281377412756191 ] } },
{ "type": "Feature", "properties": { "OBJECTID": 135, "TempleID": 232, "Main_God_ID": 14, "SCNTemple": "福安殿", "TCNTemple": "福安殿", "ENTemple": "Fu An Dian", "Main_God_Ch": "释迦牟尼佛", "Main_God_English": "Sakyamuni Buddha", "Main_God_ID_1": null, "Address": "25 Tampines Street 21", "Postal_Code": 529394, "ADDRESS_1": "25 TAMPINES STREET 21", "X": 40970.4589973763, "Y": 37545.692151248499, "LATITUDE": 1.3558216025370999, "LONGITUDE": 103.94986652515399 }, "geometry": { "type": "Point", "coordinates": [ 103.949866525176873, 1.355821602977986 ] } },
{ "type": "Feature", "properties": { "OBJECTID": 136, "TempleID": 232, "Main_God_ID": 16, "SCNTemple": "福安殿", "TCNTemple": "福安殿", "ENTemple": "Fu An Dian", "Main_God_Ch": "朱府大人", "Main_God_English": "Lord Zhu", "Main_God_ID_1": null, "Address": "25 Tampines Street 21", "Postal_Code": 529394, "ADDRESS_1": "25 TAMPINES STREET 21", "X": 40970.4589973763, "Y": 37545.692151248499, "LATITUDE": 1.3558216025370999, "LONGITUDE": 103.94986652515399 }, "geometry": { "type": "Point", "coordinates": [ 103.949866525176873, 1.355821602977986 ] } },
{ "type": "Feature", "properties": { "OBJECTID": 137, "TempleID": 232, "Main_God_ID": 17, "SCNTemple": "福安殿", "TCNTemple": "福安殿", "ENTemple": "Fu An Dian", "Main_God_Ch": "邢府大人", "Main_God_English": "Lord Xing", "Main_God_ID_1": null, "Address": "25 Tampines Street 21", "Postal_Code": 529394, "ADDRESS_1": "25 TAMPINES STREET 21", "X": 40970.4589973763, "Y": 37545.692151248499, "LATITUDE": 1.3558216025370999, "LONGITUDE": 103.94986652515399 }, "geometry": { "type": "Point", "coordinates": [ 103.949866525176873, 1.355821602977986 ] } },
{ "type": "Feature", "properties": { "OBJECTID": 138, "TempleID": 233, "Main_God_ID": 28, "SCNTemple": "福安庙", "TCNTemple": "福安廟", "ENTemple": "Fu An Miao", "Main_God_Ch": "李府大人", "Main_God_English": "Lord Li", "Main_God_ID_1": 28, "Address": "12 Jurong West Street 76", "Postal_Code": 648349, "ADDRESS_1": "12 JURONG WEST STREET 76", "X": 13563.971263682501, "Y": 36617.387013912201, "LATITUDE": 1.3474256873143999, "LONGITUDE": 103.703602009626 }, "geometry": { "type": "Point", "coordinates": [ 103.703602009952206, 1.347425687188606 ] } },
{ "type": "Feature", "properties": { "OBJECTID": 139, "TempleID": 234, "Main_God_ID": 2, "SCNTemple": "福德祠（望海大伯公） 福德祠（客属八邑）", "TCNTemple": "福德祠（望海大伯公） 福德祠（客屬八邑）", "ENTemple": "Fook Tek Chinese Temple Hock Teck See or Fook Tet Soo Hakka Temple", "Main_God_Ch": "七王府大人", "Main_God_English": "Seven Lords", "Main_God_ID_1": 2, "Address": "50H Palmer Road (off Shenton Way)", "Postal_Code": 79426, "ADDRESS_1": "50H PALMER ROAD", "X": 29483.3613948235, "Y": 28439.723889032401, "LATITUDE": 1.2734732279612, "LONGITUDE": 103.846647111422 }, "geometry": { "type": "Point", "coordinates": [ 103.84664711146867, 1.273473228060387 ] } },
{ "type": "Feature", "properties": { "OBJECTID": 140, "TempleID": 235, "Main_God_ID": 2, "SCNTemple": "福德祠（海唇）", "TCNTemple": "福德祠（海唇）", "ENTemple": "Hock Teck See Temple  Fuk Tak Chi", "Main_God_Ch": "大伯公", "Main_God_English": "Tua Bek Kong", "Main_God_ID_1": 2, "Address": "76 Telok Ayer Street", "Postal_Code": 48464, "ADDRESS_1": "76 TELOK AYER STREET", "X": 29708.084284389399, "Y": 29496.8268035445, "LATITUDE": 1.28303328465204, "LONGITUDE": 103.84866638352401 }, "geometry": { "type": "Point", "coordinates": [ 103.848666383663812, 1.283033284619984 ] } },
{ "type": "Feature", "properties": { "OBJECTID": 141, "TempleID": 236, "Main_God_ID": 2, "SCNTemple": "福德祠（万里港） 沈春发庙", "TCNTemple": "福德祠（萬里港） 沈春發廟", "ENTemple": "Sin Choon Huat Temple", "Main_God_Ch": "大伯公", "Main_God_English": "Tua Bek Kong", "Main_God_ID_1": 2, "Address": "17D Moonstone Lane", "Postal_Code": 328459, "ADDRESS_1": "17D MOONSTONE LANE", "X": 31648.177260044999, "Y": 34313.245712757103, "LATITUDE": 1.3265911082586099, "LONGITUDE": 103.86609943857199 }, "geometry": { "type": "Point", "coordinates": [ 103.866099438930391, 1.326591108143237 ] } },
{ "type": "Feature", "properties": { "OBJECTID": 142, "TempleID": 238, "Main_God_ID": 5, "SCNTemple": "福德宫", "TCNTemple": "福德宮", "ENTemple": "Fu De Gong", "Main_God_Ch": "大伯公", "Main_God_English": "Tua Bek Kong", "Main_God_ID_1": 5, "Address": "103 Eunos Road 5", "Postal_Code": 409352, "ADDRESS_1": "103 EUNOS ROAD 5", "X": 34984.292602148802, "Y": 33542.621364183702, "LATITUDE": 1.3196212762142601, "LONGITUDE": 103.896076067514 }, "geometry": { "type": "Point", "coordinates": [ 103.896076067494704, 1.319621276538174 ] } },
{ "type": "Feature", "properties": { "OBJECTID": 143, "TempleID": 239, "Main_God_ID": 63, "SCNTemple": "福德宫（芋峡塘）", "TCNTemple": "福德宮（芋峽塘）", "ENTemple": "Fu Hup Thong Fook Tak Kung", "Main_God_Ch": "玄天上帝", "Main_God_English": null, "Main_God_ID_1": 63, "Address": "15 Kim Keat Lane", "Postal_Code": 328873, "ADDRESS_1": "15 KIM KEAT LANE", "X": 30292.025637293202, "Y": 34051.402046887197, "LATITUDE": 1.3242232191274199, "LONGITUDE": 103.853913658808 }, "geometry": { "type": "Point", "coordinates": [ 103.853913658472919, 1.324223218703401 ] } },
{ "type": "Feature", "properties": { "OBJECTID": 144, "TempleID": 241, "Main_God_ID": 199, "SCNTemple": "福德堂（合乐路） 龟嶼大伯公堂", "TCNTemple": "福德堂（合樂路） 龜嶼大伯公堂", "ENTemple": "Hock Teck Tong Tua Pek Kong (Havelock Road)", "Main_God_Ch": "土地婆", "Main_God_English": null, "Main_God_ID_1": 199, "Address": "534 Havelock Road", "Postal_Code": 169636, "ADDRESS_1": "534 HAVELOCK ROAD", "X": 27929.6225839285, "Y": 30236.560192760098, "LATITUDE": 1.2897232199333899, "LONGITUDE": 103.83268620906701 }, "geometry": { "type": "Point", "coordinates": [ 103.832686209211559, 1.289723219998875 ] } },
{ "type": "Feature", "properties": { "OBJECTID": 145, "TempleID": 242, "Main_God_ID": 2, "SCNTemple": "福发宫", "TCNTemple": "福發宫", "ENTemple": "Hock Huat Keng Temple", "Main_God_Ch": "龟嶼大伯公 ", "Main_God_English": "Kusu Tua Pek Kong", "Main_God_ID_1": null, "Address": "523 Yishun Industrial Park A ", "Postal_Code": 768770, "ADDRESS_1": "523 YISHUN INDUSTRIAL PARK A", "X": 28296.620433636901, "Y": 47222.2774367202, "LATITUDE": 1.4433359824648599, "LONGITUDE": 103.83598400505301 }, "geometry": { "type": "Point", "coordinates": [ 103.835984004750145, 1.443335982132781 ] } },
{ "type": "Feature", "properties": { "OBJECTID": 146, "TempleID": 242, "Main_God_ID": 135, "SCNTemple": "福发宫", "TCNTemple": "福發宫", "ENTemple": "Hock Huat Keng Temple", "Main_God_Ch": "大伯公", "Main_God_English": "Tua Bek Kong", "Main_God_ID_1": null, "Address": "523 Yishun Industrial Park A ", "Postal_Code": 768770, "ADDRESS_1": "523 YISHUN INDUSTRIAL PARK A", "X": 28296.620433636901, "Y": 47222.2774367202, "LATITUDE": 1.4433359824648599, "LONGITUDE": 103.83598400505301 }, "geometry": { "type": "Point", "coordinates": [ 103.835984004750145, 1.443335982132781 ] } },
{ "type": "Feature", "properties": { "OBJECTID": 147, "TempleID": 243, "Main_God_ID": 3, "SCNTemple": "福海禅寺", "TCNTemple": "福海禪寺", "ENTemple": "Foo Hai Ch'an Monastery ", "Main_God_Ch": "安西城隍伯主", "Main_God_English": null, "Main_God_ID_1": 3, "Address": "87 Geylang East Avenue 2", "Postal_Code": 389753, "ADDRESS_1": "87 GEYLANG EAST AVENUE 2", "X": 34172.125869674601, "Y": 33360.312969932304, "LATITUDE": 1.31797271874984, "LONGITUDE": 103.888778294506 }, "geometry": { "type": "Point", "coordinates": [ 103.888778294778689, 1.317972719021752 ] } },
{ "type": "Feature", "properties": { "OBJECTID": 148, "TempleID": 244, "Main_God_ID": 1, "SCNTemple": "福慧讲堂", "TCNTemple": "福慧講堂", "ENTemple": "Fu Hui Jiang Tang", "Main_God_Ch": "观世音菩萨", "Main_God_English": "Goddess of Mercy", "Main_God_ID_1": 1, "Address": "105 Punggol Road", "Postal_Code": 546636, "ADDRESS_1": "105 PUNGGOL ROAD", "X": 35024.767313190699, "Y": 40200.620647804797, "LATITUDE": 1.3798338079619901, "LONGITUDE": 103.89644130576301 }, "geometry": { "type": "Point", "coordinates": [ 103.896441305644217, 1.379833807529671 ] } },
{ "type": "Feature", "properties": { "OBJECTID": 149, "TempleID": 247, "Main_God_ID": 5, "SCNTemple": "福灵宫", "TCNTemple": "福靈宮", "ENTemple": "Hock Leng Keng Temple", "Main_God_Ch": "玉子太保", "Main_God_English": null, "Main_God_ID_1": 5, "Address": "6 Chai Chee Lane", "Postal_Code": 469020, "ADDRESS_1": "6 CHAI CHEE LANE", "X": 37549.638218552798, "Y": 34523.360274536499, "LATITUDE": 1.32849002944354, "LONGITUDE": 103.919127317171 }, "geometry": { "type": "Point", "coordinates": [ 103.919127317004481, 1.328490029673838 ] } },
{ "type": "Feature", "properties": { "OBJECTID": 154, "TempleID": 249, "Main_God_ID": 1, "SCNTemple": "福泉寺", "TCNTemple": "福泉寺", "ENTemple": "Chwee Bee Temple", "Main_God_Ch": "章公圣君", "Main_God_English": null, "Main_God_ID_1": 1, "Address": "1 Bedok North Street 5", "Postal_Code": 486115, "ADDRESS_1": "1 BEDOK NORTH STREET 5", "X": 40895.775683548301, "Y": 35302.1674514357, "LATITUDE": 1.3355320364830801, "LONGITUDE": 103.94919449094 }, "geometry": { "type": "Point", "coordinates": [ 103.949194491087653, 1.335532036922276 ] } },
{ "type": "Feature", "properties": { "OBJECTID": 155, "TempleID": 252, "Main_God_ID": 2, "SCNTemple": "福山亭", "TCNTemple": "福山亭", "ENTemple": "Hock San Teng", "Main_God_Ch": "释迦牟尼佛", "Main_God_English": "Sakyamuni Buddha", "Main_God_ID_1": 2, "Address": "6 Chai Chee Lane", "Postal_Code": 469020, "ADDRESS_1": "6 CHAI CHEE LANE", "X": 37549.638218552798, "Y": 34523.360274536499, "LATITUDE": 1.32849002944354, "LONGITUDE": 103.919127317171 }, "geometry": { "type": "Point", "coordinates": [ 103.919127317004481, 1.328490029673838 ] } },
{ "type": "Feature", "properties": { "OBJECTID": 156, "TempleID": 255, "Main_God_ID": 3, "SCNTemple": "福寿堂", "TCNTemple": "福壽堂", "ENTemple": "Hock Siew Tong Temple ", "Main_God_Ch": "大伯公", "Main_God_English": "Tua Bek Kong", "Main_God_ID_1": 3, "Address": "357 Race Course Road", "Postal_Code": 218633, "ADDRESS_1": "357 RACE COURSE ROAD", "X": 30580.610007396899, "Y": 33019.241706499801, "LATITUDE": 1.3148887035025401, "LONGITUDE": 103.856506657645 }, "geometry": { "type": "Point", "coordinates": [ 103.856506657578507, 1.314888703443756 ] } },
{ "type": "Feature", "properties": { "OBJECTID": 157, "TempleID": 260, "Main_God_ID": 14, "SCNTemple": "檺林宫", "TCNTemple": "檺林宮", "ENTemple": "Kong Lim Kong Temple", "Main_God_Ch": "观世音菩萨", "Main_God_English": "Goddess of Mercy", "Main_God_ID_1": null, "Address": "791 Ang Mo Kio Ave 1", "Postal_Code": 569974, "ADDRESS_1": "791 ANG MO KIO AVENUE 1", "X": 28604.472191455799, "Y": 38704.979960398698, "LATITUDE": 1.3663086042449799, "LONGITUDE": 103.838750178864 }, "geometry": { "type": "Point", "coordinates": [ 103.838750178940657, 1.366308604603127 ] } },
{ "type": "Feature", "properties": { "OBJECTID": 158, "TempleID": 260, "Main_God_ID": 16, "SCNTemple": "檺林宫", "TCNTemple": "檺林宮", "ENTemple": "Kong Lim Kong Temple", "Main_God_Ch": "朱府大人", "Main_God_English": "Lord Zhu", "Main_God_ID_1": null, "Address": "791 Ang Mo Kio Ave 1", "Postal_Code": 569974, "ADDRESS_1": "791 ANG MO KIO AVENUE 1", "X": 28604.472191455799, "Y": 38704.979960398698, "LATITUDE": 1.3663086042449799, "LONGITUDE": 103.838750178864 }, "geometry": { "type": "Point", "coordinates": [ 103.838750178940657, 1.366308604603127 ] } },
{ "type": "Feature", "properties": { "OBJECTID": 159, "TempleID": 260, "Main_God_ID": 17, "SCNTemple": "檺林宫", "TCNTemple": "檺林宮", "ENTemple": "Kong Lim Kong Temple", "Main_God_Ch": "邢府大人", "Main_God_English": "Lord Xing", "Main_God_ID_1": null, "Address": "791 Ang Mo Kio Ave 1", "Postal_Code": 569974, "ADDRESS_1": "791 ANG MO KIO AVENUE 1", "X": 28604.472191455799, "Y": 38704.979960398698, "LATITUDE": 1.3663086042449799, "LONGITUDE": 103.838750178864 }, "geometry": { "type": "Point", "coordinates": [ 103.838750178940657, 1.366308604603127 ] } },
{ "type": "Feature", "properties": { "OBJECTID": 160, "TempleID": 260, "Main_God_ID": 153, "SCNTemple": "檺林宫", "TCNTemple": "檺林宮", "ENTemple": "Kong Lim Kong Temple", "Main_God_Ch": "李府大人", "Main_God_English": "Lord Li", "Main_God_ID_1": null, "Address": "791 Ang Mo Kio Ave 1", "Postal_Code": 569974, "ADDRESS_1": "791 ANG MO KIO AVENUE 1", "X": 28604.472191455799, "Y": 38704.979960398698, "LATITUDE": 1.3663086042449799, "LONGITUDE": 103.838750178864 }, "geometry": { "type": "Point", "coordinates": [ 103.838750178940657, 1.366308604603127 ] } },
{ "type": "Feature", "properties": { "OBJECTID": 161, "TempleID": 261, "Main_God_ID": 14, "SCNTemple": "檺林宫", "TCNTemple": "檺林宮", "ENTemple": "Kuah Na Keng", "Main_God_Ch": "杨府大人（杨府元帅）", "Main_God_English": "Lord Yang", "Main_God_ID_1": null, "Address": "9  Bedok North Street 5, Ave 4.", "Postal_Code": 485875, "ADDRESS_1": "9 BEDOK NORTH STREET 5", "X": 40873.346986541503, "Y": 35283.396609993702, "LATITUDE": 1.3353622895482, "LONGITUDE": 103.948992948625 }, "geometry": { "type": "Point", "coordinates": [ 103.948992948745385, 1.335362289457826 ] } },
{ "type": "Feature", "properties": { "OBJECTID": 162, "TempleID": 261, "Main_God_ID": 16, "SCNTemple": "檺林宫", "TCNTemple": "檺林宮", "ENTemple": "Kuah Na Keng", "Main_God_Ch": "朱府大人", "Main_God_English": "Lord Zhu", "Main_God_ID_1": null, "Address": "9  Bedok North Street 5, Ave 4.", "Postal_Code": 485875, "ADDRESS_1": "9 BEDOK NORTH STREET 5", "X": 40873.346986541503, "Y": 35283.396609993702, "LATITUDE": 1.3353622895482, "LONGITUDE": 103.948992948625 }, "geometry": { "type": "Point", "coordinates": [ 103.948992948745385, 1.335362289457826 ] } },
{ "type": "Feature", "properties": { "OBJECTID": 163, "TempleID": 261, "Main_God_ID": 17, "SCNTemple": "檺林宫", "TCNTemple": "檺林宮", "ENTemple": "Kuah Na Keng", "Main_God_Ch": "邢府大人", "Main_God_English": "Lord Xing", "Main_God_ID_1": null, "Address": "9  Bedok North Street 5, Ave 4.", "Postal_Code": 485875, "ADDRESS_1": "9 BEDOK NORTH STREET 5", "X": 40873.346986541503, "Y": 35283.396609993702, "LATITUDE": 1.3353622895482, "LONGITUDE": 103.948992948625 }, "geometry": { "type": "Point", "coordinates": [ 103.948992948745385, 1.335362289457826 ] } },
{ "type": "Feature", "properties": { "OBJECTID": 164, "TempleID": 262, "Main_God_ID": 14, "SCNTemple": "檺林宫（欧南山）", "TCNTemple": "檺林宮（歐南山）", "ENTemple": "Outram Hill Ho Lim Keng Temple", "Main_God_Ch": "李府大人", "Main_God_English": "Lord Li", "Main_God_ID_1": null, "Address": "20 Outram Hil", "Postal_Code": 169115, "ADDRESS_1": "20 OUTRAM HILL", "X": 28346.321794692401, "Y": 29631.497326262299, "LATITUDE": 1.2842512419654599, "LONGITUDE": 103.836430417367 }, "geometry": { "type": "Point", "coordinates": [ 103.836430417414192, 1.28425124172796 ] } },
{ "type": "Feature", "properties": { "OBJECTID": 165, "TempleID": 262, "Main_God_ID": 16, "SCNTemple": "檺林宫（欧南山）", "TCNTemple": "檺林宮（歐南山）", "ENTemple": "Outram Hill Ho Lim Keng Temple", "Main_God_Ch": "朱府大人", "Main_God_English": "Lord Zhu", "Main_God_ID_1": null, "Address": "20 Outram Hil", "Postal_Code": 169115, "ADDRESS_1": "20 OUTRAM HILL", "X": 28346.321794692401, "Y": 29631.497326262299, "LATITUDE": 1.2842512419654599, "LONGITUDE": 103.836430417367 }, "geometry": { "type": "Point", "coordinates": [ 103.836430417414192, 1.28425124172796 ] } },
{ "type": "Feature", "properties": { "OBJECTID": 166, "TempleID": 262, "Main_God_ID": 17, "SCNTemple": "檺林宫（欧南山）", "TCNTemple": "檺林宮（歐南山）", "ENTemple": "Outram Hill Ho Lim Keng Temple", "Main_God_Ch": "邢府大人", "Main_God_English": "Lord Xing", "Main_God_ID_1": null, "Address": "20 Outram Hil", "Postal_Code": 169115, "ADDRESS_1": "20 OUTRAM HILL", "X": 28346.321794692401, "Y": 29631.497326262299, "LATITUDE": 1.2842512419654599, "LONGITUDE": 103.836430417367 }, "geometry": { "type": "Point", "coordinates": [ 103.836430417414192, 1.28425124172796 ] } },
{ "type": "Feature", "properties": { "OBJECTID": 167, "TempleID": 262, "Main_God_ID": 82, "SCNTemple": "檺林宫（欧南山）", "TCNTemple": "檺林宮（歐南山）", "ENTemple": "Outram Hill Ho Lim Keng Temple", "Main_God_Ch": "李府大人", "Main_God_English": "Lord Li", "Main_God_ID_1": null, "Address": "20 Outram Hil", "Postal_Code": 169115, "ADDRESS_1": "20 OUTRAM HILL", "X": 28346.321794692401, "Y": 29631.497326262299, "LATITUDE": 1.2842512419654599, "LONGITUDE": 103.836430417367 }, "geometry": { "type": "Point", "coordinates": [ 103.836430417414192, 1.28425124172796 ] } },
{ "type": "Feature", "properties": { "OBJECTID": 168, "TempleID": 264, "Main_God_ID": 1, "SCNTemple": "功德林佛寺", "TCNTemple": "功德林佛寺", "ENTemple": "Sattha Puchaiyaram Buddhit Temple ", "Main_God_Ch": "许真人", "Main_God_English": null, "Main_God_ID_1": 1, "Address": "395 Bukit Batok West Avenue 8", "Postal_Code": 658963, "ADDRESS_1": "395 BUKIT BATOK WEST AVENUE 8", "X": 17659.267931238701, "Y": 36567.672819230698, "LATITUDE": 1.34697778266751, "LONGITUDE": 103.74040073921999 }, "geometry": { "type": "Point", "coordinates": [ 103.740400738938632, 1.346977782493591 ] } },
{ "type": "Feature", "properties": { "OBJECTID": 169, "TempleID": 267, "Main_God_ID": 4, "SCNTemple": "关帝庙", "TCNTemple": "關帝廟", "ENTemple": "Kwang Tee Temple", "Main_God_Ch": "释迦牟尼佛", "Main_God_English": "Sakyamuni Buddha", "Main_God_ID_1": 4, "Address": "561 Yishun Ring Road , #01-04", "Postal_Code": 768682, "ADDRESS_1": "561 YISHUN RING ROAD", "X": 27931.223306247, "Y": 46293.909009030103, "LATITUDE": 1.4349401564151101, "LONGITUDE": 103.832700554336 }, "geometry": { "type": "Point", "coordinates": [ 103.832700554279256, 1.434940156333446 ] } },
{ "type": "Feature", "properties": { "OBJECTID": 170, "TempleID": 268, "Main_God_ID": 4, "SCNTemple": "关帝庙", "TCNTemple": "關帝廟", "ENTemple": "Kuan Ti Temple", "Main_God_Ch": "关帝圣君", "Main_God_English": "God of War", "Main_God_ID_1": 4, "Address": "15  Choa Chu Kang Street 51", "Postal_Code": 689336, "ADDRESS_1": "15 CHOA CHU KANG STREET 51", "X": 17934.131612447101, "Y": 41508.878785900801, "LATITUDE": 1.3916643223998799, "LONGITUDE": 103.742868881167 }, "geometry": { "type": "Point", "coordinates": [ 103.74286888105496, 1.391664322527376 ] } },
{ "type": "Feature", "properties": { "OBJECTID": 171, "TempleID": 271, "Main_God_ID": 42, "SCNTemple": "观济阁", "TCNTemple": "觀濟閣", "ENTemple": "Kuan Ji Ke", "Main_God_Ch": "关帝圣君", "Main_God_English": "God of War", "Main_God_ID_1": null, "Address": "Blk 348, #11-1064 Ubi Avenue 1", "Postal_Code": 400348, "ADDRESS_1": "348 UBI AVENUE 1", "X": 35479.674041945502, "Y": 34264.576338605999, "LATITUDE": 1.3261502601856401, "LONGITUDE": 103.900527500118 }, "geometry": { "type": "Point", "coordinates": [ 103.900527499740718, 1.326150259836525 ] } },
{ "type": "Feature", "properties": { "OBJECTID": 172, "TempleID": 271, "Main_God_ID": 114, "SCNTemple": "观济阁", "TCNTemple": "觀濟閣", "ENTemple": "Kuan Ji Ke", "Main_God_Ch": "张天师", "Main_God_English": null, "Main_God_ID_1": null, "Address": "Blk 348, #11-1064 Ubi Avenue 1", "Postal_Code": 400348, "ADDRESS_1": "348 UBI AVENUE 1", "X": 35479.674041945502, "Y": 34264.576338605999, "LATITUDE": 1.3261502601856401, "LONGITUDE": 103.900527500118 }, "geometry": { "type": "Point", "coordinates": [ 103.900527499740718, 1.326150259836525 ] } },
{ "type": "Feature", "properties": { "OBJECTID": 173, "TempleID": 271, "Main_God_ID": 13, "SCNTemple": "观济阁", "TCNTemple": "觀濟閣", "ENTemple": "Kuan Ji Ke", "Main_God_Ch": "六壬仙师", "Main_God_English": null, "Main_God_ID_1": null, "Address": "Blk 348, #11-1064 Ubi Avenue 1", "Postal_Code": 400348, "ADDRESS_1": "348 UBI AVENUE 1", "X": 35479.674041945502, "Y": 34264.576338605999, "LATITUDE": 1.3261502601856401, "LONGITUDE": 103.900527500118 }, "geometry": { "type": "Point", "coordinates": [ 103.900527499740718, 1.326150259836525 ] } },
{ "type": "Feature", "properties": { "OBJECTID": 174, "TempleID": 276, "Main_God_ID": 14, "SCNTemple": "观山殿", "TCNTemple": "觀山殿", "ENTemple": "Guan Shan Dian", "Main_God_Ch": "太上老君", "Main_God_English": null, "Main_God_ID_1": null, "Address": "741 Jurong Wes Street 42", "Postal_Code": 649369, "ADDRESS_1": "741 JURONG WEST STREET 42", "X": 15830.9311012281, "Y": 37229.019425202197, "LATITUDE": 1.3529580690432701, "LONGITUDE": 103.72397175928501 }, "geometry": { "type": "Point", "coordinates": [ 103.723971759273809, 1.352958068815356 ] } },
{ "type": "Feature", "properties": { "OBJECTID": 175, "TempleID": 276, "Main_God_ID": 16, "SCNTemple": "观山殿", "TCNTemple": "觀山殿", "ENTemple": "Guan Shan Dian", "Main_God_Ch": "朱府大人", "Main_God_English": "Lord Zhu", "Main_God_ID_1": null, "Address": "741 Jurong Wes Street 42", "Postal_Code": 649369, "ADDRESS_1": "741 JURONG WEST STREET 42", "X": 15830.9311012281, "Y": 37229.019425202197, "LATITUDE": 1.3529580690432701, "LONGITUDE": 103.72397175928501 }, "geometry": { "type": "Point", "coordinates": [ 103.723971759273809, 1.352958068815356 ] } },
{ "type": "Feature", "properties": { "OBJECTID": 176, "TempleID": 276, "Main_God_ID": 17, "SCNTemple": "观山殿", "TCNTemple": "觀山殿", "ENTemple": "Guan Shan Dian", "Main_God_Ch": "邢府大人", "Main_God_English": "Lord Xing", "Main_God_ID_1": null, "Address": "741 Jurong Wes Street 42", "Postal_Code": 649369, "ADDRESS_1": "741 JURONG WEST STREET 42", "X": 15830.9311012281, "Y": 37229.019425202197, "LATITUDE": 1.3529580690432701, "LONGITUDE": 103.72397175928501 }, "geometry": { "type": "Point", "coordinates": [ 103.723971759273809, 1.352958068815356 ] } },
{ "type": "Feature", "properties": { "OBJECTID": 177, "TempleID": 276, "Main_God_ID": 19, "SCNTemple": "观山殿", "TCNTemple": "觀山殿", "ENTemple": "Guan Shan Dian", "Main_God_Ch": "李府大人", "Main_God_English": "Lord Li", "Main_God_ID_1": null, "Address": "741 Jurong Wes Street 42", "Postal_Code": 649369, "ADDRESS_1": "741 JURONG WEST STREET 42", "X": 15830.9311012281, "Y": 37229.019425202197, "LATITUDE": 1.3529580690432701, "LONGITUDE": 103.72397175928501 }, "geometry": { "type": "Point", "coordinates": [ 103.723971759273809, 1.352958068815356 ] } },
{ "type": "Feature", "properties": { "OBJECTID": 178, "TempleID": 276, "Main_God_ID": 37, "SCNTemple": "观山殿", "TCNTemple": "觀山殿", "ENTemple": "Guan Shan Dian", "Main_God_Ch": "清水祖师", "Main_God_English": null, "Main_God_ID_1": null, "Address": "741 Jurong Wes Street 42", "Postal_Code": 649369, "ADDRESS_1": "741 JURONG WEST STREET 42", "X": 15830.9311012281, "Y": 37229.019425202197, "LATITUDE": 1.3529580690432701, "LONGITUDE": 103.72397175928501 }, "geometry": { "type": "Point", "coordinates": [ 103.723971759273809, 1.352958068815356 ] } },
{ "type": "Feature", "properties": { "OBJECTID": 179, "TempleID": 278, "Main_God_ID": 38, "SCNTemple": "关善庙大贰坛", "TCNTemple": "關善廟大貳壇", "ENTemple": "Guan Shan Temple", "Main_God_Ch": "董公真人", "Main_God_English": null, "Main_God_ID_1": 38, "Address": " 25 Lorong 25 Geylang", "Postal_Code": 388302, "ADDRESS_1": "25 LORONG 25 GEYLANG", "X": 33453.833593693598, "Y": 32969.668136872402, "LATITUDE": 1.31444000230558, "LONGITUDE": 103.88232400288599 }, "geometry": { "type": "Point", "coordinates": [ 103.882324002942539, 1.314440001972114 ] } },
{ "type": "Feature", "properties": { "OBJECTID": 180, "TempleID": 282, "Main_God_ID": 4, "SCNTemple": "关圣坛", "TCNTemple": "關圣壇", "ENTemple": "Guan Shen Tan ", "Main_God_Ch": "黄老仙师", "Main_God_English": null, "Main_God_ID_1": 4, "Address": "BLK 832 Yishun St 81 #02-440", "Postal_Code": 760832, "ADDRESS_1": "832 YISHUN STREET 81", "X": 28154.147853827999, "Y": 44059.764024425298, "LATITUDE": 1.4147353562295499, "LONGITUDE": 103.834703731666 }, "geometry": { "type": "Point", "coordinates": [ 103.834703732080769, 1.414735356008662 ] } },
{ "type": "Feature", "properties": { "OBJECTID": 181, "TempleID": 295, "Main_God_ID": 3, "SCNTemple": "观音救苦会 ", "TCNTemple": "觀音救苦會", "ENTemple": "Kwan-In Welfare Society", "Main_God_Ch": "关帝圣君", "Main_God_English": "God of War", "Main_God_ID_1": 3, "Address": "7 Kreta Ayer Road ", "Postal_Code": 88984, "ADDRESS_1": "7 KRETA AYER ROAD", "X": 29012.333604994201, "Y": 29180.859472859702, "LATITUDE": 1.28017581696354, "LONGITUDE": 103.842414782026 }, "geometry": { "type": "Point", "coordinates": [ 103.842414781980636, 1.280175817208998 ] } },
{ "type": "Feature", "properties": { "OBJECTID": 182, "TempleID": 296, "Main_God_ID": 3, "SCNTemple": "观音救苦会 （观音慈善医疗院）", "TCNTemple": "觀音救苦會 （觀音慈善醫療院）", "ENTemple": "Guan Yin Jiu Ku Hui     ( Guan Yin Ci Shan Yi Liao Yuan)", "Main_God_Ch": "观世音菩萨", "Main_God_English": "Goddess of Mercy", "Main_God_ID_1": 3, "Address": "34 Jalan Eunos ", "Postal_Code": 419496, "ADDRESS_1": "34 JALAN EUNOS", "X": 36027.3268367583, "Y": 33614.9741340689, "LATITUDE": 1.3202753529181701, "LONGITUDE": 103.905448284817 }, "geometry": { "type": "Point", "coordinates": [ 103.90544828448688, 1.320275352610065 ] } },
{ "type": "Feature", "properties": { "OBJECTID": 183, "TempleID": 297, "Main_God_ID": 3, "SCNTemple": "观音救苦会 （盛港慈善诊所）", "TCNTemple": "觀音救苦會 （盛港慈善診所）", "ENTemple": "Guan Yin Jiu Ku Hui      ( Sheng Gang)", "Main_God_Ch": "观世音菩萨", "Main_God_English": "Goddess of Mercy", "Main_God_ID_1": 3, "Address": "Blk 111 Rivervale Walk #01-11 ", "Postal_Code": 540111, "ADDRESS_1": "111 RIVERVALE WALK", "X": 35511.109552598602, "Y": 40705.227375555798, "LATITUDE": 1.38439716664516, "LONGITUDE": 103.900811577122 }, "geometry": { "type": "Point", "coordinates": [ 103.900811577547827, 1.384397166866208 ] } },
{ "type": "Feature", "properties": { "OBJECTID": 184, "TempleID": 303, "Main_God_ID": 23, "SCNTemple": "观音堂（如切，天爵堂）", "TCNTemple": "觀音堂（如切，天爵堂）", "ENTemple": "Kuan Im Tng Temple (Joo Chiat)", "Main_God_Ch": "观世音菩萨", "Main_God_English": "Goddess of Mercy", "Main_God_ID_1": 23, "Address": "62 Tembeling Rd", "Postal_Code": 423586, "ADDRESS_1": "62 TEMBELING ROAD", "X": 35541.781553362503, "Y": 32748.015268359301, "LATITUDE": 1.3124350121188599, "LONGITUDE": 103.901085198467 }, "geometry": { "type": "Point", "coordinates": [ 103.901085198885525, 1.312435012404996 ] } },
{ "type": "Feature", "properties": { "OBJECTID": 185, "TempleID": 304, "Main_God_ID": 3, "SCNTemple": "观音堂", "TCNTemple": "觀音堂", "ENTemple": "Kuan Im Kuan Ti Kong Temple", "Main_God_Ch": "准提观音", "Main_God_English": "Goddess of Mercy/Compassion", "Main_God_ID_1": 3, "Address": "205 Joo Chiat Road", "Postal_Code": 427476, "ADDRESS_1": "205 JOO CHIAT ROAD", "X": 35548.136195471503, "Y": 32677.246906349399, "LATITUDE": 1.3117950069173401, "LONGITUDE": 103.90114228079401 }, "geometry": { "type": "Point", "coordinates": [ 103.901142280834549, 1.311795006859912 ] } },
{ "type": "Feature", "properties": { "OBJECTID": 186, "TempleID": 306, "Main_God_ID": 23, "SCNTemple": "观音堂（马里士他路）", "TCNTemple": "觀音堂（馬里士他路）", "ENTemple": "Kwang Im Tng Temple (Balestier Road)", "Main_God_Ch": "准提观音", "Main_God_English": "Goddess of Mercy/Compassion", "Main_God_ID_1": 23, "Address": "525 Balestier Road", "Postal_Code": 329854, "ADDRESS_1": "525 BALESTIER ROAD", "X": 29454.062652480799, "Y": 34244.886167693898, "LATITUDE": 1.3259730724159899, "LONGITUDE": 103.846384121258 }, "geometry": { "type": "Point", "coordinates": [ 103.846384121684721, 1.325973072708155 ] } },
{ "type": "Feature", "properties": { "OBJECTID": 187, "TempleID": 307, "Main_God_ID": 23, "SCNTemple": "观音堂佛祖庙（四马路）", "TCNTemple": "觀音佛堂佛祖廟（四馬路）", "ENTemple": "Kwan Im Tong Hood Che Temple ", "Main_God_Ch": "准提观音", "Main_God_English": "Goddess of Mercy/Compassion", "Main_God_ID_1": 23, "Address": "178, Waterloo Street", "Postal_Code": 187964, "ADDRESS_1": "178 WATERLOO STREET", "X": 30202.967361834799, "Y": 31464.1481006537, "LATITUDE": 1.30082501538287, "LONGITUDE": 103.853113238631 }, "geometry": { "type": "Point", "coordinates": [ 103.853113238974089, 1.300825015376962 ] } },
{ "type": "Feature", "properties": { "OBJECTID": 188, "TempleID": 311, "Main_God_ID": 4, "SCNTemple": "关云殿", "TCNTemple": "關云殿", "ENTemple": "Guan Yun Dian", "Main_God_Ch": "准提观音", "Main_God_English": "Goddess of Mercy/Compassion", "Main_God_ID_1": 4, "Address": "19 Choa Chu Kang Street 51 ", "Postal_Code": 689342, "ADDRESS_1": "19 CHOA CHU KANG STREET 51", "X": 17934.131612447101, "Y": 41508.878785900801, "LATITUDE": 1.3916643223998799, "LONGITUDE": 103.742868881167 }, "geometry": { "type": "Point", "coordinates": [ 103.74286888105496, 1.391664322527376 ] } },
{ "type": "Feature", "properties": { "OBJECTID": 190, "TempleID": 316, "Main_God_ID": 1, "SCNTemple": "广化寺 （佛教）", "TCNTemple": "廣化寺（佛教）", "ENTemple": "Kwang hua Buddhist Monastery ", "Main_God_Ch": "玉皇上帝", "Main_God_English": "Jade Emperor", "Main_God_ID_1": 1, "Address": "87 Tampines Link", "Postal_Code": 528742, "ADDRESS_1": "87 TAMPINES LINK", "X": 38732.068685909697, "Y": 38884.990439593799, "LATITUDE": 1.36793461161667, "LONGITUDE": 103.929753645826 }, "geometry": { "type": "Point", "coordinates": [ 103.929753645952445, 1.367934611258593 ] } },
{ "type": "Feature", "properties": { "OBJECTID": 192, "TempleID": 318, "Main_God_ID": 32, "SCNTemple": "广进殿", "TCNTemple": "廣进殿", "ENTemple": "Guang Jin Dian", "Main_God_Ch": "#N/A", "Main_God_English": "#N/A", "Main_God_ID_1": 32, "Address": "Blk 860A, Tampines Ave 5 #01-623", "Postal_Code": 521860, "ADDRESS_1": "860A TAMPINES AVENUE 5", "X": 39722.222482867503, "Y": 37505.770194124401, "LATITUDE": 1.3554610802999401, "LONGITUDE": 103.938650312162 }, "geometry": { "type": "Point", "coordinates": [ 103.938650312315929, 1.355461080353066 ] } },
{ "type": "Feature", "properties": { "OBJECTID": 193, "TempleID": 320, "Main_God_ID": 1, "SCNTemple": "光明坊禅修中心 ", "TCNTemple": "光明坊禪修中心", "ENTemple": "Awareness Place Meditation Centre", "Main_God_Ch": "华光大帝", "Main_God_English": null, "Main_God_ID_1": 1, "Address": "Blk 231 Bain Street Bras Basah Complex #03-39 ", "Postal_Code": 180231, "ADDRESS_1": "231 BAIN STREET", "X": 30270.4851542693, "Y": 31005.868671009299, "LATITUDE": 1.2966804928870299, "LONGITUDE": 103.853719883339 }, "geometry": { "type": "Point", "coordinates": [ 103.853719883749534, 1.296680493149205 ] } },
{ "type": "Feature", "properties": { "OBJECTID": 194, "TempleID": 321, "Main_God_ID": 1, "SCNTemple": "光明山普觉禅寺", "TCNTemple": "光明山普覺禪寺", "ENTemple": "Kong Meng San Phor Kark See temple ", "Main_God_Ch": "释迦牟尼佛", "Main_God_English": "Sakyamuni Buddha", "Main_God_ID_1": 1, "Address": "88 Bright Hill Road", "Postal_Code": 574117, "ADDRESS_1": "88 BRIGHT HILL DRIVE", "X": 28295.222688417001, "Y": 37958.561554033302, "LATITUDE": 1.3595582670503099, "LONGITUDE": 103.835971351197 }, "geometry": { "type": "Point", "coordinates": [ 103.835971351300984, 1.359558267466016 ] } },
{ "type": "Feature", "properties": { "OBJECTID": 195, "TempleID": 322, "Main_God_ID": 11, "SCNTemple": "广明堂", "TCNTemple": "廣明堂", "ENTemple": "Guang Ming Tang (Kong Beng Tong Temple Association)", "Main_God_Ch": "释迦牟尼佛", "Main_God_English": "Sakyamuni Buddha", "Main_God_ID_1": 11, "Address": "23 Serangoon North Ave 3", "Postal_Code": 555862, "ADDRESS_1": "21 SERANGOON NORTH AVENUE 3", "X": 32096.7996894838, "Y": 39464.1978495773, "LATITUDE": 1.3731744208459999, "LONGITUDE": 103.870131255166 }, "geometry": { "type": "Point", "coordinates": [ 103.870131255259835, 1.373174420397634 ] } },
{ "type": "Feature", "properties": { "OBJECTID": 196, "TempleID": 325, "Main_God_ID": 18, "SCNTemple": "广寿堂", "TCNTemple": "廣壽堂", "ENTemple": "Kong Siew Temple", "Main_God_Ch": "张公圣君", "Main_God_English": null, "Main_God_ID_1": 18, "Address": "15 Yishun Avenue 9 ", "Postal_Code": 768889, "ADDRESS_1": "15 YISHUN AVENUE 9", "X": 28910.941792066202, "Y": 46211.698410866797, "LATITUDE": 1.4341966589497299, "LONGITUDE": 103.841504254897 }, "geometry": { "type": "Point", "coordinates": [ 103.84150425496793, 1.434196658851459 ] } },
{ "type": "Feature", "properties": { "OBJECTID": 197, "TempleID": 332, "Main_God_ID": 8, "SCNTemple": "海南山天公坛", "TCNTemple": "海南山天公壇", "ENTemple": "Hai Lam Sua Tee Kong Toa Temple", "Main_God_Ch": "保生大帝", "Main_God_English": "God of Medicine", "Main_God_ID_1": null, "Address": "175 Upper Thomson Road", "Postal_Code": 574426, "ADDRESS_1": "175 UPPER THOMSON ROAD", "X": 28252.701528727099, "Y": 36949.475163528703, "LATITUDE": 1.35043244937635, "LONGITUDE": 103.835589261837 }, "geometry": { "type": "Point", "coordinates": [ 103.835589261579059, 1.350432449706181 ] } },
{ "type": "Feature", "properties": { "OBJECTID": 198, "TempleID": 332, "Main_God_ID": 2, "SCNTemple": "海南山天公坛", "TCNTemple": "海南山天公壇", "ENTemple": "Hai Lam Sua Tee Kong Toa Temple", "Main_God_Ch": "玉皇上帝", "Main_God_English": "Jade Emperor", "Main_God_ID_1": null, "Address": "175 Upper Thomson Road", "Postal_Code": 574426, "ADDRESS_1": "175 UPPER THOMSON ROAD", "X": 28252.701528727099, "Y": 36949.475163528703, "LATITUDE": 1.35043244937635, "LONGITUDE": 103.835589261837 }, "geometry": { "type": "Point", "coordinates": [ 103.835589261579059, 1.350432449706181 ] } },
{ "type": "Feature", "properties": { "OBJECTID": 199, "TempleID": 333, "Main_God_ID": 1, "SCNTemple": "海印精舍", "TCNTemple": "海印精舍", "ENTemple": "Sagaramudra Buddhist Hermitage", "Main_God_Ch": "大伯公", "Main_God_English": "Tua Bek Kong", "Main_God_ID_1": 1, "Address": "574 Changi Road", "Postal_Code": 419944, "ADDRESS_1": "574 CHANGI ROAD", "X": 37537.119683167002, "Y": 33686.294553833097, "LATITUDE": 1.32091991563968, "LONGITUDE": 103.91901457131701 }, "geometry": { "type": "Point", "coordinates": [ 103.919014571468139, 1.320919916057203 ] } },
{ "type": "Feature", "properties": { "OBJECTID": 200, "TempleID": 334, "Main_God_ID": 1, "SCNTemple": "海印寺", "TCNTemple": "海印寺", "ENTemple": "Hai Inn Temple / Buddhist Colledge Hai Inn Temple", "Main_God_Ch": "释迦牟尼佛", "Main_God_English": "Sakyamuni Buddha", "Main_God_ID_1": 1, "Address": "33 Brickland Road S' 688254 aka\n339 Choa Chu Kang Road, S' 689479", "Postal_Code": 688254, "ADDRESS_1": "33 BRICKLAND ROAD", "X": 16996.901324484501, "Y": 39786.303043071202, "LATITUDE": 1.37608564761033, "LONGITUDE": 103.734447787489 }, "geometry": { "type": "Point", "coordinates": [ 103.734447787268863, 1.376085647220798 ] } },
{ "type": "Feature", "properties": { "OBJECTID": 201, "TempleID": 335, "Main_God_ID": 1, "SCNTemple": "海印学佛会", "TCNTemple": "海印學佛會", "ENTemple": "Sagaramudra Buddhist Society", "Main_God_Ch": "释迦牟尼佛", "Main_God_English": "Sakyamuni Buddha", "Main_God_ID_1": 1, "Address": "No 5 Lorong 29 Geylang", "Postal_Code": 388060, "ADDRESS_1": "5 LORONG 29 GEYLANG", "X": 33801.0226522628, "Y": 32945.455596245803, "LATITUDE": 1.31422096917993, "LONGITUDE": 103.88544366491899 }, "geometry": { "type": "Point", "coordinates": [ 103.885443665348021, 1.314220969213886 ] } },
{ "type": "Feature", "properties": { "OBJECTID": 202, "TempleID": 337, "Main_God_ID": 2, "SCNTemple": "汉阳大伯公", "TCNTemple": "漢陽大伯公", "ENTemple": "Han Yang Da Bo Gong", "Main_God_Ch": "释迦牟尼佛", "Main_God_English": "Sakyamuni Buddha", "Main_God_ID_1": 2, "Address": "25 Tampines Street 21", "Postal_Code": 529394, "ADDRESS_1": "25 TAMPINES STREET 21", "X": 40970.4589973763, "Y": 37545.692151248499, "LATITUDE": 1.3558216025370999, "LONGITUDE": 103.94986652515399 }, "geometry": { "type": "Point", "coordinates": [ 103.949866525176873, 1.355821602977986 ] } },
{ "type": "Feature", "properties": { "OBJECTID": 203, "TempleID": 338, "Main_God_ID": 15, "SCNTemple": "航善宫", "TCNTemple": "航善宮", "ENTemple": "Hang Shan Gong", "Main_God_Ch": "大伯公", "Main_God_English": "Tua Bek Kong", "Main_God_ID_1": 15, "Address": "35 Geylang Lor 24", "Postal_Code": 398232, "ADDRESS_1": "35D LORONG 34 GEYLANG", "X": 34095.533554114401, "Y": 32779.246651729598, "LATITUDE": 1.31271777786986, "LONGITUDE": 103.888089958954 }, "geometry": { "type": "Point", "coordinates": [ 103.888089959365558, 1.312717778306395 ] } },
{ "type": "Feature", "properties": { "OBJECTID": 204, "TempleID": 339, "Main_God_ID": 56, "SCNTemple": "何碧山宫", "TCNTemple": "何碧山宮", "ENTemple": "He Bi Shan Gong", "Main_God_Ch": "善财童子", "Main_God_English": "Sudhana", "Main_God_ID_1": 56, "Address": "475 Yishun Ring Road", "Postal_Code": 768678, "ADDRESS_1": "475 YISHUN RING ROAD", "X": 27412.9261273183, "Y": 46167.372189700603, "LATITUDE": 1.4337957971820601, "LONGITUDE": 103.828043163432 }, "geometry": { "type": "Point", "coordinates": [ 103.828043163185797, 1.433795797275198 ] } },
{ "type": "Feature", "properties": { "OBJECTID": 205, "TempleID": 341, "Main_God_ID": 163, "SCNTemple": "横山庙 （潘氏宗祠）", "TCNTemple": "橫山廟（潘氏宗祠）", "ENTemple": "Hwee San Temple ", "Main_God_Ch": "三官大帝", "Main_God_English": null, "Main_God_ID_1": 163, "Address": "527 Yishun Industrial Park A", "Postal_Code": 768771, "ADDRESS_1": "527 YISHUN INDUSTRIAL PARK A", "X": 28270.331781739402, "Y": 47263.760283498101, "LATITUDE": 1.4437111385429899, "LONGITUDE": 103.835747776022 }, "geometry": { "type": "Point", "coordinates": [ 103.835747776186139, 1.443711138692221 ] } },
{ "type": "Feature", "properties": { "OBJECTID": 206, "TempleID": 346, "Main_God_ID": 19, "SCNTemple": "后池厅 aka普庵古佛", "TCNTemple": "後池廳 aka普庵古佛", "ENTemple": "Hou Chi Tin aka Pu An Gu Fo ", "Main_God_Ch": "潘家祖师公", "Main_God_English": null, "Main_God_ID_1": 19, "Address": "25 Tampines Street 21", "Postal_Code": 529394, "ADDRESS_1": "25 TAMPINES STREET 21", "X": 40970.4589973763, "Y": 37545.692151248499, "LATITUDE": 1.3558216025370999, "LONGITUDE": 103.94986652515399 }, "geometry": { "type": "Point", "coordinates": [ 103.949866525176873, 1.355821602977986 ] } },
{ "type": "Feature", "properties": { "OBJECTID": 207, "TempleID": 347, "Main_God_ID": 26, "SCNTemple": "斗母宫（后港）（最早九皇庙）", "TCNTemple": "斗母宮（後港）（最早九皇廟）", "ENTemple": "Hougang Tao Mu Temple (Jiu Huang Da Di Temple)", "Main_God_Ch": "清水祖师", "Main_God_English": null, "Main_God_ID_1": null, "Address": "779A Upper Serangoon Rd", "Postal_Code": 534648, "ADDRESS_1": "779A UPPER SERANGOON ROAD", "X": 33076.028620934099, "Y": 37471.930134309499, "LATITUDE": 1.35515691542146, "LONGITUDE": 103.878929986873 }, "geometry": { "type": "Point", "coordinates": [ 103.878929986684369, 1.355156915111175 ] } },
{ "type": "Feature", "properties": { "OBJECTID": 208, "TempleID": 347, "Main_God_ID": 69, "SCNTemple": "斗母宫（后港）（最早九皇庙）", "TCNTemple": "斗母宮（後港）（最早九皇廟）", "ENTemple": "Hougang Tao Mu Temple (Jiu Huang Da Di Temple)", "Main_God_Ch": "九皇大帝", "Main_God_English": "Nine Emperor Gods", "Main_God_ID_1": null, "Address": "779A Upper Serangoon Rd", "Postal_Code": 534648, "ADDRESS_1": "779A UPPER SERANGOON ROAD", "X": 33076.028620934099, "Y": 37471.930134309499, "LATITUDE": 1.35515691542146, "LONGITUDE": 103.878929986873 }, "geometry": { "type": "Point", "coordinates": [ 103.878929986684369, 1.355156915111175 ] } },
{ "type": "Feature", "properties": { "OBJECTID": 209, "TempleID": 350, "Main_God_ID": 7, "SCNTemple": "华报善堂", "TCNTemple": "華報善堂", "ENTemple": "Hwa Poh Siang Tng", "Main_God_Ch": "药师佛", "Main_God_English": null, "Main_God_ID_1": 7, "Address": "561 Yishun Ring Road,  #01-01", "Postal_Code": 768682, "ADDRESS_1": "561 YISHUN RING ROAD", "X": 27931.223306247, "Y": 46293.909009030103, "LATITUDE": 1.4349401564151101, "LONGITUDE": 103.832700554336 }, "geometry": { "type": "Point", "coordinates": [ 103.832700554279256, 1.434940156333446 ] } },
{ "type": "Feature", "properties": { "OBJECTID": 210, "TempleID": 351, "Main_God_ID": 7, "SCNTemple": "华德善堂", "TCNTemple": "華德善堂", "ENTemple": "Hua Teck Siang Tng", "Main_God_Ch": "宋大峰祖师", "Main_God_English": null, "Main_God_ID_1": 7, "Address": "177L Lorong 7 Toa Payoh", "Postal_Code": 319318, "ADDRESS_1": "177Q LORONG 7 TOA PAYOH", "X": 30577.1694759559, "Y": 35642.104694590002, "LATITUDE": 1.3386089464329201, "LONGITUDE": 103.856475963154 }, "geometry": { "type": "Point", "coordinates": [ 103.856475963369775, 1.338608946481839 ] } },
{ "type": "Feature", "properties": { "OBJECTID": 211, "TempleID": 352, "Main_God_ID": 31, "SCNTemple": "华光大帝庙", "TCNTemple": "華光大帝廟", "ENTemple": "Hwa Kwang Tai Tee Temple", "Main_God_Ch": "宋大峰祖师", "Main_God_English": null, "Main_God_ID_1": 31, "Address": "99 Sin Ming Industrial Estate Sector B", "Postal_Code": 575660, "ADDRESS_1": "99 SECTOR B SIN MING INDUSTRIAL ESTATE", "X": 28768.459980522301, "Y": 37777.297193344697, "LATITUDE": 1.35791896832349, "LONGITUDE": 103.840223698548 }, "geometry": { "type": "Point", "coordinates": [ 103.840223698722795, 1.357918968383677 ] } },
{ "type": "Feature", "properties": { "OBJECTID": 212, "TempleID": 355, "Main_God_ID": 6, "SCNTemple": "花莲宫", "TCNTemple": "花蓮宮", "ENTemple": "Huay Lian Keng", "Main_God_Ch": "齐天大圣", "Main_God_English": "Monkey King", "Main_God_ID_1": 6, "Address": "15 Lorong 25A Geylang", "Postal_Code": 388227, "ADDRESS_1": "15 LORONG 25A GEYLANG", "X": 33520.126228950903, "Y": 32921.5807252452, "LATITUDE": 1.31400510506292, "LONGITUDE": 103.88291966665901 }, "geometry": { "type": "Point", "coordinates": [ 103.882919666398394, 1.314005104834624 ] } },
{ "type": "Feature", "properties": { "OBJECTID": 213, "TempleID": 356, "Main_God_ID": 2, "SCNTemple": "华山宫（华山芭）", "TCNTemple": "華山宮（華山芭）", "ENTemple": "Hua Shan Gong", "Main_God_Ch": "哪吒", "Main_God_English": "The Third Prince/ Marshal Central Altar", "Main_God_ID_1": 2, "Address": "569 Yishun Ring Road", "Postal_Code": 768691, "ADDRESS_1": "569 YISHUN RING ROAD", "X": 28042.010089444899, "Y": 46296.935989009202, "LATITUDE": 1.43496753138486, "LONGITUDE": 103.83369607904901 }, "geometry": { "type": "Point", "coordinates": [ 103.833696079143749, 1.434967531484261 ] } },
{ "type": "Feature", "properties": { "OBJECTID": 214, "TempleID": 357, "Main_God_ID": 70, "SCNTemple": "华堂府", "TCNTemple": "華堂府", "ENTemple": "Hua Tang Fu ", "Main_God_Ch": "大伯公", "Main_God_English": "Tua Bek Kong", "Main_God_ID_1": 70, "Address": "48 Ang Mo Kio Street 61", "Postal_Code": 569162, "ADDRESS_1": "48 ANG MO KIO STREET 61", "X": 28916.5525379395, "Y": 40324.890274081401, "LATITUDE": 1.3809584859777699, "LONGITUDE": 103.841554486324 }, "geometry": { "type": "Point", "coordinates": [ 103.841554485982741, 1.380958486212176 ] } },
{ "type": "Feature", "properties": { "OBJECTID": 215, "TempleID": 367, "Main_God_ID": 12, "SCNTemple": "济芳阁（德教）", "TCNTemple": "濟芳閣（德教）", "ENTemple": "Chee Hoon Kog Temple", "Main_God_Ch": "施府王爷", "Main_God_English": "Lord Shi", "Main_God_ID_1": null, "Address": "67 Anchorvale Link", "Postal_Code": 545071, "ADDRESS_1": "67 ANCHORVALE LINK", "X": 34336.4219381558, "Y": 41748.692444644897, "LATITUDE": 1.3938341644889101, "LONGITUDE": 103.890256350385 }, "geometry": { "type": "Point", "coordinates": [ 103.890256350041511, 1.393834164085159 ] } },
{ "type": "Feature", "properties": { "OBJECTID": 216, "TempleID": 367, "Main_God_ID": 24, "SCNTemple": "济芳阁（德教）", "TCNTemple": "濟芳閣（德教）", "ENTemple": "Chee Hoon Kog Temple", "Main_God_Ch": "济公活佛", "Main_God_English": null, "Main_God_ID_1": null, "Address": "67 Anchorvale Link", "Postal_Code": 545071, "ADDRESS_1": "67 ANCHORVALE LINK", "X": 34336.4219381558, "Y": 41748.692444644897, "LATITUDE": 1.3938341644889101, "LONGITUDE": 103.890256350385 }, "geometry": { "type": "Point", "coordinates": [ 103.890256350041511, 1.393834164085159 ] } },
{ "type": "Feature", "properties": { "OBJECTID": 217, "TempleID": 367, "Main_God_ID": 22, "SCNTemple": "济芳阁（德教）", "TCNTemple": "濟芳閣（德教）", "ENTemple": "Chee Hoon Kog Temple", "Main_God_Ch": "吕祖", "Main_God_English": null, "Main_God_ID_1": null, "Address": "67 Anchorvale Link", "Postal_Code": 545071, "ADDRESS_1": "67 ANCHORVALE LINK", "X": 34336.4219381558, "Y": 41748.692444644897, "LATITUDE": 1.3938341644889101, "LONGITUDE": 103.890256350385 }, "geometry": { "type": "Point", "coordinates": [ 103.890256350041511, 1.393834164085159 ] } },
{ "type": "Feature", "properties": { "OBJECTID": 218, "TempleID": 367, "Main_God_ID": 29, "SCNTemple": "济芳阁（德教）", "TCNTemple": "濟芳閣（德教）", "ENTemple": "Chee Hoon Kog Temple", "Main_God_Ch": "五教圣人", "Main_God_English": null, "Main_God_ID_1": null, "Address": "67 Anchorvale Link", "Postal_Code": 545071, "ADDRESS_1": "67 ANCHORVALE LINK", "X": 34336.4219381558, "Y": 41748.692444644897, "LATITUDE": 1.3938341644889101, "LONGITUDE": 103.890256350385 }, "geometry": { "type": "Point", "coordinates": [ 103.890256350041511, 1.393834164085159 ] } },
{ "type": "Feature", "properties": { "OBJECTID": 219, "TempleID": 367, "Main_God_ID": 35, "SCNTemple": "济芳阁（德教）", "TCNTemple": "濟芳閣（德教）", "ENTemple": "Chee Hoon Kog Temple", "Main_God_Ch": "三清道祖", "Main_God_English": null, "Main_God_ID_1": null, "Address": "67 Anchorvale Link", "Postal_Code": 545071, "ADDRESS_1": "67 ANCHORVALE LINK", "X": 34336.4219381558, "Y": 41748.692444644897, "LATITUDE": 1.3938341644889101, "LONGITUDE": 103.890256350385 }, "geometry": { "type": "Point", "coordinates": [ 103.890256350041511, 1.393834164085159 ] } },
{ "type": "Feature", "properties": { "OBJECTID": 220, "TempleID": 369, "Main_God_ID": 70, "SCNTemple": "集福宫", "TCNTemple": "集福宮", "ENTemple": " Ji Fu Gong ", "Main_God_Ch": "德德社诸佛仙尊", "Main_God_English": null, "Main_God_ID_1": null, "Address": "48 Ang Mo Kio Street 61", "Postal_Code": 569162, "ADDRESS_1": "48 ANG MO KIO STREET 61", "X": 28916.5525379395, "Y": 40324.890274081401, "LATITUDE": 1.3809584859777699, "LONGITUDE": 103.841554486324 }, "geometry": { "type": "Point", "coordinates": [ 103.841554485982741, 1.380958486212176 ] } },
{ "type": "Feature", "properties": { "OBJECTID": 221, "TempleID": 369, "Main_God_ID": 71, "SCNTemple": "集福宫", "TCNTemple": "集福宮", "ENTemple": " Ji Fu Gong ", "Main_God_Ch": "施府王爷", "Main_God_English": "Lord Shi", "Main_God_ID_1": null, "Address": "48 Ang Mo Kio Street 61", "Postal_Code": 569162, "ADDRESS_1": "48 ANG MO KIO STREET 61", "X": 28916.5525379395, "Y": 40324.890274081401, "LATITUDE": 1.3809584859777699, "LONGITUDE": 103.841554486324 }, "geometry": { "type": "Point", "coordinates": [ 103.841554485982741, 1.380958486212176 ] } },
{ "type": "Feature", "properties": { "OBJECTID": 222, "TempleID": 369, "Main_God_ID": 49, "SCNTemple": "集福宫", "TCNTemple": "集福宮", "ENTemple": " Ji Fu Gong ", "Main_God_Ch": "林府大人", "Main_God_English": "Lord Lin", "Main_God_ID_1": null, "Address": "48 Ang Mo Kio Street 61", "Postal_Code": 569162, "ADDRESS_1": "48 ANG MO KIO STREET 61", "X": 28916.5525379395, "Y": 40324.890274081401, "LATITUDE": 1.3809584859777699, "LONGITUDE": 103.841554486324 }, "geometry": { "type": "Point", "coordinates": [ 103.841554485982741, 1.380958486212176 ] } },
{ "type": "Feature", "properties": { "OBJECTID": 223, "TempleID": 369, "Main_God_ID": 14, "SCNTemple": "集福宫", "TCNTemple": "集福宮", "ENTemple": " Ji Fu Gong ", "Main_God_Ch": "萧府大人", "Main_God_English": "Lord Xiao ", "Main_God_ID_1": null, "Address": "48 Ang Mo Kio Street 61", "Postal_Code": 569162, "ADDRESS_1": "48 ANG MO KIO STREET 61", "X": 28916.5525379395, "Y": 40324.890274081401, "LATITUDE": 1.3809584859777699, "LONGITUDE": 103.841554486324 }, "geometry": { "type": "Point", "coordinates": [ 103.841554485982741, 1.380958486212176 ] } },
{ "type": "Feature", "properties": { "OBJECTID": 224, "TempleID": 369, "Main_God_ID": 37, "SCNTemple": "集福宫", "TCNTemple": "集福宮", "ENTemple": " Ji Fu Gong ", "Main_God_Ch": "朱府大人", "Main_God_English": "Lord Zhu", "Main_God_ID_1": null, "Address": "48 Ang Mo Kio Street 61", "Postal_Code": 569162, "ADDRESS_1": "48 ANG MO KIO STREET 61", "X": 28916.5525379395, "Y": 40324.890274081401, "LATITUDE": 1.3809584859777699, "LONGITUDE": 103.841554486324 }, "geometry": { "type": "Point", "coordinates": [ 103.841554485982741, 1.380958486212176 ] } },
{ "type": "Feature", "properties": { "OBJECTID": 225, "TempleID": 369, "Main_God_ID": 19, "SCNTemple": "集福宫", "TCNTemple": "集福宮", "ENTemple": " Ji Fu Gong ", "Main_God_Ch": "董公真人", "Main_God_English": null, "Main_God_ID_1": null, "Address": "48 Ang Mo Kio Street 61", "Postal_Code": 569162, "ADDRESS_1": "48 ANG MO KIO STREET 61", "X": 28916.5525379395, "Y": 40324.890274081401, "LATITUDE": 1.3809584859777699, "LONGITUDE": 103.841554486324 }, "geometry": { "type": "Point", "coordinates": [ 103.841554485982741, 1.380958486212176 ] } },
{ "type": "Feature", "properties": { "OBJECTID": 226, "TempleID": 369, "Main_God_ID": 74, "SCNTemple": "集福宫", "TCNTemple": "集福宮", "ENTemple": " Ji Fu Gong ", "Main_God_Ch": "清水祖师", "Main_God_English": null, "Main_God_ID_1": null, "Address": "48 Ang Mo Kio Street 61", "Postal_Code": 569162, "ADDRESS_1": "48 ANG MO KIO STREET 61", "X": 28916.5525379395, "Y": 40324.890274081401, "LATITUDE": 1.3809584859777699, "LONGITUDE": 103.841554486324 }, "geometry": { "type": "Point", "coordinates": [ 103.841554485982741, 1.380958486212176 ] } },
{ "type": "Feature", "properties": { "OBJECTID": 227, "TempleID": 370, "Main_God_ID": 5, "SCNTemple": "济公坛", "TCNTemple": "濟公壇", "ENTemple": "Chai Kong Temple ", "Main_God_Ch": "法祖圣君", "Main_God_English": null, "Main_God_ID_1": null, "Address": "10 Marsiling Industrial Estate Road 3", "Postal_Code": 739254, "ADDRESS_1": "10 MARSILING INDUSTRIAL ESTATE ROAD 3", "X": 22378.533362478, "Y": 46788.270811259703, "LATITUDE": 1.43941042222747, "LONGITUDE": 103.782804257712 }, "geometry": { "type": "Point", "coordinates": [ 103.782804258049069, 1.439410422125654 ] } },
{ "type": "Feature", "properties": { "OBJECTID": 228, "TempleID": 370, "Main_God_ID": 12, "SCNTemple": "济公坛", "TCNTemple": "濟公壇", "ENTemple": "Chai Kong Temple ", "Main_God_Ch": "玄天上帝", "Main_God_English": null, "Main_God_ID_1": null, "Address": "10 Marsiling Industrial Estate Road 3", "Postal_Code": 739254, "ADDRESS_1": "10 MARSILING INDUSTRIAL ESTATE ROAD 3", "X": 22378.533362478, "Y": 46788.270811259703, "LATITUDE": 1.43941042222747, "LONGITUDE": 103.782804257712 }, "geometry": { "type": "Point", "coordinates": [ 103.782804258049069, 1.439410422125654 ] } },
{ "type": "Feature", "properties": { "OBJECTID": 229, "TempleID": 374, "Main_God_ID": 30, "SCNTemple": "吉龙山庙", "TCNTemple": "吉龍山廟", "ENTemple": "Kiat Leng San Temple", "Main_God_Ch": "宋大峰祖师", "Main_God_English": null, "Main_God_ID_1": 30, "Address": "487 Serangoon North Avenue 1", "Postal_Code": 555893, "ADDRESS_1": "9 SERANGOON NORTH AVENUE 1", "X": 32307.978715715901, "Y": 38516.216525137403, "LATITUDE": 1.3646011880472999, "LONGITUDE": 103.872028712093 }, "geometry": { "type": "Point", "coordinates": [ 103.872028711951543, 1.364601187819964 ] } },
{ "type": "Feature", "properties": { "OBJECTID": 230, "TempleID": 376, "Main_God_ID": 49, "SCNTemple": "吉山庙", "TCNTemple": "吉山廟", "ENTemple": "Ji Shan Miao", "Main_God_Ch": "五方星君", "Main_God_English": null, "Main_God_ID_1": null, "Address": "56 / 58 / 60 Hougang Avenue 3", "Postal_Code": 538842, "ADDRESS_1": "58 HOUGANG AVENUE 3", "X": 34580.584894283696, "Y": 37875.874901022798, "LATITUDE": 1.3588097520128499, "LONGITUDE": 103.89244948480901 }, "geometry": { "type": "Point", "coordinates": [ 103.892449484859782, 1.358809752003604 ] } },
{ "type": "Feature", "properties": { "OBJECTID": 231, "TempleID": 376, "Main_God_ID": 45, "SCNTemple": "吉山庙", "TCNTemple": "吉山廟", "ENTemple": "Ji Shan Miao", "Main_God_Ch": "萧府大人", "Main_God_English": "Lord Xiao ", "Main_God_ID_1": null, "Address": "56 / 58 / 60 Hougang Avenue 3", "Postal_Code": 538842, "ADDRESS_1": "58 HOUGANG AVENUE 3", "X": 34580.584894283696, "Y": 37875.874901022798, "LATITUDE": 1.3588097520128499, "LONGITUDE": 103.89244948480901 }, "geometry": { "type": "Point", "coordinates": [ 103.892449484859782, 1.358809752003604 ] } },
{ "type": "Feature", "properties": { "OBJECTID": 232, "TempleID": 376, "Main_God_ID": 62, "SCNTemple": "吉山庙", "TCNTemple": "吉山廟", "ENTemple": "Ji Shan Miao", "Main_God_Ch": "池府大人", "Main_God_English": "Lord Chi", "Main_God_ID_1": null, "Address": "56 / 58 / 60 Hougang Avenue 3", "Postal_Code": 538842, "ADDRESS_1": "58 HOUGANG AVENUE 3", "X": 34580.584894283696, "Y": 37875.874901022798, "LATITUDE": 1.3588097520128499, "LONGITUDE": 103.89244948480901 }, "geometry": { "type": "Point", "coordinates": [ 103.892449484859782, 1.358809752003604 ] } },
{ "type": "Feature", "properties": { "OBJECTID": 233, "TempleID": 377, "Main_God_ID": 160, "SCNTemple": "济善堂", "TCNTemple": "濟善堂", "ENTemple": "Chay Sian Tong ", "Main_God_Ch": "卓府大人", "Main_God_English": "Lord Zhuo ", "Main_God_ID_1": null, "Address": "7 Hamilton Road", "Postal_Code": 209178, "ADDRESS_1": "7A HAMILTON ROAD", "X": 31047.604013305201, "Y": 32629.0187485963, "LATITUDE": 1.3113596224488799, "LONGITUDE": 103.86070279492399 }, "geometry": { "type": "Point", "coordinates": [ 103.860702794803743, 1.311359622009398 ] } },
{ "type": "Feature", "properties": { "OBJECTID": 234, "TempleID": 377, "Main_God_ID": 5, "SCNTemple": "济善堂", "TCNTemple": "濟善堂", "ENTemple": "Chay Sian Tong ", "Main_God_Ch": "济世大王", "Main_God_English": null, "Main_God_ID_1": null, "Address": "7 Hamilton Road", "Postal_Code": 209178, "ADDRESS_1": "7A HAMILTON ROAD", "X": 31047.604013305201, "Y": 32629.0187485963, "LATITUDE": 1.3113596224488799, "LONGITUDE": 103.86070279492399 }, "geometry": { "type": "Point", "coordinates": [ 103.860702794803743, 1.311359622009398 ] } },
{ "type": "Feature", "properties": { "OBJECTID": 235, "TempleID": 377, "Main_God_ID": 193, "SCNTemple": "济善堂", "TCNTemple": "濟善堂", "ENTemple": "Chay Sian Tong ", "Main_God_Ch": "玄天上帝", "Main_God_English": null, "Main_God_ID_1": null, "Address": "7 Hamilton Road", "Postal_Code": 209178, "ADDRESS_1": "7A HAMILTON ROAD", "X": 31047.604013305201, "Y": 32629.0187485963, "LATITUDE": 1.3113596224488799, "LONGITUDE": 103.86070279492399 }, "geometry": { "type": "Point", "coordinates": [ 103.860702794803743, 1.311359622009398 ] } },
{ "type": "Feature", "properties": { "OBJECTID": 236, "TempleID": 381, "Main_God_ID": 37, "SCNTemple": "集声宫", "TCNTemple": "集聲宮", "ENTemple": "Ji Sheng Gong", "Main_God_Ch": "顺平圣侯", "Main_God_English": null, "Main_God_ID_1": null, "Address": "397 Bt Batok West Ave 8", "Postal_Code": 658964, "ADDRESS_1": "397 BUKIT BATOK WEST AVENUE 8", "X": 17619.083580964201, "Y": 36585.9680295773, "LATITUDE": 1.3471432239435399, "LONGITUDE": 103.740039652137 }, "geometry": { "type": "Point", "coordinates": [ 103.740039652307956, 1.347143223676069 ] } },
{ "type": "Feature", "properties": { "OBJECTID": 237, "TempleID": 381, "Main_God_ID": 14, "SCNTemple": "集声宫", "TCNTemple": "集聲宮", "ENTemple": "Ji Sheng Gong", "Main_God_Ch": "董公真人", "Main_God_English": null, "Main_God_ID_1": null, "Address": "397 Bt Batok West Ave 8", "Postal_Code": 658964, "ADDRESS_1": "397 BUKIT BATOK WEST AVENUE 8", "X": 17619.083580964201, "Y": 36585.9680295773, "LATITUDE": 1.3471432239435399, "LONGITUDE": 103.740039652137 }, "geometry": { "type": "Point", "coordinates": [ 103.740039652307956, 1.347143223676069 ] } },
{ "type": "Feature", "properties": { "OBJECTID": 238, "TempleID": 381, "Main_God_ID": 71, "SCNTemple": "集声宫", "TCNTemple": "集聲宮", "ENTemple": "Ji Sheng Gong", "Main_God_Ch": "朱府大人", "Main_God_English": "Lord Zhu", "Main_God_ID_1": null, "Address": "397 Bt Batok West Ave 8", "Postal_Code": 658964, "ADDRESS_1": "397 BUKIT BATOK WEST AVENUE 8", "X": 17619.083580964201, "Y": 36585.9680295773, "LATITUDE": 1.3471432239435399, "LONGITUDE": 103.740039652137 }, "geometry": { "type": "Point", "coordinates": [ 103.740039652307956, 1.347143223676069 ] } },
{ "type": "Feature", "properties": { "OBJECTID": 239, "TempleID": 381, "Main_God_ID": 49, "SCNTemple": "集声宫", "TCNTemple": "集聲宮", "ENTemple": "Ji Sheng Gong", "Main_God_Ch": "林府大人", "Main_God_English": "Lord Lin", "Main_God_ID_1": null, "Address": "397 Bt Batok West Ave 8", "Postal_Code": 658964, "ADDRESS_1": "397 BUKIT BATOK WEST AVENUE 8", "X": 17619.083580964201, "Y": 36585.9680295773, "LATITUDE": 1.3471432239435399, "LONGITUDE": 103.740039652137 }, "geometry": { "type": "Point", "coordinates": [ 103.740039652307956, 1.347143223676069 ] } },
{ "type": "Feature", "properties": { "OBJECTID": 240, "TempleID": 385, "Main_God_ID": 3, "SCNTemple": "吉星亭", "TCNTemple": "吉星亭", "ENTemple": "Kiat Sing Ting", "Main_God_Ch": "萧府大人", "Main_God_English": "Lord Xiao ", "Main_God_ID_1": 3, "Address": "25 Tampines Street 21", "Postal_Code": 529394, "ADDRESS_1": "25 TAMPINES STREET 21", "X": 40970.4589973763, "Y": 37545.692151248499, "LATITUDE": 1.3558216025370999, "LONGITUDE": 103.94986652515399 }, "geometry": { "type": "Point", "coordinates": [ 103.949866525176873, 1.355821602977986 ] } },
{ "type": "Feature", "properties": { "OBJECTID": 241, "TempleID": 386, "Main_God_ID": 175, "SCNTemple": "济阳堂", "TCNTemple": "濟陽堂", "ENTemple": "Ji Yang Tang", "Main_God_Ch": "观世音菩萨", "Main_God_English": "Goddess of Mercy", "Main_God_ID_1": 175, "Address": "25 Tampines Street 21", "Postal_Code": 529394, "ADDRESS_1": "25 TAMPINES STREET 21", "X": 40970.4589973763, "Y": 37545.692151248499, "LATITUDE": 1.3558216025370999, "LONGITUDE": 103.94986652515399 }, "geometry": { "type": "Point", "coordinates": [ 103.949866525176873, 1.355821602977986 ] } },
{ "type": "Feature", "properties": { "OBJECTID": 242, "TempleID": 388, "Main_God_ID": 12, "SCNTemple": "济云阁（星洲德教）", "TCNTemple": "濟雲閣（星洲德教）", "ENTemple": "Chee Hoon Kog Moral Promotion Society, Singapore ", "Main_God_Ch": "蔡府王爷", "Main_God_English": null, "Main_God_ID_1": null, "Address": "1 Jalan Bilai (off Bedok Road)", "Postal_Code": 468854, "ADDRESS_1": "1 JALAN BILAL", "X": 41431.109651132501, "Y": 33816.048284741097, "LATITUDE": 1.32209189801815, "LONGITUDE": 103.954004113256 }, "geometry": { "type": "Point", "coordinates": [ 103.954004113694467, 1.322091898156129 ] } },
{ "type": "Feature", "properties": { "OBJECTID": 243, "TempleID": 388, "Main_God_ID": 24, "SCNTemple": "济云阁（星洲德教）", "TCNTemple": "濟雲閣（星洲德教）", "ENTemple": "Chee Hoon Kog Moral Promotion Society, Singapore ", "Main_God_Ch": "济公活佛", "Main_God_English": null, "Main_God_ID_1": null, "Address": "1 Jalan Bilai (off Bedok Road)", "Postal_Code": 468854, "ADDRESS_1": "1 JALAN BILAL", "X": 41431.109651132501, "Y": 33816.048284741097, "LATITUDE": 1.32209189801815, "LONGITUDE": 103.954004113256 }, "geometry": { "type": "Point", "coordinates": [ 103.954004113694467, 1.322091898156129 ] } },
{ "type": "Feature", "properties": { "OBJECTID": 244, "TempleID": 388, "Main_God_ID": 22, "SCNTemple": "济云阁（星洲德教）", "TCNTemple": "濟雲閣（星洲德教）", "ENTemple": "Chee Hoon Kog Moral Promotion Society, Singapore ", "Main_God_Ch": "吕祖", "Main_God_English": null, "Main_God_ID_1": null, "Address": "1 Jalan Bilai (off Bedok Road)", "Postal_Code": 468854, "ADDRESS_1": "1 JALAN BILAL", "X": 41431.109651132501, "Y": 33816.048284741097, "LATITUDE": 1.32209189801815, "LONGITUDE": 103.954004113256 }, "geometry": { "type": "Point", "coordinates": [ 103.954004113694467, 1.322091898156129 ] } },
{ "type": "Feature", "properties": { "OBJECTID": 245, "TempleID": 388, "Main_God_ID": 29, "SCNTemple": "济云阁（星洲德教）", "TCNTemple": "濟雲閣（星洲德教）", "ENTemple": "Chee Hoon Kog Moral Promotion Society, Singapore ", "Main_God_Ch": "五教圣人", "Main_God_English": null, "Main_God_ID_1": null, "Address": "1 Jalan Bilai (off Bedok Road)", "Postal_Code": 468854, "ADDRESS_1": "1 JALAN BILAL", "X": 41431.109651132501, "Y": 33816.048284741097, "LATITUDE": 1.32209189801815, "LONGITUDE": 103.954004113256 }, "geometry": { "type": "Point", "coordinates": [ 103.954004113694467, 1.322091898156129 ] } },
{ "type": "Feature", "properties": { "OBJECTID": 246, "TempleID": 388, "Main_God_ID": 35, "SCNTemple": "济云阁（星洲德教）", "TCNTemple": "濟雲閣（星洲德教）", "ENTemple": "Chee Hoon Kog Moral Promotion Society, Singapore ", "Main_God_Ch": "三清道祖", "Main_God_English": null, "Main_God_ID_1": null, "Address": "1 Jalan Bilai (off Bedok Road)", "Postal_Code": 468854, "ADDRESS_1": "1 JALAN BILAL", "X": 41431.109651132501, "Y": 33816.048284741097, "LATITUDE": 1.32209189801815, "LONGITUDE": 103.954004113256 }, "geometry": { "type": "Point", "coordinates": [ 103.954004113694467, 1.322091898156129 ] } },
{ "type": "Feature", "properties": { "OBJECTID": 247, "TempleID": 393, "Main_God_ID": 137, "SCNTemple": "将军庙", "TCNTemple": "將軍廟", "ENTemple": "Chiang Chin Meow ", "Main_God_Ch": "德德社诸佛仙尊", "Main_God_English": null, "Main_God_ID_1": null, "Address": "3302 Clementi Service Rd / \n3302 Commonwealth Avenue West", "Postal_Code": 129582, "ADDRESS_1": "3302 COMMONWEALTH AVENUE WEST", "X": 20027.296016966, "Y": 33839.835015373297, "LATITUDE": 1.3223089270575099, "LONGITUDE": 103.761679629637 }, "geometry": { "type": "Point", "coordinates": [ 103.761679629484021, 1.32230892691849 ] } },
{ "type": "Feature", "properties": { "OBJECTID": 248, "TempleID": 393, "Main_God_ID": 2, "SCNTemple": "将军庙", "TCNTemple": "將軍廟", "ENTemple": "Chiang Chin Meow ", "Main_God_Ch": "将军爷", "Main_God_English": null, "Main_God_ID_1": null, "Address": "3302 Clementi Service Rd / \n3302 Commonwealth Avenue West", "Postal_Code": 129582, "ADDRESS_1": "3302 COMMONWEALTH AVENUE WEST", "X": 20027.296016966, "Y": 33839.835015373297, "LATITUDE": 1.3223089270575099, "LONGITUDE": 103.761679629637 }, "geometry": { "type": "Point", "coordinates": [ 103.761679629484021, 1.32230892691849 ] } },
{ "type": "Feature", "properties": { "OBJECTID": 249, "TempleID": 394, "Main_God_ID": 39, "SCNTemple": "介谷殿", "TCNTemple": "介穀殿", "ENTemple": "Kai Kok Tian", "Main_God_Ch": "大伯公", "Main_God_English": "Tua Bek Kong", "Main_God_ID_1": 39, "Address": "98T Redhill Close", "Postal_Code": 158900, "ADDRESS_1": "98T REDHILL CLOSE", "X": 26112.060036204799, "Y": 29848.7791952472, "LATITUDE": 1.28621620799408, "LONGITUDE": 103.816354680655 }, "geometry": { "type": "Point", "coordinates": [ 103.816354680328914, 1.286216208037074 ] } },
{ "type": "Feature", "properties": { "OBJECTID": 250, "TempleID": 396, "Main_God_ID": 187, "SCNTemple": "金洞府", "TCNTemple": "金洞府", "ENTemple": "Kim Tong Hu", "Main_God_Ch": "五谷仙帝", "Main_God_English": null, "Main_God_ID_1": null, "Address": "4, Lorong 40, Geylang Road", "Postal_Code": 398050, "ADDRESS_1": "4 LORONG 40 GEYLANG", "X": 34257.621573182798, "Y": 32927.928799202702, "LATITUDE": 1.31406237356376, "LONGITUDE": 103.88954642944501 }, "geometry": { "type": "Point", "coordinates": [ 103.889546429685794, 1.314062373570967 ] } },
{ "type": "Feature", "properties": { "OBJECTID": 251, "TempleID": 396, "Main_God_ID": 15, "SCNTemple": "金洞府", "TCNTemple": "金洞府", "ENTemple": "Kim Tong Hu", "Main_God_Ch": "金面大人", "Main_God_English": "Lord Golden Face", "Main_God_ID_1": null, "Address": "4, Lorong 40, Geylang Road", "Postal_Code": 398050, "ADDRESS_1": "4 LORONG 40 GEYLANG", "X": 34257.621573182798, "Y": 32927.928799202702, "LATITUDE": 1.31406237356376, "LONGITUDE": 103.88954642944501 }, "geometry": { "type": "Point", "coordinates": [ 103.889546429685794, 1.314062373570967 ] } },
{ "type": "Feature", "properties": { "OBJECTID": 252, "TempleID": 397, "Main_God_ID": 153, "SCNTemple": "进法殿", "TCNTemple": "進法殿", "ENTemple": "Jin Fa Dian", "Main_God_Ch": "善财童子", "Main_God_English": "Sudhana", "Main_God_ID_1": 153, "Address": "4 \\ 6 \\ 8 Ang Mo Kio St 63 Avenue 9", "Postal_Code": 569112, "ADDRESS_1": "4 ANG MO KIO STREET 63", "X": 29709.883564681699, "Y": 40834.475752206497, "LATITUDE": 1.3855669588009001, "LONGITUDE": 103.848683186285 }, "geometry": { "type": "Point", "coordinates": [ 103.848683186602173, 1.38556695923313 ] } },
{ "type": "Feature", "properties": { "OBJECTID": 253, "TempleID": 398, "Main_God_ID": 192, "SCNTemple": "金凤庙", "TCNTemple": "金鳳廟", "ENTemple": "Kim Hong Temple", "Main_God_Ch": "杨府大人（杨府元帅）", "Main_God_English": "Lord Yang", "Main_God_ID_1": 192, "Address": "26 Arumugam Road", "Postal_Code": 409964, "ADDRESS_1": "26 ARUMUGAM ROAD", "X": 34520.017417877898, "Y": 34211.977756418302, "LATITUDE": 1.32567479791509, "LONGITUDE": 103.89190445782501 }, "geometry": { "type": "Point", "coordinates": [ 103.891904457664083, 1.325674798309239 ] } },
{ "type": "Feature", "properties": { "OBJECTID": 254, "TempleID": 400, "Main_God_ID": 1, "SCNTemple": "金佛三宝坛", "TCNTemple": "金佛三寶壇", "ENTemple": "Jin Fo San Bao Tan", "Main_God_Ch": "青面大帝", "Main_God_English": null, "Main_God_ID_1": 1, "Address": "Blk 472 Segar Road #08-258", "Postal_Code": 670472, "ADDRESS_1": "472 SEGAR ROAD", "X": 21239.744363691701, "Y": 41093.745186595203, "LATITUDE": 1.3879109632978801, "LONGITUDE": 103.77257247823501 }, "geometry": { "type": "Point", "coordinates": [ 103.772572478561258, 1.387910963419124 ] } },
{ "type": "Feature", "properties": { "OBJECTID": 257, "TempleID": 403, "Main_God_ID": 2, "SCNTemple": "金福宫功德堂（兀兰分行）", "TCNTemple": "金福宮功德堂（兀蘭分行）", "ENTemple": "Jin Fu Gong Temple (Woodlands, Branch, Gong De Tang) ", "Main_God_Ch": "大伯公", "Main_God_English": "Tua Bek Kong", "Main_God_ID_1": 2, "Address": "9 Woodlands Industrial Park E8", "Postal_Code": 757786, "ADDRESS_1": "8 WOODLANDS INDUSTRIAL PARK E3", "X": 24120.683894664999, "Y": 48412.647710762903, "LATITUDE": 1.4541009892866401, "LONGITUDE": 103.79845894036001 }, "geometry": { "type": "Point", "coordinates": [ 103.798458940407968, 1.454100989189312 ] } },
{ "type": "Feature", "properties": { "OBJECTID": 259, "TempleID": 406, "Main_God_ID": 184, "SCNTemple": "金花庙", "TCNTemple": "金花廟", "ENTemple": "Jin Hua Temple", "Main_God_Ch": "峝主忠烈大大侯王", "Main_God_English": null, "Main_God_ID_1": 184, "Address": "799 Mountbatten Road", "Postal_Code": 437799, "ADDRESS_1": "799 MOUNTBATTEN ROAD", "X": 34985.943720660202, "Y": 31593.693890512001, "LATITUDE": 1.3019958739004001, "LONGITUDE": 103.896090464872 }, "geometry": { "type": "Point", "coordinates": [ 103.896090464686537, 1.301995873986221 ] } },
{ "type": "Feature", "properties": { "OBJECTID": 260, "TempleID": 407, "Main_God_ID": 2, "SCNTemple": "金兰庙", "TCNTemple": "金蘭廟", "ENTemple": "Kim Lan Beo", "Main_God_Ch": "金花娘娘", "Main_God_English": "Madam Jin Hua", "Main_God_ID_1": null, "Address": "119A Kim Tian Road", "Postal_Code": 169263, "ADDRESS_1": "119A KIM TIAN ROAD", "X": 27333.574219145801, "Y": 29428.278507337, "LATITUDE": 1.2824133970573699, "LONGITUDE": 103.827330484865 }, "geometry": { "type": "Point", "coordinates": [ 103.827330484692311, 1.282413396991021 ] } },
{ "type": "Feature", "properties": { "OBJECTID": 261, "TempleID": 407, "Main_God_ID": 3, "SCNTemple": "金兰庙", "TCNTemple": "金蘭廟", "ENTemple": "Kim Lan Beo", "Main_God_Ch": "大伯公", "Main_God_English": "Tua Bek Kong", "Main_God_ID_1": null, "Address": "119A Kim Tian Road", "Postal_Code": 169263, "ADDRESS_1": "119A KIM TIAN ROAD", "X": 27333.574219145801, "Y": 29428.278507337, "LATITUDE": 1.2824133970573699, "LONGITUDE": 103.827330484865 }, "geometry": { "type": "Point", "coordinates": [ 103.827330484692311, 1.282413396991021 ] } },
{ "type": "Feature", "properties": { "OBJECTID": 262, "TempleID": 407, "Main_God_ID": 8, "SCNTemple": "金兰庙", "TCNTemple": "金蘭廟", "ENTemple": "Kim Lan Beo", "Main_God_Ch": "观世音菩萨", "Main_God_English": "Goddess of Mercy", "Main_God_ID_1": null, "Address": "119A Kim Tian Road", "Postal_Code": 169263, "ADDRESS_1": "119A KIM TIAN ROAD", "X": 27333.574219145801, "Y": 29428.278507337, "LATITUDE": 1.2824133970573699, "LONGITUDE": 103.827330484865 }, "geometry": { "type": "Point", "coordinates": [ 103.827330484692311, 1.282413396991021 ] } },
{ "type": "Feature", "properties": { "OBJECTID": 263, "TempleID": 407, "Main_God_ID": 19, "SCNTemple": "金兰庙", "TCNTemple": "金蘭廟", "ENTemple": "Kim Lan Beo", "Main_God_Ch": "玉皇上帝", "Main_God_English": "Jade Emperor", "Main_God_ID_1": null, "Address": "119A Kim Tian Road", "Postal_Code": 169263, "ADDRESS_1": "119A KIM TIAN ROAD", "X": 27333.574219145801, "Y": 29428.278507337, "LATITUDE": 1.2824133970573699, "LONGITUDE": 103.827330484865 }, "geometry": { "type": "Point", "coordinates": [ 103.827330484692311, 1.282413396991021 ] } },
{ "type": "Feature", "properties": { "OBJECTID": 264, "TempleID": 408, "Main_God_ID": 1, "SCNTemple": "金龙寺", "TCNTemple": "金龍寺", "ENTemple": "Jin Long Shi ", "Main_God_Ch": "清水祖师", "Main_God_English": null, "Main_God_ID_1": null, "Address": "32 Tai Seng Avenue", "Postal_Code": 534084, "ADDRESS_1": "32 TAI SENG AVENUE", "X": 34241.288000592998, "Y": 35647.402499780103, "LATITUDE": 1.33865632278742, "LONGITUDE": 103.889400217689 }, "geometry": { "type": "Point", "coordinates": [ 103.88940021768309, 1.338656322789412 ] } },
{ "type": "Feature", "properties": { "OBJECTID": 265, "TempleID": 408, "Main_God_ID": 13, "SCNTemple": "金龙寺", "TCNTemple": "金龍寺", "ENTemple": "Jin Long Shi ", "Main_God_Ch": "释迦牟尼佛", "Main_God_English": "Sakyamuni Buddha", "Main_God_ID_1": null, "Address": "32 Tai Seng Avenue", "Postal_Code": 534084, "ADDRESS_1": "32 TAI SENG AVENUE", "X": 34241.288000592998, "Y": 35647.402499780103, "LATITUDE": 1.33865632278742, "LONGITUDE": 103.889400217689 }, "geometry": { "type": "Point", "coordinates": [ 103.88940021768309, 1.338656322789412 ] } },
{ "type": "Feature", "properties": { "OBJECTID": 266, "TempleID": 412, "Main_God_ID": 75, "SCNTemple": "晋平寺", "TCNTemple": "晉平寺", "ENTemple": "Chin Pin Tze Temple", "Main_God_Ch": "太上老君", "Main_God_English": null, "Main_God_ID_1": 75, "Address": "7 Bedok North Street 5, Ave 4", "Postal_Code": 485874, "ADDRESS_1": "7 BEDOK NORTH STREET 5", "X": 40873.876736792699, "Y": 35283.1169640925, "LATITUDE": 1.3353597603096301, "LONGITUDE": 103.948997708608 }, "geometry": { "type": "Point", "coordinates": [ 103.948997708277474, 1.335359760634384 ] } },
{ "type": "Feature", "properties": { "OBJECTID": 267, "TempleID": 414, "Main_God_ID": 62, "SCNTemple": "金全法坛", "TCNTemple": "金全法壇", "ENTemple": "Jin Quan Fa Tan", "Main_God_Ch": "泗州文佛", "Main_God_English": null, "Main_God_ID_1": 62, "Address": "397 Bt Batok West Ave 8", "Postal_Code": 658964, "ADDRESS_1": "397 BUKIT BATOK WEST AVENUE 8", "X": 17619.083580964201, "Y": 36585.9680295773, "LATITUDE": 1.3471432239435399, "LONGITUDE": 103.740039652137 }, "geometry": { "type": "Point", "coordinates": [ 103.740039652307956, 1.347143223676069 ] } },
{ "type": "Feature", "properties": { "OBJECTID": 268, "TempleID": 416, "Main_God_ID": 26, "SCNTemple": "金山寺", "TCNTemple": "金山寺", "ENTemple": "Kim San Tze Temple Association", "Main_God_Ch": "卓府大人", "Main_God_English": "Lord Zhuo ", "Main_God_ID_1": 26, "Address": "25 Jln Ulu Siglap", "Postal_Code": 457182, "ADDRESS_1": "25 JALAN ULU SIGLAP", "X": 38459.290226635501, "Y": 33044.623136121802, "LATITUDE": 1.31511657248369, "LONGITUDE": 103.927300529734 }, "geometry": { "type": "Point", "coordinates": [ 103.927300529494573, 1.315116572157029 ] } },
{ "type": "Feature", "properties": { "OBJECTID": 269, "TempleID": 419, "Main_God_ID": 86, "SCNTemple": "金英堂", "TCNTemple": "金英堂", "ENTemple": "Jin Ying Tang", "Main_God_Ch": "九皇大帝", "Main_God_English": "Nine Emperor Gods", "Main_God_ID_1": 86, "Address": "791 Ang Mo Kio Ave 1", "Postal_Code": 569974, "ADDRESS_1": "791 ANG MO KIO AVENUE 1", "X": 28604.472191455799, "Y": 38704.979960398698, "LATITUDE": 1.3663086042449799, "LONGITUDE": 103.838750178864 }, "geometry": { "type": "Point", "coordinates": [ 103.838750178940657, 1.366308604603127 ] } },
{ "type": "Feature", "properties": { "OBJECTID": 270, "TempleID": 420, "Main_God_ID": 1, "SCNTemple": "净名佛学社", "TCNTemple": "淨名佛學社", "ENTemple": "Cheng Beng Buddhist Societ", "Main_God_Ch": "金英祖师", "Main_God_English": "Grand Master Jin Ying", "Main_God_ID_1": 1, "Address": "20 Lorong 27A Geylang", "Postal_Code": 388112, "ADDRESS_1": "20 LORONG 27A GEYLANG", "X": 33767.487542382398, "Y": 33014.1008105371, "LATITUDE": 1.31484177831719, "LONGITUDE": 103.885142348087 }, "geometry": { "type": "Point", "coordinates": [ 103.885142347705411, 1.314841778221907 ] } },
{ "type": "Feature", "properties": { "OBJECTID": 271, "TempleID": 421, "Main_God_ID": 20, "SCNTemple": "汫水港斗母宫凤山寺", "TCNTemple": "汫水港斗母宮鳳山寺", "ENTemple": "Hong San See Temple / Kew Ong Yah Temple aka Jiazhuikang Kew Ong Yah Temple Hong San See Temple", "Main_God_Ch": "释迦牟尼佛", "Main_God_English": "Sakyamuni Buddha", "Main_God_ID_1": 20, "Address": "561 Yishun Ring Road , #01-02 & #01-03", "Postal_Code": 768682, "ADDRESS_1": "561 YISHUN RING ROAD", "X": 27931.223306247, "Y": 46293.909009030103, "LATITUDE": 1.4349401564151101, "LONGITUDE": 103.832700554336 }, "geometry": { "type": "Point", "coordinates": [ 103.832700554279256, 1.434940156333446 ] } },
{ "type": "Feature", "properties": { "OBJECTID": 272, "TempleID": 423, "Main_God_ID": 47, "SCNTemple": "韭菜芭城隍庙", "TCNTemple": "韭菜芭城隍廟", "ENTemple": "Lorong Koo Chye Sheng Hong Temple", "Main_God_Ch": "广泽尊王", "Main_God_English": null, "Main_God_ID_1": 47, "Address": "15 Arumugam Rd", "Postal_Code": 409960, "ADDRESS_1": "15 ARUMUGAM ROAD", "X": 34508.038469838, "Y": 34284.7007340118, "LATITUDE": 1.32633248100573, "LONGITUDE": 103.891796835973 }, "geometry": { "type": "Point", "coordinates": [ 103.891796836243813, 1.326332480698134 ] } },
{ "type": "Feature", "properties": { "OBJECTID": 273, "TempleID": 424, "Main_God_ID": 28, "SCNTemple": "韭菜芭城隍庙三清宫", "TCNTemple": "韭菜芭城隍廟三清宮", "ENTemple": "Koo Chye Ba Seng Hong Temple San Qing Gong", "Main_God_Ch": "清溪显佑伯主", "Main_God_English": "City God", "Main_God_ID_1": 28, "Address": "21 Bedok North Avenue 4", "Postal_Code": 489948, "ADDRESS_1": "21 BEDOK NORTH AVENUE 4", "X": 40938.676222145601, "Y": 35241.119047038301, "LATITUDE": 1.3349799191856699, "LONGITUDE": 103.949579950322 }, "geometry": { "type": "Point", "coordinates": [ 103.949579950122754, 1.334979918760297 ] } },
{ "type": "Feature", "properties": { "OBJECTID": 274, "TempleID": 425, "Main_God_ID": 94, "SCNTemple": "九峰岩通淮庙  ", "TCNTemple": "九峰岩通淮廟  ", "ENTemple": "Jiu Feng Yan Tong Hui Miao", "Main_God_Ch": "七王府大人", "Main_God_English": "Seven Lords", "Main_God_ID_1": 94, "Address": "691 Geylang Rd #04-01", "Postal_Code": 389684, "ADDRESS_1": "691 GEYLANG ROAD", "X": 34224.525318798602, "Y": 33001.827778767802, "LATITUDE": 1.31473069624373, "LONGITUDE": 103.889249058056 }, "geometry": { "type": "Point", "coordinates": [ 103.889249057886389, 1.314730696435757 ] } },
{ "type": "Feature", "properties": { "OBJECTID": 276, "TempleID": 428, "Main_God_ID": 51, "SCNTemple": "九鲤洞", "TCNTemple": "九鯉洞", "ENTemple": "Kiew Lee Tong Temple", "Main_God_Ch": "地藏王菩萨", "Main_God_English": null, "Main_God_ID_1": null, "Address": "5 Jalan Tambur \n(off Upper Thomson Road)", "Postal_Code": 576778, "ADDRESS_1": "5 JALAN TAMBUR", "X": 27447.100920765701, "Y": 38550.989958766797, "LATITUDE": 1.3649159745655299, "LONGITUDE": 103.828350401687 }, "geometry": { "type": "Point", "coordinates": [ 103.828350401499762, 1.364915974938433 ] } },
{ "type": "Feature", "properties": { "OBJECTID": 277, "TempleID": 428, "Main_God_ID": 59, "SCNTemple": "九鲤洞", "TCNTemple": "九鯉洞", "ENTemple": "Kiew Lee Tong Temple", "Main_God_Ch": "卢士元仙长", "Main_God_English": null, "Main_God_ID_1": null, "Address": "5 Jalan Tambur \n(off Upper Thomson Road)", "Postal_Code": 576778, "ADDRESS_1": "5 JALAN TAMBUR", "X": 27447.100920765701, "Y": 38550.989958766797, "LATITUDE": 1.3649159745655299, "LONGITUDE": 103.828350401687 }, "geometry": { "type": "Point", "coordinates": [ 103.828350401499762, 1.364915974938433 ] } },
{ "type": "Feature", "properties": { "OBJECTID": 278, "TempleID": 428, "Main_God_ID": 68, "SCNTemple": "九鲤洞", "TCNTemple": "九鯉洞", "ENTemple": "Kiew Lee Tong Temple", "Main_God_Ch": "元晖谢仙师", "Main_God_English": null, "Main_God_ID_1": null, "Address": "5 Jalan Tambur \n(off Upper Thomson Road)", "Postal_Code": 576778, "ADDRESS_1": "5 JALAN TAMBUR", "X": 27447.100920765701, "Y": 38550.989958766797, "LATITUDE": 1.3649159745655299, "LONGITUDE": 103.828350401687 }, "geometry": { "type": "Point", "coordinates": [ 103.828350401499762, 1.364915974938433 ] } },
{ "type": "Feature", "properties": { "OBJECTID": 279, "TempleID": 428, "Main_God_ID": 88, "SCNTemple": "九鲤洞", "TCNTemple": "九鯉洞", "ENTemple": "Kiew Lee Tong Temple", "Main_God_Ch": "成光王仙师", "Main_God_English": null, "Main_God_ID_1": null, "Address": "5 Jalan Tambur \n(off Upper Thomson Road)", "Postal_Code": 576778, "ADDRESS_1": "5 JALAN TAMBUR", "X": 27447.100920765701, "Y": 38550.989958766797, "LATITUDE": 1.3649159745655299, "LONGITUDE": 103.828350401687 }, "geometry": { "type": "Point", "coordinates": [ 103.828350401499762, 1.364915974938433 ] } },
{ "type": "Feature", "properties": { "OBJECTID": 280, "TempleID": 428, "Main_God_ID": 89, "SCNTemple": "九鲤洞", "TCNTemple": "九鯉洞", "ENTemple": "Kiew Lee Tong Temple", "Main_God_Ch": "善德陈仙师", "Main_God_English": null, "Main_God_ID_1": null, "Address": "5 Jalan Tambur \n(off Upper Thomson Road)", "Postal_Code": 576778, "ADDRESS_1": "5 JALAN TAMBUR", "X": 27447.100920765701, "Y": 38550.989958766797, "LATITUDE": 1.3649159745655299, "LONGITUDE": 103.828350401687 }, "geometry": { "type": "Point", "coordinates": [ 103.828350401499762, 1.364915974938433 ] } },
{ "type": "Feature", "properties": { "OBJECTID": 281, "TempleID": 429, "Main_God_ID": 11, "SCNTemple": "九龙宫", "TCNTemple": "九龍宮", "ENTemple": "Chin Long Kong Temple", "Main_God_Ch": "晚春卓真人", "Main_God_English": null, "Main_God_ID_1": 11, "Address": "2 Teck Whye Lane ", "Postal_Code": 688799, "ADDRESS_1": "2 TECK WHYE LANE", "X": 19131.687869040299, "Y": 40335.5252328403, "LATITUDE": 1.38105333431883, "LONGITUDE": 103.75363020783701 }, "geometry": { "type": "Point", "coordinates": [ 103.753630208114615, 1.381053334021846 ] } },
{ "type": "Feature", "properties": { "OBJECTID": 282, "TempleID": 433, "Main_God_ID": 25, "SCNTemple": "九天玄女宫（宏茂桥）", "TCNTemple": "九天玄女宮（宏茂橋）", "ENTemple": "Kiew Thian Hian Keng", "Main_God_Ch": "张公圣君", "Main_God_English": null, "Main_God_ID_1": 25, "Address": "772, Lorong 3, Geylang Road", "Postal_Code": 389087, "ADDRESS_1": "772 LORONG 3 GEYLANG", "X": 32430.5563919712, "Y": 33438.1744523179, "LATITUDE": 1.31867717141062, "LONGITUDE": 103.873129414061 }, "geometry": { "type": "Point", "coordinates": [ 103.873129414132549, 1.318677171841844 ] } },
{ "type": "Feature", "properties": { "OBJECTID": 285, "TempleID": 436, "Main_God_ID": 25, "SCNTemple": "九仙宫 aka 玄女妈宫", "TCNTemple": "九仙宮 aka 玄女媽宮", "ENTemple": "Jiu Xian Gong aka Xuan Nv Ma Gong", "Main_God_Ch": "马来拿督公苏莱曼", "Main_God_English": null, "Main_God_ID_1": 25, "Address": "7 Tampines Avenue", "Postal_Code": 529786, "ADDRESS_1": "7 TAMPINES AVENUE", "X": 38497.292103944303, "Y": 38759.747183086401, "LATITUDE": 1.3668020422201901, "LONGITUDE": 103.927643973437 }, "geometry": { "type": "Point", "coordinates": [ 103.92764397340089, 1.366802042373151 ] } },
{ "type": "Feature", "properties": { "OBJECTID": 286, "TempleID": 437, "Main_God_ID": 25, "SCNTemple": "九玄宫", "TCNTemple": "九玄宮", "ENTemple": "Jiu Xuan Gong Society", "Main_God_Ch": "九天玄女娘娘", "Main_God_English": null, "Main_God_ID_1": 25, "Address": "15 Geylang Lor 29, #04-01 PTH Bldg", "Postal_Code": 388069, "ADDRESS_1": "15 LORONG 29 GEYLANG", "X": 33818.625270605102, "Y": 32998.313847465397, "LATITUDE": 1.31469899701807, "LONGITUDE": 103.88560184313199 }, "geometry": { "type": "Point", "coordinates": [ 103.885601843395662, 1.314698996588808 ] } },
{ "type": "Feature", "properties": { "OBJECTID": 287, "TempleID": 440, "Main_God_ID": 4, "SCNTemple": "聚善堂", "TCNTemple": "聚善堂", "ENTemple": "Ju Shan Tang ( Chu Siang Tong)", "Main_God_Ch": "九天玄女娘娘", "Main_God_English": null, "Main_God_ID_1": 4, "Address": "569 Yishun Ring Road", "Postal_Code": 768691, "ADDRESS_1": "569 YISHUN RING ROAD", "X": 28042.010089444899, "Y": 46296.935989009202, "LATITUDE": 1.43496753138486, "LONGITUDE": 103.83369607904901 }, "geometry": { "type": "Point", "coordinates": [ 103.833696079143749, 1.434967531484261 ] } },
{ "type": "Feature", "properties": { "OBJECTID": 288, "TempleID": 442, "Main_God_ID": 2, "SCNTemple": "聚天宫（飞天宫/潮闽人）", "TCNTemple": "聚天宫（飞天宫/潮闽人）", "ENTemple": "Chee Tian Keng Temple aka Choo Tian Keng", "Main_God_Ch": "关帝圣君", "Main_God_English": "God of War", "Main_God_ID_1": 2, "Address": "177P Lorong 7 Toa Payoh", "Postal_Code": 319318, "ADDRESS_1": "177Q LORONG 7 TOA PAYOH", "X": 30577.1694759559, "Y": 35642.104694590002, "LATITUDE": 1.3386089464329201, "LONGITUDE": 103.856475963154 }, "geometry": { "type": "Point", "coordinates": [ 103.856475963369775, 1.338608946481839 ] } },
{ "type": "Feature", "properties": { "OBJECTID": 289, "TempleID": 444, "Main_God_ID": null, "SCNTemple": "开福堂", "TCNTemple": "開福堂", "ENTemple": "Kai Fu Tang", "Main_God_Ch": "大伯公", "Main_God_English": "Tua Bek Kong", "Main_God_ID_1": null, "Address": "56 / 58 / 60 Hougang Avenue 3", "Postal_Code": 538842, "ADDRESS_1": "58 HOUGANG AVENUE 3", "X": 34580.584894283696, "Y": 37875.874901022798, "LATITUDE": 1.3588097520128499, "LONGITUDE": 103.89244948480901 }, "geometry": { "type": "Point", "coordinates": [ 103.892449484859782, 1.358809752003604 ] } },
{ "type": "Feature", "properties": { "OBJECTID": 290, "TempleID": 444, "Main_God_ID": 16, "SCNTemple": "开福堂", "TCNTemple": "開福堂", "ENTemple": "Kai Fu Tang", "Main_God_Ch": "#N/A", "Main_God_English": "#N/A", "Main_God_ID_1": null, "Address": "56 / 58 / 60 Hougang Avenue 3", "Postal_Code": 538842, "ADDRESS_1": "58 HOUGANG AVENUE 3", "X": 34580.584894283696, "Y": 37875.874901022798, "LATITUDE": 1.3588097520128499, "LONGITUDE": 103.89244948480901 }, "geometry": { "type": "Point", "coordinates": [ 103.892449484859782, 1.358809752003604 ] } },
{ "type": "Feature", "properties": { "OBJECTID": 291, "TempleID": 444, "Main_God_ID": 71, "SCNTemple": "开福堂", "TCNTemple": "開福堂", "ENTemple": "Kai Fu Tang", "Main_God_Ch": "邢府大人", "Main_God_English": "Lord Xing", "Main_God_ID_1": null, "Address": "56 / 58 / 60 Hougang Avenue 3", "Postal_Code": 538842, "ADDRESS_1": "58 HOUGANG AVENUE 3", "X": 34580.584894283696, "Y": 37875.874901022798, "LATITUDE": 1.3588097520128499, "LONGITUDE": 103.89244948480901 }, "geometry": { "type": "Point", "coordinates": [ 103.892449484859782, 1.358809752003604 ] } },
{ "type": "Feature", "properties": { "OBJECTID": 292, "TempleID": 445, "Main_God_ID": 143, "SCNTemple": "开山庙", "TCNTemple": "開山廟", "ENTemple": "Kai San Temple ", "Main_God_Ch": "林府大人", "Main_God_English": "Lord Lin", "Main_God_ID_1": 143, "Address": "1300 Jalan Bukit Merah", "Postal_Code": 169546, "ADDRESS_1": "1300 JALAN BUKIT MERAH", "X": 27414.416946588099, "Y": 29078.115891778802, "LATITUDE": 1.2792466507548099, "LONGITUDE": 103.828056894642 }, "geometry": { "type": "Point", "coordinates": [ 103.828056894223252, 1.279246650829168 ] } },
{ "type": "Feature", "properties": { "OBJECTID": 293, "TempleID": 451, "Main_God_ID": 1, "SCNTemple": "宽济堂", "TCNTemple": "寬濟堂", "ENTemple": "Kuang Chee Tng Buddhist Ass", "Main_God_Ch": "三官大帝", "Main_God_English": null, "Main_God_ID_1": 1, "Address": "125 Moulmein Road", "Postal_Code": 308081, "ADDRESS_1": "125 MOULMEIN ROAD", "X": 29738.2477224916, "Y": 33433.552077185399, "LATITUDE": 1.31863563918287, "LONGITUDE": 103.848937632489 }, "geometry": { "type": "Point", "coordinates": [ 103.848937632286678, 1.318635639389206 ] } },
{ "type": "Feature", "properties": { "OBJECTID": 294, "TempleID": 457, "Main_God_ID": 81, "SCNTemple": "雷音寺", "TCNTemple": "雷音寺", "ENTemple": "Lei Yin Temple ", "Main_God_Ch": "释迦牟尼佛", "Main_God_English": "Sakyamuni Buddha", "Main_God_ID_1": null, "Address": "195E Bukit Merah View ", "Postal_Code": 159681, "ADDRESS_1": "195E BUKIT MERAH VIEW", "X": 26725.859423254598, "Y": 29537.8055370525, "LATITUDE": 1.2834039023291901, "LONGITUDE": 103.821869927053 }, "geometry": { "type": "Point", "coordinates": [ 103.821869926843391, 1.28340390199411 ] } },
{ "type": "Feature", "properties": { "OBJECTID": 295, "TempleID": 457, "Main_God_ID": 75, "SCNTemple": "雷音寺", "TCNTemple": "雷音寺", "ENTemple": "Lei Yin Temple ", "Main_God_Ch": "西天娘娘", "Main_God_English": null, "Main_God_ID_1": null, "Address": "195E Bukit Merah View ", "Postal_Code": 159681, "ADDRESS_1": "195E BUKIT MERAH VIEW", "X": 26725.859423254598, "Y": 29537.8055370525, "LATITUDE": 1.2834039023291901, "LONGITUDE": 103.821869927053 }, "geometry": { "type": "Point", "coordinates": [ 103.821869926843391, 1.28340390199411 ] } },
{ "type": "Feature", "properties": { "OBJECTID": 296, "TempleID": 459, "Main_God_ID": 127, "SCNTemple": "鲤江庙", "TCNTemple": "鯉江廟", "ENTemple": "Li Jiang Miao", "Main_God_Ch": "泗州文佛", "Main_God_English": null, "Main_God_ID_1": 127, "Address": "68 Sing Avenue", "Postal_Code": 217915, "ADDRESS_1": "68 SING AVENUE", "X": 30348.085363419701, "Y": 33137.530379194803, "LATITUDE": 1.31595848305607, "LONGITUDE": 103.854417315879 }, "geometry": { "type": "Point", "coordinates": [ 103.854417316207233, 1.315958483244231 ] } },
{ "type": "Feature", "properties": { "OBJECTID": 298, "TempleID": 465, "Main_God_ID": 30, "SCNTemple": "莲关宫", "TCNTemple": "蓮關宮", "ENTemple": "Lian Guan Gong ", "Main_God_Ch": "释迦牟尼佛", "Main_God_English": "Sakyamuni Buddha", "Main_God_ID_1": 30, "Address": "BLK 242 Bukit Batok Ave 4 #10-194", "Postal_Code": 650242, "ADDRESS_1": "242 BUKIT BATOK EAST AVENUE 5", "X": 19421.285823114202, "Y": 37007.890616560398, "LATITUDE": 1.35095950808961, "LONGITUDE": 103.75623341812801 }, "geometry": { "type": "Point", "coordinates": [ 103.756233417920313, 1.350959507939838 ] } },
{ "type": "Feature", "properties": { "OBJECTID": 299, "TempleID": 467, "Main_God_ID": 6, "SCNTemple": "莲花宫", "TCNTemple": "蓮花宮", "ENTemple": "Lian Hua Gong Association", "Main_God_Ch": "五方星君", "Main_God_English": null, "Main_God_ID_1": 6, "Address": "Blk 8, 552 Geylang Lor 3 ", "Postal_Code": 388977, "ADDRESS_1": "552 LORONG 3 GEYLANG", "X": 32531.376684830499, "Y": 33326.796020843103, "LATITUDE": 1.3176698897407499, "LONGITUDE": 103.87403531989899 }, "geometry": { "type": "Point", "coordinates": [ 103.874035320035389, 1.317669889552253 ] } },
{ "type": "Feature", "properties": { "OBJECTID": 300, "TempleID": 468, "Main_God_ID": 6, "SCNTemple": "莲花坛", "TCNTemple": "蓮花壇", "ENTemple": "Lian Huay Temple", "Main_God_Ch": "哪吒", "Main_God_English": "The Third Prince/ Marshal Central Altar", "Main_God_ID_1": 6, "Address": "99 Sin Ming Industrial Estate Sector B", "Postal_Code": 575660, "ADDRESS_1": "99 SECTOR B SIN MING INDUSTRIAL ESTATE", "X": 28768.459980522301, "Y": 37777.297193344697, "LATITUDE": 1.35791896832349, "LONGITUDE": 103.840223698548 }, "geometry": { "type": "Point", "coordinates": [ 103.840223698722795, 1.357918968383677 ] } },
{ "type": "Feature", "properties": { "OBJECTID": 301, "TempleID": 469, "Main_God_ID": 1, "SCNTemple": "莲山双林寺", "TCNTemple": "蓮山雙林寺", "ENTemple": "Lian Shan Shuang Lin Monastery ", "Main_God_Ch": "哪吒", "Main_God_English": "The Third Prince/ Marshal Central Altar", "Main_God_ID_1": 1, "Address": "184E Jalan Toa Payoh", "Postal_Code": 319941, "ADDRESS_1": "184E JALAN TOA PAYOH", "X": 30663.1567012509, "Y": 34691.1756620202, "LATITUDE": 1.33000907463382, "LONGITUDE": 103.857248525874 }, "geometry": { "type": "Point", "coordinates": [ 103.857248525862332, 1.330009074977299 ] } },
{ "type": "Feature", "properties": { "OBJECTID": 302, "TempleID": 478, "Main_God_ID": 6, "SCNTemple": "莲显宫 ", "TCNTemple": "蓮顯宫 ", "ENTemple": "Lian Xian Gong Temple", "Main_God_Ch": "释迦牟尼佛", "Main_God_English": "Sakyamuni Buddha", "Main_God_ID_1": 6, "Address": "37 Geylang Lor 30", "Postal_Code": 398370, "ADDRESS_1": "37 LORONG 30 GEYLANG", "X": 33928.9319430459, "Y": 32692.3379176706, "LATITUDE": 1.3119318388241601, "LONGITUDE": 103.886592945003 }, "geometry": { "type": "Point", "coordinates": [ 103.886592944615487, 1.311931838664362 ] } },
{ "type": "Feature", "properties": { "OBJECTID": 303, "TempleID": 482, "Main_God_ID": 14, "SCNTemple": "临江殿", "TCNTemple": "臨江殿", "ENTemple": "Lin Jiang Dian", "Main_God_Ch": "哪吒", "Main_God_English": "The Third Prince/ Marshal Central Altar", "Main_God_ID_1": null, "Address": "399 Bt Batok West Ave 8", "Postal_Code": 658964, "ADDRESS_1": "397 BUKIT BATOK WEST AVENUE 8", "X": 17619.083580964201, "Y": 36585.9680295773, "LATITUDE": 1.3471432239435399, "LONGITUDE": 103.740039652137 }, "geometry": { "type": "Point", "coordinates": [ 103.740039652307956, 1.347143223676069 ] } },
{ "type": "Feature", "properties": { "OBJECTID": 304, "TempleID": 482, "Main_God_ID": 16, "SCNTemple": "临江殿", "TCNTemple": "臨江殿", "ENTemple": "Lin Jiang Dian", "Main_God_Ch": "朱府大人", "Main_God_English": "Lord Zhu", "Main_God_ID_1": null, "Address": "399 Bt Batok West Ave 8", "Postal_Code": 658964, "ADDRESS_1": "397 BUKIT BATOK WEST AVENUE 8", "X": 17619.083580964201, "Y": 36585.9680295773, "LATITUDE": 1.3471432239435399, "LONGITUDE": 103.740039652137 }, "geometry": { "type": "Point", "coordinates": [ 103.740039652307956, 1.347143223676069 ] } },
{ "type": "Feature", "properties": { "OBJECTID": 305, "TempleID": 482, "Main_God_ID": 17, "SCNTemple": "临江殿", "TCNTemple": "臨江殿", "ENTemple": "Lin Jiang Dian", "Main_God_Ch": "邢府大人", "Main_God_English": "Lord Xing", "Main_God_ID_1": null, "Address": "399 Bt Batok West Ave 8", "Postal_Code": 658964, "ADDRESS_1": "397 BUKIT BATOK WEST AVENUE 8", "X": 17619.083580964201, "Y": 36585.9680295773, "LATITUDE": 1.3471432239435399, "LONGITUDE": 103.740039652137 }, "geometry": { "type": "Point", "coordinates": [ 103.740039652307956, 1.347143223676069 ] } },
{ "type": "Feature", "properties": { "OBJECTID": 306, "TempleID": 484, "Main_God_ID": 5, "SCNTemple": "麟山亭北极宫", "TCNTemple": "麟山亭北極宮", "ENTemple": "Leng San Teng Temple (Bei Ji Gong)", "Main_God_Ch": "李府大人", "Main_God_English": "Lord Li", "Main_God_ID_1": 5, "Address": "1 Leng Kee Road\n(63A Leng Kee Road)", "Postal_Code": 159085, "ADDRESS_1": "1 LENG KEE ROAD", "X": 25977.9759254036, "Y": 30274.0738777593, "LATITUDE": 1.29006241522468, "LONGITUDE": 103.815149853855 }, "geometry": { "type": "Point", "coordinates": [ 103.815149853626565, 1.290062415425811 ] } },
{ "type": "Feature", "properties": { "OBJECTID": 307, "TempleID": 487, "Main_God_ID": 28, "SCNTemple": "灵宝皇坛", "TCNTemple": "靈寶皇壇", "ENTemple": "Ling Bao Huang Tan", "Main_God_Ch": "妈祖", "Main_God_English": "Heavenly Empress", "Main_God_ID_1": 28, "Address": "Blk 160 Toa Payoh Lor 1 #01-1584", "Postal_Code": 310160, "ADDRESS_1": "160 LORONG 1 TOA PAYOH", "X": 29302.292837722202, "Y": 34794.573273694099, "LATITUDE": 1.33094425474351, "LONGITUDE": 103.84502041047099 }, "geometry": { "type": "Point", "coordinates": [ 103.845020410131582, 1.330944254981419 ] } },
{ "type": "Feature", "properties": { "OBJECTID": 308, "TempleID": 489, "Main_God_ID": 9, "SCNTemple": "灵慈行宫", "TCNTemple": "靈慈行宮", "ENTemple": "Ling Ci Xing Gong", "Main_God_Ch": "七王府大人", "Main_God_English": "Seven Lords", "Main_God_ID_1": null, "Address": "53 Truro Road", "Postal_Code": 217590, "ADDRESS_1": "53 TRURO ROAD", "X": 29727.594451602501, "Y": 32963.713092682898, "LATITUDE": 1.3143865820973, "LONGITUDE": 103.848841881097 }, "geometry": { "type": "Point", "coordinates": [ 103.848841881531456, 1.314386582163466 ] } },
{ "type": "Feature", "properties": { "OBJECTID": 309, "TempleID": 489, "Main_God_ID": 11, "SCNTemple": "灵慈行宫", "TCNTemple": "靈慈行宮", "ENTemple": "Ling Ci Xing Gong", "Main_God_Ch": "妈祖", "Main_God_English": "Heavenly Empress", "Main_God_ID_1": null, "Address": "53 Truro Road", "Postal_Code": 217590, "ADDRESS_1": "53 TRURO ROAD", "X": 29727.594451602501, "Y": 32963.713092682898, "LATITUDE": 1.3143865820973, "LONGITUDE": 103.848841881097 }, "geometry": { "type": "Point", "coordinates": [ 103.848841881531456, 1.314386582163466 ] } },
{ "type": "Feature", "properties": { "OBJECTID": 310, "TempleID": 489, "Main_God_ID": 142, "SCNTemple": "灵慈行宫", "TCNTemple": "靈慈行宮", "ENTemple": "Ling Ci Xing Gong", "Main_God_Ch": "张公圣君", "Main_God_English": null, "Main_God_ID_1": null, "Address": "53 Truro Road", "Postal_Code": 217590, "ADDRESS_1": "53 TRURO ROAD", "X": 29727.594451602501, "Y": 32963.713092682898, "LATITUDE": 1.3143865820973, "LONGITUDE": 103.848841881097 }, "geometry": { "type": "Point", "coordinates": [ 103.848841881531456, 1.314386582163466 ] } },
{ "type": "Feature", "properties": { "OBJECTID": 311, "TempleID": 490, "Main_God_ID": 1, "SCNTemple": "灵峰般若讲堂", "TCNTemple": "靈峰般若講堂", "ENTemple": "Leng Foong Prajna Temple", "Main_God_Ch": "库司大王", "Main_God_English": null, "Main_God_ID_1": 1, "Address": "28 Lengkong Dua", "Postal_Code": 417705, "ADDRESS_1": "28 LENGKONG DUA", "X": 36802.257411375598, "Y": 34186.369710400701, "LATITUDE": 1.32544263443927, "LONGITUDE": 103.912411598318 }, "geometry": { "type": "Point", "coordinates": [ 103.91241159821567, 1.325442634345211 ] } },
{ "type": "Feature", "properties": { "OBJECTID": 312, "TempleID": 492, "Main_God_ID": 20, "SCNTemple": "灵晋宫", "TCNTemple": " 靈晉宮", "ENTemple": "Ling Jing Gong (Jurong Temple)", "Main_God_Ch": "释迦牟尼佛", "Main_God_English": "Sakyamuni Buddha", "Main_God_ID_1": null, "Address": "741 Jurong West Street 42, #01-01", "Postal_Code": 649369, "ADDRESS_1": "741 JURONG WEST STREET 42", "X": 15830.9311012281, "Y": 37229.019425202197, "LATITUDE": 1.3529580690432701, "LONGITUDE": 103.72397175928501 }, "geometry": { "type": "Point", "coordinates": [ 103.723971759273809, 1.352958068815356 ] } },
{ "type": "Feature", "properties": { "OBJECTID": 313, "TempleID": 492, "Main_God_ID": 5, "SCNTemple": "灵晋宫", "TCNTemple": " 靈晉宮", "ENTemple": "Ling Jing Gong (Jurong Temple)", "Main_God_Ch": "广泽尊王", "Main_God_English": null, "Main_God_ID_1": null, "Address": "741 Jurong West Street 42, #01-01", "Postal_Code": 649369, "ADDRESS_1": "741 JURONG WEST STREET 42", "X": 15830.9311012281, "Y": 37229.019425202197, "LATITUDE": 1.3529580690432701, "LONGITUDE": 103.72397175928501 }, "geometry": { "type": "Point", "coordinates": [ 103.723971759273809, 1.352958068815356 ] } },
{ "type": "Feature", "properties": { "OBJECTID": 314, "TempleID": 492, "Main_God_ID": 87, "SCNTemple": "灵晋宫", "TCNTemple": " 靈晉宮", "ENTemple": "Ling Jing Gong (Jurong Temple)", "Main_God_Ch": "玄天上帝", "Main_God_English": null, "Main_God_ID_1": null, "Address": "741 Jurong West Street 42, #01-01", "Postal_Code": 649369, "ADDRESS_1": "741 JURONG WEST STREET 42", "X": 15830.9311012281, "Y": 37229.019425202197, "LATITUDE": 1.3529580690432701, "LONGITUDE": 103.72397175928501 }, "geometry": { "type": "Point", "coordinates": [ 103.723971759273809, 1.352958068815356 ] } },
{ "type": "Feature", "properties": { "OBJECTID": 315, "TempleID": 492, "Main_God_ID": 4, "SCNTemple": "灵晋宫", "TCNTemple": " 靈晉宮", "ENTemple": "Ling Jing Gong (Jurong Temple)", "Main_God_Ch": "章公圣君", "Main_God_English": null, "Main_God_ID_1": null, "Address": "741 Jurong West Street 42, #01-01", "Postal_Code": 649369, "ADDRESS_1": "741 JURONG WEST STREET 42", "X": 15830.9311012281, "Y": 37229.019425202197, "LATITUDE": 1.3529580690432701, "LONGITUDE": 103.72397175928501 }, "geometry": { "type": "Point", "coordinates": [ 103.723971759273809, 1.352958068815356 ] } },
{ "type": "Feature", "properties": { "OBJECTID": 316, "TempleID": 492, "Main_God_ID": 90, "SCNTemple": "灵晋宫", "TCNTemple": " 靈晉宮", "ENTemple": "Ling Jing Gong (Jurong Temple)", "Main_God_Ch": "关帝圣君", "Main_God_English": "God of War", "Main_God_ID_1": null, "Address": "741 Jurong West Street 42, #01-01", "Postal_Code": 649369, "ADDRESS_1": "741 JURONG WEST STREET 42", "X": 15830.9311012281, "Y": 37229.019425202197, "LATITUDE": 1.3529580690432701, "LONGITUDE": 103.72397175928501 }, "geometry": { "type": "Point", "coordinates": [ 103.723971759273809, 1.352958068815356 ] } },
{ "type": "Feature", "properties": { "OBJECTID": 317, "TempleID": 492, "Main_God_ID": 66, "SCNTemple": "灵晋宫", "TCNTemple": " 靈晉宮", "ENTemple": "Ling Jing Gong (Jurong Temple)", "Main_God_Ch": "正财神纣王叔比干", "Main_God_English": "Principal God of Wealth ", "Main_God_ID_1": null, "Address": "741 Jurong West Street 42, #01-01", "Postal_Code": 649369, "ADDRESS_1": "741 JURONG WEST STREET 42", "X": 15830.9311012281, "Y": 37229.019425202197, "LATITUDE": 1.3529580690432701, "LONGITUDE": 103.72397175928501 }, "geometry": { "type": "Point", "coordinates": [ 103.723971759273809, 1.352958068815356 ] } },
{ "type": "Feature", "properties": { "OBJECTID": 318, "TempleID": 499, "Main_God_ID": 8, "SCNTemple": "凌霄殿", "TCNTemple": "凌霄殿", "ENTemple": "Ling Xiao Dian", "Main_God_Ch": "孙府大人", "Main_God_English": "Lord Sun", "Main_God_ID_1": null, "Address": "37 Kim Chuan Drive", "Postal_Code": 537089, "ADDRESS_1": "37 KIM CHUAN DRIVE", "X": 34443.697393098802, "Y": 35904.646007215597, "LATITUDE": 1.3409826980572701, "LONGITUDE": 103.89121903896201 }, "geometry": { "type": "Point", "coordinates": [ 103.891219039023611, 1.34098269799201 ] } },
{ "type": "Feature", "properties": { "OBJECTID": 319, "TempleID": 499, "Main_God_ID": 161, "SCNTemple": "凌霄殿", "TCNTemple": "凌霄殿", "ENTemple": "Ling Xiao Dian", "Main_God_Ch": "玉皇上帝", "Main_God_English": "Jade Emperor", "Main_God_ID_1": null, "Address": "37 Kim Chuan Drive", "Postal_Code": 537089, "ADDRESS_1": "37 KIM CHUAN DRIVE", "X": 34443.697393098802, "Y": 35904.646007215597, "LATITUDE": 1.3409826980572701, "LONGITUDE": 103.89121903896201 }, "geometry": { "type": "Point", "coordinates": [ 103.891219039023611, 1.34098269799201 ] } },
{ "type": "Feature", "properties": { "OBJECTID": 320, "TempleID": 501, "Main_God_ID": 12, "SCNTemple": "灵隐寺", "TCNTemple": "靈隱寺", "ENTemple": "Leng Ern Jee temple ", "Main_God_Ch": "温公元帅", "Main_God_English": null, "Main_God_ID_1": null, "Address": "15 Jalan Rajah", "Postal_Code": 329136, "ADDRESS_1": "15 JALAN RAJAH", "X": 29600.003368131798, "Y": 34384.597671760203, "LATITUDE": 1.3272365664679799, "LONGITUDE": 103.847695485063 }, "geometry": { "type": "Point", "coordinates": [ 103.847695485348652, 1.327236566723366 ] } },
{ "type": "Feature", "properties": { "OBJECTID": 321, "TempleID": 501, "Main_God_ID": 24, "SCNTemple": "灵隐寺", "TCNTemple": "靈隱寺", "ENTemple": "Leng Ern Jee temple ", "Main_God_Ch": "济公活佛", "Main_God_English": null, "Main_God_ID_1": null, "Address": "15 Jalan Rajah", "Postal_Code": 329136, "ADDRESS_1": "15 JALAN RAJAH", "X": 29600.003368131798, "Y": 34384.597671760203, "LATITUDE": 1.3272365664679799, "LONGITUDE": 103.847695485063 }, "geometry": { "type": "Point", "coordinates": [ 103.847695485348652, 1.327236566723366 ] } },
{ "type": "Feature", "properties": { "OBJECTID": 322, "TempleID": 504, "Main_God_ID": 8, "SCNTemple": "凌云殿北辰宫（莆田）", "TCNTemple": "凌雲殿北辰宫（莆田）", "ENTemple": "Lin Hoon Dian", "Main_God_Ch": "吕祖", "Main_God_English": null, "Main_God_ID_1": null, "Address": "526A Geylang Road", "Postal_Code": 389482, "ADDRESS_1": "526A GEYLANG ROAD", "X": 33861.919504866899, "Y": 32886.7166087367, "LATITUDE": 1.31368974318811, "LONGITUDE": 103.885990842277 }, "geometry": { "type": "Point", "coordinates": [ 103.885990842232658, 1.313689743109109 ] } },
{ "type": "Feature", "properties": { "OBJECTID": 323, "TempleID": 504, "Main_God_ID": 5, "SCNTemple": "凌云殿北辰宫（莆田）", "TCNTemple": "凌雲殿北辰宫（莆田）", "ENTemple": "Lin Hoon Dian", "Main_God_Ch": "玉皇上帝", "Main_God_English": "Jade Emperor", "Main_God_ID_1": null, "Address": "526A Geylang Road", "Postal_Code": 389482, "ADDRESS_1": "526A GEYLANG ROAD", "X": 33861.919504866899, "Y": 32886.7166087367, "LATITUDE": 1.31368974318811, "LONGITUDE": 103.885990842277 }, "geometry": { "type": "Point", "coordinates": [ 103.885990842232658, 1.313689743109109 ] } },
{ "type": "Feature", "properties": { "OBJECTID": 324, "TempleID": 509, "Main_God_ID": 18, "SCNTemple": "龙凤洞", "TCNTemple": "龍鳳洞", "ENTemple": "Ling Hong Tong Temple", "Main_God_Ch": "玄天上帝", "Main_God_English": null, "Main_God_ID_1": 18, "Address": "10 Bukit Batok Street 21", "Postal_Code": 659632, "ADDRESS_1": "10 BUKIT BATOK STREET 21", "X": 18831.535983599701, "Y": 36469.112485377103, "LATITUDE": 1.3460868202701299, "LONGITUDE": 103.750934311051 }, "geometry": { "type": "Point", "coordinates": [ 103.750934311197952, 1.346086820402388 ] } },
{ "type": "Feature", "properties": { "OBJECTID": 325, "TempleID": 512, "Main_God_ID": 4, "SCNTemple": "龙合山宫（万礼路）", "TCNTemple": "龍合山宮（萬禮路）", "ENTemple": "Leng Hup San (Mandai Road)", "Main_God_Ch": "保生大帝", "Main_God_English": "God of Medicine", "Main_God_ID_1": 4, "Address": "4 Teck Whye Lane", "Postal_Code": 688800, "ADDRESS_1": "4 TECK WHYE LANE", "X": 19129.529459121601, "Y": 40290.909286534399, "LATITUDE": 1.38064984341012, "LONGITUDE": 103.753610826376 }, "geometry": { "type": "Point", "coordinates": [ 103.753610826742829, 1.380649843531911 ] } },
{ "type": "Feature", "properties": { "OBJECTID": 326, "TempleID": 514, "Main_God_ID": 42, "SCNTemple": "龙虎山玄灵坛", "TCNTemple": "龍虎山玄靈壇", "ENTemple": "Leng Hok San Hian Leng Temple Temple", "Main_God_Ch": "关帝圣君", "Main_God_English": "God of War", "Main_God_ID_1": 42, "Address": "Blk 7, #01-518 Lorong 3 Geylang", "Postal_Code": 388960, "ADDRESS_1": "518 LORONG 3 GEYLANG", "X": 32462.9918357348, "Y": 33315.4264278505, "LATITUDE": 1.31756707720989, "LONGITUDE": 103.87342084545701 }, "geometry": { "type": "Point", "coordinates": [ 103.873420845135854, 1.31756707695803 ] } },
{ "type": "Feature", "properties": { "OBJECTID": 327, "TempleID": 517, "Main_God_ID": 1, "SCNTemple": "龙莲花山宫", "TCNTemple": "龍蓮花山宮", "ENTemple": "Dragon Lotus Hill Temple", "Main_God_Ch": "张天师", "Main_God_English": null, "Main_God_ID_1": 1, "Address": "5 Choa Chu Kang Street 51", "Postal_Code": 689339, "ADDRESS_1": "5 CHOA CHU KANG STREET 51", "X": 17906.697408169501, "Y": 41516.782694756999, "LATITUDE": 1.3917357928985901, "LONGITUDE": 103.742622360868 }, "geometry": { "type": "Point", "coordinates": [ 103.742622360794627, 1.391735792946006 ] } },
{ "type": "Feature", "properties": { "OBJECTID": 328, "TempleID": 518, "Main_God_ID": 102, "SCNTemple": "龙南殿", "TCNTemple": "龍南殿", "ENTemple": "Leong Nam Temple", "Main_God_Ch": "释迦牟尼佛", "Main_God_English": "Sakyamuni Buddha", "Main_God_ID_1": null, "Address": "70 Sengkang West Avenue", "Postal_Code": 797651, "ADDRESS_1": "70 SENGKANG WEST AVENUE", "X": 32352.070783760399, "Y": 41516.749036759102, "LATITUDE": 1.3917369177980401, "LONGITUDE": 103.872425351838 }, "geometry": { "type": "Point", "coordinates": [ 103.87242535198375, 1.391736917465604 ] } },
{ "type": "Feature", "properties": { "OBJECTID": 329, "TempleID": 518, "Main_God_ID": 26, "SCNTemple": "龙南殿", "TCNTemple": "龍南殿", "ENTemple": "Leong Nam Temple", "Main_God_Ch": "九皇大二爷", "Main_God_English": null, "Main_God_ID_1": null, "Address": "70 Sengkang West Avenue", "Postal_Code": 797651, "ADDRESS_1": "70 SENGKANG WEST AVENUE", "X": 32352.070783760399, "Y": 41516.749036759102, "LATITUDE": 1.3917369177980401, "LONGITUDE": 103.872425351838 }, "geometry": { "type": "Point", "coordinates": [ 103.87242535198375, 1.391736917465604 ] } },
{ "type": "Feature", "properties": { "OBJECTID": 330, "TempleID": 518, "Main_God_ID": 4, "SCNTemple": "龙南殿", "TCNTemple": "龍南殿", "ENTemple": "Leong Nam Temple", "Main_God_Ch": "九皇大帝", "Main_God_English": "Nine Emperor Gods", "Main_God_ID_1": null, "Address": "70 Sengkang West Avenue", "Postal_Code": 797651, "ADDRESS_1": "70 SENGKANG WEST AVENUE", "X": 32352.070783760399, "Y": 41516.749036759102, "LATITUDE": 1.3917369177980401, "LONGITUDE": 103.872425351838 }, "geometry": { "type": "Point", "coordinates": [ 103.87242535198375, 1.391736917465604 ] } },
{ "type": "Feature", "properties": { "OBJECTID": 331, "TempleID": 518, "Main_God_ID": 8, "SCNTemple": "龙南殿", "TCNTemple": "龍南殿", "ENTemple": "Leong Nam Temple", "Main_God_Ch": "关帝圣君", "Main_God_English": "God of War", "Main_God_ID_1": null, "Address": "70 Sengkang West Avenue", "Postal_Code": 797651, "ADDRESS_1": "70 SENGKANG WEST AVENUE", "X": 32352.070783760399, "Y": 41516.749036759102, "LATITUDE": 1.3917369177980401, "LONGITUDE": 103.872425351838 }, "geometry": { "type": "Point", "coordinates": [ 103.87242535198375, 1.391736917465604 ] } },
{ "type": "Feature", "properties": { "OBJECTID": 332, "TempleID": 518, "Main_God_ID": 1, "SCNTemple": "龙南殿", "TCNTemple": "龍南殿", "ENTemple": "Leong Nam Temple", "Main_God_Ch": "玉皇上帝", "Main_God_English": "Jade Emperor", "Main_God_ID_1": null, "Address": "70 Sengkang West Avenue", "Postal_Code": 797651, "ADDRESS_1": "70 SENGKANG WEST AVENUE", "X": 32352.070783760399, "Y": 41516.749036759102, "LATITUDE": 1.3917369177980401, "LONGITUDE": 103.872425351838 }, "geometry": { "type": "Point", "coordinates": [ 103.87242535198375, 1.391736917465604 ] } },
{ "type": "Feature", "properties": { "OBJECTID": 333, "TempleID": 519, "Main_God_ID": 2, "SCNTemple": "龙泉庙", "TCNTemple": "龍泉廟", "ENTemple": "Long Chuen Temple", "Main_God_Ch": "释迦牟尼佛", "Main_God_English": "Sakyamuni Buddha", "Main_God_ID_1": 2, "Address": "33 Kranji Loop", "Postal_Code": 739565, "ADDRESS_1": "33 KRANJI LOOP", "X": 19144.121139515199, "Y": 46409.730023816199, "LATITUDE": 1.4359862054916199, "LONGITUDE": 103.753740066158 }, "geometry": { "type": "Point", "coordinates": [ 103.75374006580239, 1.435986205276234 ] } },
{ "type": "Feature", "properties": { "OBJECTID": 334, "TempleID": 521, "Main_God_ID": 11, "SCNTemple": "龙泉岩", "TCNTemple": "龍泉岩", "ENTemple": "Long Quan Yan", "Main_God_Ch": "大伯公", "Main_God_English": "Tua Bek Kong", "Main_God_ID_1": null, "Address": "48 Ang Mo Kio Street 61", "Postal_Code": 569162, "ADDRESS_1": "48 ANG MO KIO STREET 61", "X": 28916.5525379395, "Y": 40324.890274081401, "LATITUDE": 1.3809584859777699, "LONGITUDE": 103.841554486324 }, "geometry": { "type": "Point", "coordinates": [ 103.841554485982741, 1.380958486212176 ] } },
{ "type": "Feature", "properties": { "OBJECTID": 335, "TempleID": 521, "Main_God_ID": 19, "SCNTemple": "龙泉岩", "TCNTemple": "龍泉岩", "ENTemple": "Long Quan Yan", "Main_God_Ch": "张公圣君", "Main_God_English": null, "Main_God_ID_1": null, "Address": "48 Ang Mo Kio Street 61", "Postal_Code": 569162, "ADDRESS_1": "48 ANG MO KIO STREET 61", "X": 28916.5525379395, "Y": 40324.890274081401, "LATITUDE": 1.3809584859777699, "LONGITUDE": 103.841554486324 }, "geometry": { "type": "Point", "coordinates": [ 103.841554485982741, 1.380958486212176 ] } },
{ "type": "Feature", "properties": { "OBJECTID": 336, "TempleID": 523, "Main_God_ID": 162, "SCNTemple": "龙山宫", "TCNTemple": "龍山宮", "ENTemple": "Long Shan Gong", "Main_God_Ch": "清水祖师", "Main_God_English": null, "Main_God_ID_1": null, "Address": "55 Lorong Puntong", "Postal_Code": 576442, "ADDRESS_1": "55 LORONG PUNTONG", "X": 27769.105170534898, "Y": 38186.318354945601, "LATITUDE": 1.3616180189174201, "LONGITUDE": 103.831243833394 }, "geometry": { "type": "Point", "coordinates": [ 103.831243833658903, 1.361618019324875 ] } },
{ "type": "Feature", "properties": { "OBJECTID": 337, "TempleID": 523, "Main_God_ID": 50, "SCNTemple": "龙山宫", "TCNTemple": "龍山宮", "ENTemple": "Long Shan Gong", "Main_God_Ch": "温府大人", "Main_God_English": null, "Main_God_ID_1": null, "Address": "55 Lorong Puntong", "Postal_Code": 576442, "ADDRESS_1": "55 LORONG PUNTONG", "X": 27769.105170534898, "Y": 38186.318354945601, "LATITUDE": 1.3616180189174201, "LONGITUDE": 103.831243833394 }, "geometry": { "type": "Point", "coordinates": [ 103.831243833658903, 1.361618019324875 ] } },
{ "type": "Feature", "properties": { "OBJECTID": 338, "TempleID": 523, "Main_God_ID": 60, "SCNTemple": "龙山宫", "TCNTemple": "龍山宮", "ENTemple": "Long Shan Gong", "Main_God_Ch": "金府大人", "Main_God_English": "Lord Jin", "Main_God_ID_1": null, "Address": "55 Lorong Puntong", "Postal_Code": 576442, "ADDRESS_1": "55 LORONG PUNTONG", "X": 27769.105170534898, "Y": 38186.318354945601, "LATITUDE": 1.3616180189174201, "LONGITUDE": 103.831243833394 }, "geometry": { "type": "Point", "coordinates": [ 103.831243833658903, 1.361618019324875 ] } },
{ "type": "Feature", "properties": { "OBJECTID": 339, "TempleID": 524, "Main_God_ID": 5, "SCNTemple": "龙山庙", "TCNTemple": "龍山廟", "ENTemple": "Long Shan Miao", "Main_God_Ch": "刘府大人", "Main_God_English": "Lord Liu", "Main_God_ID_1": 5, "Address": "485 Serangoon North Avenue 1", "Postal_Code": 555890, "ADDRESS_1": "485 SERANGOON NORTH AVENUE 1", "X": 32407.062867297798, "Y": 38988.5823717229, "LATITUDE": 1.3688730805751099, "LONGITUDE": 103.87291912072401 }, "geometry": { "type": "Point", "coordinates": [ 103.872919121017972, 1.36887308083083 ] } },
{ "type": "Feature", "properties": { "OBJECTID": 340, "TempleID": 525, "Main_God_ID": 1, "SCNTemple": "龙山寺", "TCNTemple": "龍山寺", "ENTemple": "Leong San See temple ", "Main_God_Ch": "玄天上帝", "Main_God_English": null, "Main_God_ID_1": null, "Address": "371 Race Course Road", "Postal_Code": 218641, "ADDRESS_1": "371 RACE COURSE ROAD", "X": 30592.987554514799, "Y": 33071.789166064897, "LATITUDE": 1.3153639230932199, "LONGITUDE": 103.85661788052801 }, "geometry": { "type": "Point", "coordinates": [ 103.856617880936085, 1.315363923400125 ] } },
{ "type": "Feature", "properties": { "OBJECTID": 341, "TempleID": 525, "Main_God_ID": 3, "SCNTemple": "龙山寺", "TCNTemple": "龍山寺", "ENTemple": "Leong San See temple ", "Main_God_Ch": "释迦牟尼佛", "Main_God_English": "Sakyamuni Buddha", "Main_God_ID_1": null, "Address": "371 Race Course Road", "Postal_Code": 218641, "ADDRESS_1": "371 RACE COURSE ROAD", "X": 30592.987554514799, "Y": 33071.789166064897, "LATITUDE": 1.3153639230932199, "LONGITUDE": 103.85661788052801 }, "geometry": { "type": "Point", "coordinates": [ 103.856617880936085, 1.315363923400125 ] } },
{ "type": "Feature", "properties": { "OBJECTID": 342, "TempleID": 527, "Main_God_ID": 2, "SCNTemple": "龙山亭", "TCNTemple": "龍山亭", "ENTemple": "Long Shan Ting", "Main_God_Ch": "观世音菩萨", "Main_God_English": "Goddess of Mercy", "Main_God_ID_1": 2, "Address": "98T Redhill Close", "Postal_Code": 158900, "ADDRESS_1": "98T REDHILL CLOSE", "X": 26112.060036204799, "Y": 29848.7791952472, "LATITUDE": 1.28621620799408, "LONGITUDE": 103.816354680655 }, "geometry": { "type": "Point", "coordinates": [ 103.816354680328914, 1.286216208037074 ] } },
{ "type": "Feature", "properties": { "OBJECTID": 343, "TempleID": 528, "Main_God_ID": 2, "SCNTemple": "龙山亭", "TCNTemple": "龍山亭", "ENTemple": "Long Shan Ting", "Main_God_Ch": "大伯公", "Main_God_English": "Tua Bek Kong", "Main_God_ID_1": 2, "Address": "103 Eunos Road 5", "Postal_Code": 409352, "ADDRESS_1": "103 EUNOS ROAD 5", "X": 34984.292602148802, "Y": 33542.621364183702, "LATITUDE": 1.3196212762142601, "LONGITUDE": 103.896076067514 }, "geometry": { "type": "Point", "coordinates": [ 103.896076067494704, 1.319621276538174 ] } },
{ "type": "Feature", "properties": { "OBJECTID": 344, "TempleID": 529, "Main_God_ID": 11, "SCNTemple": "龙山岩斗母宫", "TCNTemple": "龍山岩斗母宮", "ENTemple": "Leng San Giam Dou Mu Gong", "Main_God_Ch": "大伯公", "Main_God_English": "Tua Bek Kong", "Main_God_ID_1": null, "Address": "791 Ang Mo Kio Ave 1", "Postal_Code": 569974, "ADDRESS_1": "791 ANG MO KIO AVENUE 1", "X": 28604.472191455799, "Y": 38704.979960398698, "LATITUDE": 1.3663086042449799, "LONGITUDE": 103.838750178864 }, "geometry": { "type": "Point", "coordinates": [ 103.838750178940657, 1.366308604603127 ] } },
{ "type": "Feature", "properties": { "OBJECTID": 345, "TempleID": 529, "Main_God_ID": 101, "SCNTemple": "龙山岩斗母宫", "TCNTemple": "龍山岩斗母宮", "ENTemple": "Leng San Giam Dou Mu Gong", "Main_God_Ch": "张公圣君", "Main_God_English": null, "Main_God_ID_1": null, "Address": "791 Ang Mo Kio Ave 1", "Postal_Code": 569974, "ADDRESS_1": "791 ANG MO KIO AVENUE 1", "X": 28604.472191455799, "Y": 38704.979960398698, "LATITUDE": 1.3663086042449799, "LONGITUDE": 103.838750178864 }, "geometry": { "type": "Point", "coordinates": [ 103.838750178940657, 1.366308604603127 ] } },
{ "type": "Feature", "properties": { "OBJECTID": 346, "TempleID": 531, "Main_God_ID": 3, "SCNTemple": "龙天门慈圣宮", "TCNTemple": "龍天門慈聖宮", "ENTemple": "Long Tian Men Ci Sheng Gong", "Main_God_Ch": "九皇五帝", "Main_God_English": null, "Main_God_ID_1": null, "Address": "Blk 122 8th flr Eunos Ave 7", "Postal_Code": 409575, "ADDRESS_1": "122 EUNOS AVENUE 7", "X": 35004.033593004599, "Y": 33951.875982744597, "LATITUDE": 1.3233224235457299, "LONGITUDE": 103.896253543608 }, "geometry": { "type": "Point", "coordinates": [ 103.896253543670525, 1.323322423701784 ] } },
{ "type": "Feature", "properties": { "OBJECTID": 347, "TempleID": 531, "Main_God_ID": 2, "SCNTemple": "龙天门慈圣宮", "TCNTemple": "龍天門慈聖宮", "ENTemple": "Long Tian Men Ci Sheng Gong", "Main_God_Ch": "观世音菩萨", "Main_God_English": "Goddess of Mercy", "Main_God_ID_1": null, "Address": "Blk 122 8th flr Eunos Ave 7", "Postal_Code": 409575, "ADDRESS_1": "122 EUNOS AVENUE 7", "X": 35004.033593004599, "Y": 33951.875982744597, "LATITUDE": 1.3233224235457299, "LONGITUDE": 103.896253543608 }, "geometry": { "type": "Point", "coordinates": [ 103.896253543670525, 1.323322423701784 ] } },
{ "type": "Feature", "properties": { "OBJECTID": 348, "TempleID": 531, "Main_God_ID": 15, "SCNTemple": "龙天门慈圣宮", "TCNTemple": "龍天門慈聖宮", "ENTemple": "Long Tian Men Ci Sheng Gong", "Main_God_Ch": "大伯公", "Main_God_English": "Tua Bek Kong", "Main_God_ID_1": null, "Address": "Blk 122 8th flr Eunos Ave 7", "Postal_Code": 409575, "ADDRESS_1": "122 EUNOS AVENUE 7", "X": 35004.033593004599, "Y": 33951.875982744597, "LATITUDE": 1.3233224235457299, "LONGITUDE": 103.896253543608 }, "geometry": { "type": "Point", "coordinates": [ 103.896253543670525, 1.323322423701784 ] } },
{ "type": "Feature", "properties": { "OBJECTID": 349, "TempleID": 531, "Main_God_ID": 30, "SCNTemple": "龙天门慈圣宮", "TCNTemple": "龍天門慈聖宮", "ENTemple": "Long Tian Men Ci Sheng Gong", "Main_God_Ch": "善财童子", "Main_God_English": "Sudhana", "Main_God_ID_1": null, "Address": "Blk 122 8th flr Eunos Ave 7", "Postal_Code": 409575, "ADDRESS_1": "122 EUNOS AVENUE 7", "X": 35004.033593004599, "Y": 33951.875982744597, "LATITUDE": 1.3233224235457299, "LONGITUDE": 103.896253543608 }, "geometry": { "type": "Point", "coordinates": [ 103.896253543670525, 1.323322423701784 ] } },
{ "type": "Feature", "properties": { "OBJECTID": 350, "TempleID": 531, "Main_God_ID": 103, "SCNTemple": "龙天门慈圣宮", "TCNTemple": "龍天門慈聖宮", "ENTemple": "Long Tian Men Ci Sheng Gong", "Main_God_Ch": "五方星君", "Main_God_English": null, "Main_God_ID_1": null, "Address": "Blk 122 8th flr Eunos Ave 7", "Postal_Code": 409575, "ADDRESS_1": "122 EUNOS AVENUE 7", "X": 35004.033593004599, "Y": 33951.875982744597, "LATITUDE": 1.3233224235457299, "LONGITUDE": 103.896253543608 }, "geometry": { "type": "Point", "coordinates": [ 103.896253543670525, 1.323322423701784 ] } },
{ "type": "Feature", "properties": { "OBJECTID": 351, "TempleID": 531, "Main_God_ID": 32, "SCNTemple": "龙天门慈圣宮", "TCNTemple": "龍天門慈聖宮", "ENTemple": "Long Tian Men Ci Sheng Gong", "Main_God_Ch": "五岳城隍", "Main_God_English": null, "Main_God_ID_1": null, "Address": "Blk 122 8th flr Eunos Ave 7", "Postal_Code": 409575, "ADDRESS_1": "122 EUNOS AVENUE 7", "X": 35004.033593004599, "Y": 33951.875982744597, "LATITUDE": 1.3233224235457299, "LONGITUDE": 103.896253543608 }, "geometry": { "type": "Point", "coordinates": [ 103.896253543670525, 1.323322423701784 ] } },
{ "type": "Feature", "properties": { "OBJECTID": 352, "TempleID": 532, "Main_God_ID": 14, "SCNTemple": "龙霞馆", "TCNTemple": "龍霞館", "ENTemple": "Long Xia Guan", "Main_God_Ch": "华光大帝", "Main_God_English": null, "Main_God_ID_1": null, "Address": "17 Yishun Avenue 9", "Postal_Code": 768890, "ADDRESS_1": "17 YISHUN AVENUE 9", "X": 28910.941792066202, "Y": 46211.698410866797, "LATITUDE": 1.4341966589497299, "LONGITUDE": 103.841504254897 }, "geometry": { "type": "Point", "coordinates": [ 103.84150425496793, 1.434196658851459 ] } },
{ "type": "Feature", "properties": { "OBJECTID": 353, "TempleID": 532, "Main_God_ID": 16, "SCNTemple": "龙霞馆", "TCNTemple": "龍霞館", "ENTemple": "Long Xia Guan", "Main_God_Ch": "朱府大人", "Main_God_English": "Lord Zhu", "Main_God_ID_1": null, "Address": "17 Yishun Avenue 9", "Postal_Code": 768890, "ADDRESS_1": "17 YISHUN AVENUE 9", "X": 28910.941792066202, "Y": 46211.698410866797, "LATITUDE": 1.4341966589497299, "LONGITUDE": 103.841504254897 }, "geometry": { "type": "Point", "coordinates": [ 103.84150425496793, 1.434196658851459 ] } },
{ "type": "Feature", "properties": { "OBJECTID": 354, "TempleID": 532, "Main_God_ID": 17, "SCNTemple": "龙霞馆", "TCNTemple": "龍霞館", "ENTemple": "Long Xia Guan", "Main_God_Ch": "邢府大人", "Main_God_English": "Lord Xing", "Main_God_ID_1": null, "Address": "17 Yishun Avenue 9", "Postal_Code": 768890, "ADDRESS_1": "17 YISHUN AVENUE 9", "X": 28910.941792066202, "Y": 46211.698410866797, "LATITUDE": 1.4341966589497299, "LONGITUDE": 103.841504254897 }, "geometry": { "type": "Point", "coordinates": [ 103.84150425496793, 1.434196658851459 ] } },
{ "type": "Feature", "properties": { "OBJECTID": 355, "TempleID": 533, "Main_God_ID": 60, "SCNTemple": "龙显山宫", "TCNTemple": "龍顯山宮", "ENTemple": "Long Xian Shan Gong", "Main_God_Ch": "李府大人", "Main_God_English": "Lord Li", "Main_God_ID_1": null, "Address": "397 Bt Batok West Ave 8", "Postal_Code": 658964, "ADDRESS_1": "397 BUKIT BATOK WEST AVENUE 8", "X": 17619.083580964201, "Y": 36585.9680295773, "LATITUDE": 1.3471432239435399, "LONGITUDE": 103.740039652137 }, "geometry": { "type": "Point", "coordinates": [ 103.740039652307956, 1.347143223676069 ] } },
{ "type": "Feature", "properties": { "OBJECTID": 356, "TempleID": 533, "Main_God_ID": 17, "SCNTemple": "龙显山宫", "TCNTemple": "龍顯山宮", "ENTemple": "Long Xian Shan Gong", "Main_God_Ch": "刘府大人", "Main_God_English": "Lord Liu", "Main_God_ID_1": null, "Address": "397 Bt Batok West Ave 8", "Postal_Code": 658964, "ADDRESS_1": "397 BUKIT BATOK WEST AVENUE 8", "X": 17619.083580964201, "Y": 36585.9680295773, "LATITUDE": 1.3471432239435399, "LONGITUDE": 103.740039652137 }, "geometry": { "type": "Point", "coordinates": [ 103.740039652307956, 1.347143223676069 ] } },
{ "type": "Feature", "properties": { "OBJECTID": 357, "TempleID": 533, "Main_God_ID": 170, "SCNTemple": "龙显山宫", "TCNTemple": "龍顯山宮", "ENTemple": "Long Xian Shan Gong", "Main_God_Ch": "李府大人", "Main_God_English": "Lord Li", "Main_God_ID_1": null, "Address": "397 Bt Batok West Ave 8", "Postal_Code": 658964, "ADDRESS_1": "397 BUKIT BATOK WEST AVENUE 8", "X": 17619.083580964201, "Y": 36585.9680295773, "LATITUDE": 1.3471432239435399, "LONGITUDE": 103.740039652137 }, "geometry": { "type": "Point", "coordinates": [ 103.740039652307956, 1.347143223676069 ] } },
{ "type": "Feature", "properties": { "OBJECTID": 358, "TempleID": 535, "Main_God_ID": 19, "SCNTemple": "龙须岩", "TCNTemple": "龍須岩", "ENTemple": "Long Xu Yan", "Main_God_Ch": "罗府大人", "Main_God_English": "Lord Luo", "Main_God_ID_1": 19, "Address": "741 Jurong West Street 42", "Postal_Code": 649369, "ADDRESS_1": "741 JURONG WEST STREET 42", "X": 15830.9311012281, "Y": 37229.019425202197, "LATITUDE": 1.3529580690432701, "LONGITUDE": 103.72397175928501 }, "geometry": { "type": "Point", "coordinates": [ 103.723971759273809, 1.352958068815356 ] } },
{ "type": "Feature", "properties": { "OBJECTID": 359, "TempleID": 537, "Main_God_ID": 179, "SCNTemple": "龙镇宫", "TCNTemple": "龍鎮宮", "ENTemple": " Leng Tian Keng", "Main_God_Ch": "清水祖师", "Main_God_English": null, "Main_God_ID_1": null, "Address": "489 Serangoon North Avenue 1", "Postal_Code": 555891, "ADDRESS_1": "489 SERANGOON NORTH AVENUE 1", "X": 32376.6912460038, "Y": 38979.590086707802, "LATITUDE": 1.3687917620972201, "LONGITUDE": 103.872646209186 }, "geometry": { "type": "Point", "coordinates": [ 103.872646208772139, 1.368791762217439 ] } },
{ "type": "Feature", "properties": { "OBJECTID": 360, "TempleID": 537, "Main_God_ID": 196, "SCNTemple": "龙镇宫", "TCNTemple": "龍鎮宮", "ENTemple": " Leng Tian Keng", "Main_God_Ch": "赵大天君", "Main_God_English": null, "Main_God_ID_1": null, "Address": "489 Serangoon North Avenue 1", "Postal_Code": 555891, "ADDRESS_1": "489 SERANGOON NORTH AVENUE 1", "X": 32376.6912460038, "Y": 38979.590086707802, "LATITUDE": 1.3687917620972201, "LONGITUDE": 103.872646209186 }, "geometry": { "type": "Point", "coordinates": [ 103.872646208772139, 1.368791762217439 ] } },
{ "type": "Feature", "properties": { "OBJECTID": 361, "TempleID": 538, "Main_God_ID": 129, "SCNTemple": "龙须岩金水馆", "TCNTemple": "龍須岩金水館", "ENTemple": "Longxuyan Jinshuiguan", "Main_God_Ch": "黑虎大将", "Main_God_English": null, "Main_God_ID_1": null, "Address": "4 Ang Mo Kio Street 63 Avenue 9", "Postal_Code": 569112, "ADDRESS_1": "4 ANG MO KIO STREET 63", "X": 29709.883564681699, "Y": 40834.475752206497, "LATITUDE": 1.3855669588009001, "LONGITUDE": 103.848683186285 }, "geometry": { "type": "Point", "coordinates": [ 103.848683186602173, 1.38556695923313 ] } },
{ "type": "Feature", "properties": { "OBJECTID": 362, "TempleID": 538, "Main_God_ID": 43, "SCNTemple": "龙须岩金水馆", "TCNTemple": "龍須岩金水館", "ENTemple": "Longxuyan Jinshuiguan", "Main_God_Ch": "大德禅师", "Main_God_English": null, "Main_God_ID_1": null, "Address": "4 Ang Mo Kio Street 63 Avenue 9", "Postal_Code": 569112, "ADDRESS_1": "4 ANG MO KIO STREET 63", "X": 29709.883564681699, "Y": 40834.475752206497, "LATITUDE": 1.3855669588009001, "LONGITUDE": 103.848683186285 }, "geometry": { "type": "Point", "coordinates": [ 103.848683186602173, 1.38556695923313 ] } },
{ "type": "Feature", "properties": { "OBJECTID": 363, "TempleID": 542, "Main_God_ID": 2, "SCNTemple": "洛阳大伯公宫", "TCNTemple": "洛陽大伯公宮", "ENTemple": "Loyang Tua Pek Kong Temple", "Main_God_Ch": "普庵佛祖", "Main_God_English": null, "Main_God_ID_1": 2, "Address": "20 Loyang Way ", "Postal_Code": 508774, "ADDRESS_1": "20 LOYANG WAY", "X": 43190.683342786499, "Y": 39234.176004636996, "LATITUDE": 1.3710905557001201, "LONGITUDE": 103.969817498743 }, "geometry": { "type": "Point", "coordinates": [ 103.969817498358381, 1.371090555658217 ] } },
{ "type": "Feature", "properties": { "OBJECTID": 364, "TempleID": 543, "Main_God_ID": 8, "SCNTemple": "洛阳天公坛", "TCNTemple": "洛陽天公壇", "ENTemple": "Luo Yang Tian Gong Tan", "Main_God_Ch": "大伯公", "Main_God_English": "Tua Bek Kong", "Main_God_ID_1": 8, "Address": "25 Tampines Street 21", "Postal_Code": 529394, "ADDRESS_1": "25 TAMPINES STREET 21", "X": 40970.4589973763, "Y": 37545.692151248499, "LATITUDE": 1.3558216025370999, "LONGITUDE": 103.94986652515399 }, "geometry": { "type": "Point", "coordinates": [ 103.949866525176873, 1.355821602977986 ] } },
{ "type": "Feature", "properties": { "OBJECTID": 365, "TempleID": 546, "Main_God_ID": 3, "SCNTemple": "茅山天音法坛恒佛寺", "TCNTemple": "茅山天音法壇恆佛寺", "ENTemple": "Mao Shan Tian Yin Fa Tan Heng Fo Si", "Main_God_Ch": "玉皇上帝", "Main_God_English": "Jade Emperor", "Main_God_ID_1": null, "Address": "370 Race Course Road", "Postal_Code": 218640, "ADDRESS_1": "370 RACE COURSE ROAD", "X": 30628.493866833898, "Y": 33014.153325488798, "LATITUDE": 1.3148426819286601, "LONGITUDE": 103.856936917743 }, "geometry": { "type": "Point", "coordinates": [ 103.856936918040645, 1.314842681698148 ] } },
{ "type": "Feature", "properties": { "OBJECTID": 366, "TempleID": 546, "Main_God_ID": 1, "SCNTemple": "茅山天音法坛恒佛寺", "TCNTemple": "茅山天音法壇恆佛寺", "ENTemple": "Mao Shan Tian Yin Fa Tan Heng Fo Si", "Main_God_Ch": "观世音菩萨", "Main_God_English": "Goddess of Mercy", "Main_God_ID_1": null, "Address": "370 Race Course Road", "Postal_Code": 218640, "ADDRESS_1": "370 RACE COURSE ROAD", "X": 30628.493866833898, "Y": 33014.153325488798, "LATITUDE": 1.3148426819286601, "LONGITUDE": 103.856936917743 }, "geometry": { "type": "Point", "coordinates": [ 103.856936918040645, 1.314842681698148 ] } },
{ "type": "Feature", "properties": { "OBJECTID": 367, "TempleID": 546, "Main_God_ID": 13, "SCNTemple": "茅山天音法坛恒佛寺", "TCNTemple": "茅山天音法壇恆佛寺", "ENTemple": "Mao Shan Tian Yin Fa Tan Heng Fo Si", "Main_God_Ch": "释迦牟尼佛", "Main_God_English": "Sakyamuni Buddha", "Main_God_ID_1": null, "Address": "370 Race Course Road", "Postal_Code": 218640, "ADDRESS_1": "370 RACE COURSE ROAD", "X": 30628.493866833898, "Y": 33014.153325488798, "LATITUDE": 1.3148426819286601, "LONGITUDE": 103.856936917743 }, "geometry": { "type": "Point", "coordinates": [ 103.856936918040645, 1.314842681698148 ] } },
{ "type": "Feature", "properties": { "OBJECTID": 368, "TempleID": 546, "Main_God_ID": 144, "SCNTemple": "茅山天音法坛恒佛寺", "TCNTemple": "茅山天音法壇恆佛寺", "ENTemple": "Mao Shan Tian Yin Fa Tan Heng Fo Si", "Main_God_Ch": "太上老君", "Main_God_English": null, "Main_God_ID_1": null, "Address": "370 Race Course Road", "Postal_Code": 218640, "ADDRESS_1": "370 RACE COURSE ROAD", "X": 30628.493866833898, "Y": 33014.153325488798, "LATITUDE": 1.3148426819286601, "LONGITUDE": 103.856936917743 }, "geometry": { "type": "Point", "coordinates": [ 103.856936918040645, 1.314842681698148 ] } },
{ "type": "Feature", "properties": { "OBJECTID": 369, "TempleID": 555, "Main_God_ID": 41, "SCNTemple": "闽王氏宗祠", "TCNTemple": "閩王氏宗祠", "ENTemple": "Seh Ong Charity ", "Main_God_Ch": "张法雄祖师", "Main_God_English": null, "Main_God_ID_1": 41, "Address": "560 Bukit Batok Street 23", "Postal_Code": 658115, "ADDRESS_1": "560 BUKIT BATOK STREET 23", "X": 19084.653329226199, "Y": 35920.293192738704, "LATITUDE": 1.34112357465958, "LONGITUDE": 103.753208885712 }, "geometry": { "type": "Point", "coordinates": [ 103.753208885448913, 1.341123574725233 ] } },
{ "type": "Feature", "properties": { "OBJECTID": 370, "TempleID": 560, "Main_God_ID": 2, "SCNTemple": "明愿阁", "TCNTemple": "明願閣", "ENTemple": "Ming Yuan Ge", "Main_God_Ch": "哪吒", "Main_God_English": "The Third Prince/ Marshal Central Altar", "Main_God_ID_1": 2, "Address": "320 Circuit Road", "Postal_Code": 379483, "ADDRESS_1": "320 CIRCUIT ROAD", "X": 34178.088723002897, "Y": 34195.159351265102, "LATITUDE": 1.3255227694968199, "LONGITUDE": 103.888832041393 }, "geometry": { "type": "Point", "coordinates": [ 103.888832041185836, 1.32552276993756 ] } },
{ "type": "Feature", "properties": { "OBJECTID": 371, "TempleID": 563, "Main_God_ID": 9, "SCNTemple": "木山圣母宫", "TCNTemple": "木山聖母宮", "ENTemple": "Bak Sua Siah Boo", "Main_God_Ch": "大伯公", "Main_God_English": "Tua Bek Kong", "Main_God_ID_1": null, "Address": "21 Bangkit Road ", "Postal_Code": 679971, "ADDRESS_1": "21 BANGKIT ROAD", "X": 21365.9614017727, "Y": 40018.457297733097, "LATITUDE": 1.3781864790757401, "LONGITUDE": 103.773706877759 }, "geometry": { "type": "Point", "coordinates": [ 103.773706877742541, 1.378186479096245 ] } },
{ "type": "Feature", "properties": { "OBJECTID": 372, "TempleID": 563, "Main_God_ID": 5, "SCNTemple": "木山圣母宫", "TCNTemple": "木山聖母宮", "ENTemple": "Bak Sua Siah Boo", "Main_God_Ch": "妈祖", "Main_God_English": "Heavenly Empress", "Main_God_ID_1": null, "Address": "21 Bangkit Road ", "Postal_Code": 679971, "ADDRESS_1": "21 BANGKIT ROAD", "X": 21365.9614017727, "Y": 40018.457297733097, "LATITUDE": 1.3781864790757401, "LONGITUDE": 103.773706877759 }, "geometry": { "type": "Point", "coordinates": [ 103.773706877742541, 1.378186479096245 ] } },
{ "type": "Feature", "properties": { "OBJECTID": 373, "TempleID": 563, "Main_God_ID": 132, "SCNTemple": "木山圣母宫", "TCNTemple": "木山聖母宮", "ENTemple": "Bak Sua Siah Boo", "Main_God_Ch": "玄天上帝", "Main_God_English": null, "Main_God_ID_1": null, "Address": "21 Bangkit Road ", "Postal_Code": 679971, "ADDRESS_1": "21 BANGKIT ROAD", "X": 21365.9614017727, "Y": 40018.457297733097, "LATITUDE": 1.3781864790757401, "LONGITUDE": 103.773706877759 }, "geometry": { "type": "Point", "coordinates": [ 103.773706877742541, 1.378186479096245 ] } },
{ "type": "Feature", "properties": { "OBJECTID": 374, "TempleID": 563, "Main_God_ID": 95, "SCNTemple": "木山圣母宫", "TCNTemple": "木山聖母宮", "ENTemple": "Bak Sua Siah Boo", "Main_God_Ch": "夫人妈", "Main_God_English": null, "Main_God_ID_1": null, "Address": "21 Bangkit Road ", "Postal_Code": 679971, "ADDRESS_1": "21 BANGKIT ROAD", "X": 21365.9614017727, "Y": 40018.457297733097, "LATITUDE": 1.3781864790757401, "LONGITUDE": 103.773706877759 }, "geometry": { "type": "Point", "coordinates": [ 103.773706877742541, 1.378186479096245 ] } },
{ "type": "Feature", "properties": { "OBJECTID": 375, "TempleID": 563, "Main_God_ID": 10, "SCNTemple": "木山圣母宫", "TCNTemple": "木山聖母宮", "ENTemple": "Bak Sua Siah Boo", "Main_God_Ch": "三千岁", "Main_God_English": null, "Main_God_ID_1": null, "Address": "21 Bangkit Road ", "Postal_Code": 679971, "ADDRESS_1": "21 BANGKIT ROAD", "X": 21365.9614017727, "Y": 40018.457297733097, "LATITUDE": 1.3781864790757401, "LONGITUDE": 103.773706877759 }, "geometry": { "type": "Point", "coordinates": [ 103.773706877742541, 1.378186479096245 ] } },
{ "type": "Feature", "properties": { "OBJECTID": 376, "TempleID": 567, "Main_God_ID": 7, "SCNTemple": "南安善堂", "TCNTemple": "南安善堂", "ENTemple": "Nam Ann Siang Theon Tp ", "Main_God_Ch": "齐天大圣", "Main_God_English": "Monkey King", "Main_God_ID_1": 7, "Address": "36E Paya Lebar Crescent", "Postal_Code": 536067, "ADDRESS_1": "36E PAYA LEBAR CRESCENT", "X": 33445.831374426401, "Y": 36746.9883455206, "LATITUDE": 1.34860073696987, "LONGITUDE": 103.882252772356 }, "geometry": { "type": "Point", "coordinates": [ 103.882252772585844, 1.348600736558188 ] } },
{ "type": "Feature", "properties": { "OBJECTID": 377, "TempleID": 571, "Main_God_ID": 7, "SCNTemple": "南风善堂", "TCNTemple": "南風善堂", "ENTemple": "Nam Hong Siang Theon", "Main_God_Ch": "宋大峰祖师", "Main_God_English": null, "Main_God_ID_1": 7, "Address": "475 Yishun Ring Road", "Postal_Code": 768678, "ADDRESS_1": "475 YISHUN RING ROAD", "X": 27412.9261273183, "Y": 46167.372189700603, "LATITUDE": 1.4337957971820601, "LONGITUDE": 103.828043163432 }, "geometry": { "type": "Point", "coordinates": [ 103.828043163185797, 1.433795797275198 ] } },
{ "type": "Feature", "properties": { "OBJECTID": 378, "TempleID": 572, "Main_God_ID": 7, "SCNTemple": "南凤善堂", "TCNTemple": "南鳳善堂", "ENTemple": "Nam Hong Siang Theon", "Main_God_Ch": "宋大峰祖师", "Main_God_English": null, "Main_God_ID_1": 7, "Address": "561 Yishun Ring Road", "Postal_Code": 768682, "ADDRESS_1": "561 YISHUN RING ROAD", "X": 27931.223306247, "Y": 46293.909009030103, "LATITUDE": 1.4349401564151101, "LONGITUDE": 103.832700554336 }, "geometry": { "type": "Point", "coordinates": [ 103.832700554279256, 1.434940156333446 ] } },
{ "type": "Feature", "properties": { "OBJECTID": 379, "TempleID": 575, "Main_God_ID": 3, "SCNTemple": "南海飞来寺", "TCNTemple": "南海飛來寺", "ENTemple": "Nan Hai Fei Lai Temple ", "Main_God_Ch": "宋大峰祖师", "Main_God_English": null, "Main_God_ID_1": 3, "Address": "35 Lorong 27 Geylang", "Postal_Code": 388170, "ADDRESS_1": "35 LORONG 27 GEYLANG", "X": 33587.563084797897, "Y": 33024.529432451403, "LATITUDE": 1.3149361242908399, "LONGITUDE": 103.88352563887899 }, "geometry": { "type": "Point", "coordinates": [ 103.883525639015602, 1.314936123997364 ] } },
{ "type": "Feature", "properties": { "OBJECTID": 380, "TempleID": 576, "Main_God_ID": 3, "SCNTemple": "南海宫", "TCNTemple": "南海宮", "ENTemple": "Nam Hai Kieng", "Main_God_Ch": "观世音菩萨", "Main_God_English": "Goddess of Mercy", "Main_God_ID_1": 3, "Address": "9 Lor 35 Geylang #02-01", "Postal_Code": 387941, "ADDRESS_1": "9 LORONG 35 GEYLANG", "X": 34129.690247307502, "Y": 33044.981690656401, "LATITUDE": 1.31512098386389, "LONGITUDE": 103.88839692623699 }, "geometry": { "type": "Point", "coordinates": [ 103.888396925811662, 1.315120983948394 ] } },
{ "type": "Feature", "properties": { "OBJECTID": 381, "TempleID": 603, "Main_God_ID": 53, "SCNTemple": "南洋圣教总会", "TCNTemple": "南洋聖教總會", "ENTemple": "Nanyang Sacred Union", "Main_God_Ch": "大伯公", "Main_God_English": "Tua Bek Kong", "Main_God_ID_1": 53, "Address": "253 River Valley Road", "Postal_Code": 238304, "ADDRESS_1": "253 RIVER VALLEY ROAD", "X": 28915.122496780899, "Y": 30762.827052874502, "LATITUDE": 1.29448257919766, "LONGITUDE": 103.84154134898 }, "geometry": { "type": "Point", "coordinates": [ 103.841541349008352, 1.294482579623843 ] } },
{ "type": "Feature", "properties": { "OBJECTID": 382, "TempleID": 604, "Main_God_ID": 7, "SCNTemple": "南洋同奉善堂", "TCNTemple": "南洋同奉善堂", "ENTemple": "Nanyang Thong Hong Siang Thng Tp ", "Main_God_Ch": "孔夫子", "Main_God_English": "Confucius", "Main_God_ID_1": 7, "Address": "63 Anchorvale Walk", "Postal_Code": 545060, "ADDRESS_1": "63 ANCHORVALE WALK", "X": 34312.461045545497, "Y": 41738.880502631902, "LATITUDE": 1.39374543407797, "LONGITUDE": 103.89004104072799 }, "geometry": { "type": "Point", "coordinates": [ 103.890041040318181, 1.39374543405418 ] } },
{ "type": "Feature", "properties": { "OBJECTID": 383, "TempleID": 605, "Main_God_ID": 13, "SCNTemple": "南洋德教总会", "TCNTemple": "南洋德教總會", "ENTemple": "Nanyang Moral Uplifting General Society", "Main_God_Ch": "宋大峰祖师", "Main_God_English": null, "Main_God_ID_1": null, "Address": "90 Cuscaden Road", "Postal_Code": 249725, "ADDRESS_1": "90 CUSCADEN ROAD", "X": 27431.145425560899, "Y": 31951.270709216598, "LATITUDE": 1.30523045344904, "LONGITUDE": 103.82820715424801 }, "geometry": { "type": "Point", "coordinates": [ 103.828207154018315, 1.30523045336569 ] } },
{ "type": "Feature", "properties": { "OBJECTID": 384, "TempleID": 605, "Main_God_ID": 22, "SCNTemple": "南洋德教总会", "TCNTemple": "南洋德教總會", "ENTemple": "Nanyang Moral Uplifting General Society", "Main_God_Ch": "太上老君", "Main_God_English": null, "Main_God_ID_1": null, "Address": "90 Cuscaden Road", "Postal_Code": 249725, "ADDRESS_1": "90 CUSCADEN ROAD", "X": 27431.145425560899, "Y": 31951.270709216598, "LATITUDE": 1.30523045344904, "LONGITUDE": 103.82820715424801 }, "geometry": { "type": "Point", "coordinates": [ 103.828207154018315, 1.30523045336569 ] } },
{ "type": "Feature", "properties": { "OBJECTID": 385, "TempleID": 606, "Main_God_ID": 13, "SCNTemple": "南洋德教总会紫新阁（联合庙）", "TCNTemple": "南洋德教總會紫新閣（聯合廟）", "ENTemple": "Nanyang Moral Uplifting General Society Che Sen Khor Moral Uplifting Society ( United Temple)", "Main_God_Ch": "五教圣人", "Main_God_English": null, "Main_God_ID_1": null, "Address": "90 Cuscaden Road", "Postal_Code": 249725, "ADDRESS_1": "90 CUSCADEN ROAD", "X": 27431.145425560899, "Y": 31951.270709216598, "LATITUDE": 1.30523045344904, "LONGITUDE": 103.82820715424801 }, "geometry": { "type": "Point", "coordinates": [ 103.828207154018315, 1.30523045336569 ] } },
{ "type": "Feature", "properties": { "OBJECTID": 386, "TempleID": 606, "Main_God_ID": 22, "SCNTemple": "南洋德教总会紫新阁（联合庙）", "TCNTemple": "南洋德教總會紫新閣（聯合廟）", "ENTemple": "Nanyang Moral Uplifting General Society Che Sen Khor Moral Uplifting Society ( United Temple)", "Main_God_Ch": "太上老君", "Main_God_English": null, "Main_God_ID_1": null, "Address": "90 Cuscaden Road", "Postal_Code": 249725, "ADDRESS_1": "90 CUSCADEN ROAD", "X": 27431.145425560899, "Y": 31951.270709216598, "LATITUDE": 1.30523045344904, "LONGITUDE": 103.82820715424801 }, "geometry": { "type": "Point", "coordinates": [ 103.828207154018315, 1.30523045336569 ] } },
{ "type": "Feature", "properties": { "OBJECTID": 387, "TempleID": 609, "Main_God_ID": 6, "SCNTemple": "哪吒坛", "TCNTemple": "哪吒壇", "ENTemple": "Ne Zha Tan", "Main_God_Ch": "五教圣人", "Main_God_English": null, "Main_God_ID_1": 6, "Address": "12 Ruby Lane", "Postal_Code": 328287, "ADDRESS_1": "12A RUBY LANE", "X": 31715.9022065606, "Y": 34400.8685896229, "LATITUDE": 1.3273835302246899, "LONGITUDE": 103.866707994652 }, "geometry": { "type": "Point", "coordinates": [ 103.866707994592517, 1.327383530318534 ] } },
{ "type": "Feature", "properties": { "OBJECTID": 388, "TempleID": 610, "Main_God_ID": 6, "SCNTemple": "哪吒行宫道教协会", "TCNTemple": "哪吒行宮道教協會", "ENTemple": "Ne Zha Taoist Association", "Main_God_Ch": "哪吒", "Main_God_English": "The Third Prince/ Marshal Central Altar", "Main_God_ID_1": 6, "Address": "399-B, Guillemard Road", "Postal_Code": 399793, "ADDRESS_1": "399A GUILLEMARD ROAD", "X": 34137.2375993151, "Y": 32696.301600942399, "LATITUDE": 1.3119676441627399, "LONGITUDE": 103.888464673858 }, "geometry": { "type": "Point", "coordinates": [ 103.888464673864036, 1.311967644154215 ] } },
{ "type": "Feature", "properties": { "OBJECTID": 390, "TempleID": 617, "Main_God_ID": 18, "SCNTemple": "鹏峰宫", "TCNTemple": "鵬峰宮", "ENTemple": "Peng Hong Temple", "Main_God_Ch": "水尾圣娘", "Main_God_English": null, "Main_God_ID_1": null, "Address": "432 Geylang Lor 3", "Postal_Code": 388903, "ADDRESS_1": "432 LORONG 3 GEYLANG", "X": 32527.607927374502, "Y": 33277.4265784975, "LATITUDE": 1.3172234106129601, "LONGITUDE": 103.87400144844899 }, "geometry": { "type": "Point", "coordinates": [ 103.874001448203074, 1.31722341080743 ] } },
{ "type": "Feature", "properties": { "OBJECTID": 391, "TempleID": 617, "Main_God_ID": 19, "SCNTemple": "鹏峰宫", "TCNTemple": "鵬峰宮", "ENTemple": "Peng Hong Temple", "Main_God_Ch": "保生大帝", "Main_God_English": "God of Medicine", "Main_God_ID_1": null, "Address": "432 Geylang Lor 3", "Postal_Code": 388903, "ADDRESS_1": "432 LORONG 3 GEYLANG", "X": 32527.607927374502, "Y": 33277.4265784975, "LATITUDE": 1.3172234106129601, "LONGITUDE": 103.87400144844899 }, "geometry": { "type": "Point", "coordinates": [ 103.874001448203074, 1.31722341080743 ] } },
{ "type": "Feature", "properties": { "OBJECTID": 392, "TempleID": 618, "Main_God_ID": 19, "SCNTemple": "蓬莱殿", "TCNTemple": "蓬萊殿", "ENTemple": "Peng Lai Dian", "Main_God_Ch": "清水祖师", "Main_God_English": null, "Main_God_ID_1": 19, "Address": "26 Admiralty Street", "Postal_Code": 757613, "ADDRESS_1": "26 ADMIRALTY STREET", "X": 25570.610543582599, "Y": 49193.542349427902, "LATITUDE": 1.46116328034291, "LONGITUDE": 103.811487950989 }, "geometry": { "type": "Point", "coordinates": [ 103.811487950597083, 1.461163279895911 ] } },
{ "type": "Feature", "properties": { "OBJECTID": 393, "TempleID": 619, "Main_God_ID": 19, "SCNTemple": "蓬莱寺", "TCNTemple": "蓬萊寺", "ENTemple": "Hong Lai Sze Ltd", "Main_God_Ch": "清水祖师", "Main_God_English": null, "Main_God_ID_1": 19, "Address": "150 Hougang Avenue 1", "Postal_Code": 538886, "ADDRESS_1": "150 HOUGANG AVENUE 1", "X": 34004.508888824799, "Y": 36811.417320484303, "LATITUDE": 1.3491833027146201, "LONGITUDE": 103.88727284987699 }, "geometry": { "type": "Point", "coordinates": [ 103.887272849976611, 1.349183302529373 ] } },
{ "type": "Feature", "properties": { "OBJECTID": 394, "TempleID": 622, "Main_God_ID": 167, "SCNTemple": "毗卢寺（天竺山）", "TCNTemple": "毗盧寺（天竺山）", "ENTemple": "Bee Low See Temple (Thin Chof Sun)", "Main_God_Ch": "清水祖师", "Main_God_English": null, "Main_God_ID_1": 167, "Address": "71b Jalan Jurong Kechil", "Postal_Code": 598588, "ADDRESS_1": "71B JALAN JURONG KECHIL", "X": 21340.423668283001, "Y": 35701.407362760998, "LATITUDE": 1.33914463323626, "LONGITUDE": 103.77347836345901 }, "geometry": { "type": "Point", "coordinates": [ 103.773478363743365, 1.339144633573057 ] } },
{ "type": "Feature", "properties": { "OBJECTID": 396, "TempleID": 626, "Main_God_ID": 7, "SCNTemple": "普德善堂", "TCNTemple": "普德善堂", "ENTemple": "Phoh Teck Siang Tng Temple ", "Main_God_Ch": "观世音菩萨", "Main_God_English": "Goddess of Mercy", "Main_God_ID_1": 7, "Address": "106 Pasir Panjang Road", "Postal_Code": 118534, "ADDRESS_1": "106 PASIR PANJANG ROAD", "X": 23653.8286674628, "Y": 28684.4017338306, "LATITUDE": 1.27568574487588, "LONGITUDE": 103.794266646686 }, "geometry": { "type": "Point", "coordinates": [ 103.794266646978272, 1.275685744569932 ] } },
{ "type": "Feature", "properties": { "OBJECTID": 397, "TempleID": 629, "Main_God_ID": 1, "SCNTemple": "普济佛堂 (般若念佛堂)", "TCNTemple": "普濟佛堂 (般若念佛堂)", "ENTemple": "Puat Jit Buddhist Temple ", "Main_God_Ch": "宋大峰祖师", "Main_God_English": null, "Main_God_ID_1": 1, "Address": "61 Anchorvale Link", "Postal_Code": 545073, "ADDRESS_1": "61 ANCHORVALE LINK", "X": 34319.185562416002, "Y": 41697.701970163696, "LATITUDE": 1.39337302893023, "LONGITUDE": 103.890101456902 }, "geometry": { "type": "Point", "coordinates": [ 103.890101457239297, 1.393373029200045 ] } },
{ "type": "Feature", "properties": { "OBJECTID": 398, "TempleID": 631, "Main_God_ID": 1, "SCNTemple": "普济寺", "TCNTemple": "普濟寺", "ENTemple": "Poh Jay Bddhist Research Institue", "Main_God_Ch": "释迦牟尼佛", "Main_God_English": "Sakyamuni Buddha", "Main_God_ID_1": 1, "Address": "66 Lorong G Telok Kurau", "Postal_Code": 426248, "ADDRESS_1": "66 LORONG G TELOK KURAU", "X": 36659.395312883898, "Y": 33271.898857703403, "LATITUDE": 1.31717253191531, "LONGITUDE": 103.911127649026 }, "geometry": { "type": "Point", "coordinates": [ 103.911127648910039, 1.317172532297836 ] } },
{ "type": "Feature", "properties": { "OBJECTID": 399, "TempleID": 632, "Main_God_ID": 7, "SCNTemple": "普救善堂", "TCNTemple": "普救善堂", "ENTemple": "Phoh Kiu Siang Tng Tp", "Main_God_Ch": "释迦牟尼佛", "Main_God_English": "Sakyamuni Buddha", "Main_God_ID_1": 7, "Address": "15 Simon Lane", "Postal_Code": 546040, "ADDRESS_1": "15 SIMON LANE", "X": 33700.682197748698, "Y": 38306.423197468699, "LATITUDE": 1.36270365745054, "LONGITUDE": 103.884543061744 }, "geometry": { "type": "Point", "coordinates": [ 103.884543061764404, 1.362703657473437 ] } },
{ "type": "Feature", "properties": { "OBJECTID": 400, "TempleID": 633, "Main_God_ID": 1, "SCNTemple": "普明寺", "TCNTemple": "普明寺", "ENTemple": "Poh Ming Tse Temple / Phor Beng See Temple", "Main_God_Ch": "宋大峰祖师", "Main_God_English": null, "Main_God_ID_1": 1, "Address": "438 Dunearn Road", "Postal_Code": 289613, "ADDRESS_1": "438 DUNEARN ROAD", "X": 25376.4173044534, "Y": 34172.739976797297, "LATITUDE": 1.32532052937181, "LONGITUDE": 103.809744271133 }, "geometry": { "type": "Point", "coordinates": [ 103.809744271093166, 1.325320529581651 ] } },
{ "type": "Feature", "properties": { "OBJECTID": 401, "TempleID": 634, "Main_God_ID": 75, "SCNTemple": "普平寺", "TCNTemple": "普平寺", "ENTemple": "Chin Pin Tze ", "Main_God_Ch": "释迦牟尼佛", "Main_God_English": "Sakyamuni Buddha", "Main_God_ID_1": null, "Address": "BLK 924 Tampines Street 91 #08-258", "Postal_Code": 520925, "ADDRESS_1": "925 TAMPINES STREET 91", "X": 39980.406113876998, "Y": 36506.410299116702, "LATITUDE": 1.3464231383012999, "LONGITUDE": 103.940969858247 }, "geometry": { "type": "Point", "coordinates": [ 103.940969858121903, 1.346423138309294 ] } },
{ "type": "Feature", "properties": { "OBJECTID": 402, "TempleID": 634, "Main_God_ID": 15, "SCNTemple": "普平寺", "TCNTemple": "普平寺", "ENTemple": "Chin Pin Tze ", "Main_God_Ch": "泗州文佛", "Main_God_English": null, "Main_God_ID_1": null, "Address": "BLK 924 Tampines Street 91 #08-258", "Postal_Code": 520925, "ADDRESS_1": "925 TAMPINES STREET 91", "X": 39980.406113876998, "Y": 36506.410299116702, "LATITUDE": 1.3464231383012999, "LONGITUDE": 103.940969858247 }, "geometry": { "type": "Point", "coordinates": [ 103.940969858121903, 1.346423138309294 ] } },
{ "type": "Feature", "properties": { "OBJECTID": 403, "TempleID": 637, "Main_God_ID": 1, "SCNTemple": "菩提佛院", "TCNTemple": "菩提佛院", "ENTemple": "Pu Ti Buddhist Temple ", "Main_God_Ch": "善财童子", "Main_God_English": "Sudhana", "Main_God_ID_1": 1, "Address": "121C Punggol Road", "Postal_Code": 546637, "ADDRESS_1": "121C PUNGGOL ROAD", "X": 35011.088999473497, "Y": 40289.780048597597, "LATITUDE": 1.38064013645818, "LONGITUDE": 103.896318417267 }, "geometry": { "type": "Point", "coordinates": [ 103.896318417271758, 1.380640136018678 ] } },
{ "type": "Feature", "properties": { "OBJECTID": 404, "TempleID": 638, "Main_God_ID": 1, "SCNTemple": "菩提阁", "TCNTemple": "菩提閣", "ENTemple": "Phou Tai Kok Tp (MAHABODHI MONASTERY)", "Main_God_Ch": "释迦牟尼佛", "Main_God_English": "Sakyamuni Buddha", "Main_God_ID_1": 1, "Address": "8 Lorong Kilat", "Postal_Code": 598114, "ADDRESS_1": "8 LORONG KILAT", "X": 21401.014451036201, "Y": 35927.8196901064, "LATITUDE": 1.34119223818269, "LONGITUDE": 103.774022757875 }, "geometry": { "type": "Point", "coordinates": [ 103.774022758314572, 1.341192238272182 ] } },
{ "type": "Feature", "properties": { "OBJECTID": 405, "TempleID": 639, "Main_God_ID": 1, "SCNTemple": "菩提兰若", "TCNTemple": "菩提蘭若", "ENTemple": "Pu Ti Lan Ruo", "Main_God_Ch": "释迦牟尼佛", "Main_God_English": "Sakyamuni Buddha", "Main_God_ID_1": 1, "Address": " 37 Saint Patrick's Road. ", "Postal_Code": 424161, "ADDRESS_1": "37 SAINT PATRICK'S ROAD", "X": 36870.463195079901, "Y": 32307.328196210801, "LATITUDE": 1.30844924343986, "LONGITUDE": 103.913023923865 }, "geometry": { "type": "Point", "coordinates": [ 103.913023923908654, 1.308449243474127 ] } },
{ "type": "Feature", "properties": { "OBJECTID": 406, "TempleID": 641, "Main_God_ID": 1, "SCNTemple": "普陀寺", "TCNTemple": "普陀寺", "ENTemple": "Poo Thor Jee Temple ", "Main_God_Ch": "释迦牟尼佛", "Main_God_English": "Sakyamuni Buddha", "Main_God_ID_1": 1, "Address": "7 Yan Kit Road", "Postal_Code": 88262, "ADDRESS_1": "7 YAN KIT ROAD", "X": 29014.723807131901, "Y": 28837.079164350402, "LATITUDE": 1.27706678829329, "LONGITUDE": 103.84243624795 }, "geometry": { "type": "Point", "coordinates": [ 103.842436247885942, 1.277066788615694 ] } },
{ "type": "Feature", "properties": { "OBJECTID": 407, "TempleID": 645, "Main_God_ID": 182, "SCNTemple": "普忠殿助善堂", "TCNTemple": "普忠殿助善堂", "ENTemple": "Poh Chung Tian Chor Sian Tong", "Main_God_Ch": "释迦牟尼佛", "Main_God_English": "Sakyamuni Buddha", "Main_God_ID_1": null, "Address": "201 Toa Payoh Lorong 6", "Postal_Code": 319385, "ADDRESS_1": "201 LORONG 6 TOA PAYOH", "X": 30540.882158853099, "Y": 34905.431368261598, "LATITUDE": 1.33194673765867, "LONGITUDE": 103.85614983884901 }, "geometry": { "type": "Point", "coordinates": [ 103.856149839218432, 1.33194673794569 ] } },
{ "type": "Feature", "properties": { "OBJECTID": 408, "TempleID": 645, "Main_God_ID": 43, "SCNTemple": "普忠殿助善堂", "TCNTemple": "普忠殿助善堂", "ENTemple": "Poh Chung Tian Chor Sian Tong", "Main_God_Ch": "邱府王爷", "Main_God_English": null, "Main_God_ID_1": null, "Address": "201 Toa Payoh Lorong 6", "Postal_Code": 319385, "ADDRESS_1": "201 LORONG 6 TOA PAYOH", "X": 30540.882158853099, "Y": 34905.431368261598, "LATITUDE": 1.33194673765867, "LONGITUDE": 103.85614983884901 }, "geometry": { "type": "Point", "coordinates": [ 103.856149839218432, 1.33194673794569 ] } },
{ "type": "Feature", "properties": { "OBJECTID": 409, "TempleID": 645, "Main_God_ID": 128, "SCNTemple": "普忠殿助善堂", "TCNTemple": "普忠殿助善堂", "ENTemple": "Poh Chung Tian Chor Sian Tong", "Main_God_Ch": "普庵佛祖", "Main_God_English": null, "Main_God_ID_1": null, "Address": "201 Toa Payoh Lorong 6", "Postal_Code": 319385, "ADDRESS_1": "201 LORONG 6 TOA PAYOH", "X": 30540.882158853099, "Y": 34905.431368261598, "LATITUDE": 1.33194673765867, "LONGITUDE": 103.85614983884901 }, "geometry": { "type": "Point", "coordinates": [ 103.856149839218432, 1.33194673794569 ] } },
{ "type": "Feature", "properties": { "OBJECTID": 410, "TempleID": 649, "Main_God_ID": 54, "SCNTemple": "七福宫", "TCNTemple": "七福宮", "ENTemple": "Chi Hock Keng Temple", "Main_God_Ch": "大宋三忠王：文天祥、 張世傑、 陸秀夫", "Main_God_English": null, "Main_God_ID_1": 54, "Address": "15 Fajar Road", "Postal_Code": 679003, "ADDRESS_1": "15 FAJAR ROAD", "X": 20887.573527950801, "Y": 40587.661956330798, "LATITUDE": 1.3833340468384401, "LONGITUDE": 103.769408076179 }, "geometry": { "type": "Point", "coordinates": [ 103.769408075927572, 1.383334047233369 ] } },
{ "type": "Feature", "properties": { "OBJECTID": 411, "TempleID": 654, "Main_God_ID": 6, "SCNTemple": "齐神宫", "TCNTemple": "齊神宮", "ENTemple": "Chee Seng Temple", "Main_God_Ch": "七星大帝", "Main_God_English": null, "Main_God_ID_1": 6, "Address": "17  Choa Chu Kang Street 51 ", "Postal_Code": 689337, "ADDRESS_1": "17 CHOA CHU KANG STREET 51", "X": 17934.1316427151, "Y": 41508.878846436703, "LATITUDE": 1.39166432294735, "LONGITUDE": 103.74286888143899 }, "geometry": { "type": "Point", "coordinates": [ 103.74286888105496, 1.391664322527376 ] } },
{ "type": "Feature", "properties": { "OBJECTID": 412, "TempleID": 656, "Main_God_ID": 10, "SCNTemple": "齐天宫中峇鲁", "TCNTemple": "齊天宮中峇魯.", "ENTemple": "Qui Tian Gong Temple Tiong Bahru ", "Main_God_Ch": "哪吒", "Main_God_English": "The Third Prince/ Marshal Central Altar", "Main_God_ID_1": 10, "Address": "44 Eng Hoon Street ", "Postal_Code": 169786, "ADDRESS_1": "44A ENG HOON STREET", "X": 28113.242399109498, "Y": 29584.236291127301, "LATITUDE": 1.2838238314346899, "LONGITUDE": 103.834336106813 }, "geometry": { "type": "Point", "coordinates": [ 103.834336106820274, 1.283823831514942 ] } },
{ "type": "Feature", "properties": { "OBJECTID": 413, "TempleID": 657, "Main_God_ID": 5, "SCNTemple": "齐天坛", "TCNTemple": "齊天壇", "ENTemple": "Qi Tian Tan Temple", "Main_God_Ch": "齐天大圣", "Main_God_English": "Monkey King", "Main_God_ID_1": 5, "Address": "98 Depot Road", "Postal_Code": 109669, "ADDRESS_1": "98 DEPOT ROAD", "X": 25877.2498567775, "Y": 29299.307748632498, "LATITUDE": 1.28124696626567, "LONGITUDE": 103.814244853833 }, "geometry": { "type": "Point", "coordinates": [ 103.814244854220917, 1.281246965825867 ] } },
{ "type": "Feature", "properties": { "OBJECTID": 414, "TempleID": 659, "Main_God_ID": 72, "SCNTemple": "七星宫", "TCNTemple": "七星宮", "ENTemple": "Zeh Shing Keong Temple", "Main_God_Ch": "玄天上帝", "Main_God_English": null, "Main_God_ID_1": null, "Address": "20 Jalan Keli", "Postal_Code": 577905, "ADDRESS_1": "20 JALAN KELI", "X": 28127.120239376101, "Y": 37399.7397824246, "LATITUDE": 1.3545044831656201, "LONGITUDE": 103.83446083648001 }, "geometry": { "type": "Point", "coordinates": [ 103.834460836126127, 1.354504483324576 ] } },
{ "type": "Feature", "properties": { "OBJECTID": 415, "TempleID": 659, "Main_God_ID": 10, "SCNTemple": "七星宫", "TCNTemple": "七星宮", "ENTemple": "Zeh Shing Keong Temple", "Main_God_Ch": "林府太师", "Main_God_English": null, "Main_God_ID_1": null, "Address": "20 Jalan Keli", "Postal_Code": 577905, "ADDRESS_1": "20 JALAN KELI", "X": 28127.120239376101, "Y": 37399.7397824246, "LATITUDE": 1.3545044831656201, "LONGITUDE": 103.83446083648001 }, "geometry": { "type": "Point", "coordinates": [ 103.834460836126127, 1.354504483324576 ] } },
{ "type": "Feature", "properties": { "OBJECTID": 416, "TempleID": 664, "Main_God_ID": 4, "SCNTemple": "七寨庙", "TCNTemple": "七寨廟", "ENTemple": "Chek Chai Temple", "Main_God_Ch": "齐天大圣", "Main_God_English": "Monkey King", "Main_God_ID_1": 4, "Address": "33 Kranji Loop", "Postal_Code": 739565, "ADDRESS_1": "33 KRANJI LOOP", "X": 19144.121139515199, "Y": 46409.730023816199, "LATITUDE": 1.4359862054916199, "LONGITUDE": 103.753740066158 }, "geometry": { "type": "Point", "coordinates": [ 103.75374006580239, 1.435986205276234 ] } },
{ "type": "Feature", "properties": { "OBJECTID": 417, "TempleID": 665, "Main_God_ID": 4, "SCNTemple": "七寨庙（静山路 / 甘榜山亭）", "TCNTemple": "七寨庙（静山路 / 甘榜山亭）", "ENTemple": "Qi Zhai Miao ( Jing Shan Lu)", "Main_God_Ch": "关帝圣君", "Main_God_English": "God of War", "Main_God_ID_1": 4, "Address": "485 Serangoon North Avenue 1", "Postal_Code": 555890, "ADDRESS_1": "485 SERANGOON NORTH AVENUE 1", "X": 32407.062867297798, "Y": 38988.5823717229, "LATITUDE": 1.3688730805751099, "LONGITUDE": 103.87291912072401 }, "geometry": { "type": "Point", "coordinates": [ 103.872919121017972, 1.36887308083083 ] } },
{ "type": "Feature", "properties": { "OBJECTID": 418, "TempleID": 666, "Main_God_ID": 4, "SCNTemple": "七寨庙（林厝港阿妈宫路）", "TCNTemple": "七寨廟（林厝港阿媽宮路）", "ENTemple": "Chee Chea Temple (Lim Chu Gang Ah Ma Keng Road)", "Main_God_Ch": "关帝圣君", "Main_God_English": "God of War", "Main_God_ID_1": 4, "Address": "4 Teck Whye Lane", "Postal_Code": 688800, "ADDRESS_1": "4 TECK WHYE LANE", "X": 19129.529459121601, "Y": 40290.909286534399, "LATITUDE": 1.38064984341012, "LONGITUDE": 103.753610826376 }, "geometry": { "type": "Point", "coordinates": [ 103.753610826742829, 1.380649843531911 ] } },
{ "type": "Feature", "properties": { "OBJECTID": 420, "TempleID": 670, "Main_God_ID": 203, "SCNTemple": "乾坤庙", "TCNTemple": "乾坤廟", "ENTemple": "Qian Kun Miao ", "Main_God_Ch": "玉皇上帝", "Main_God_English": "Jade Emperor", "Main_God_ID_1": null, "Address": "103 Eunos Road 5", "Postal_Code": 409352, "ADDRESS_1": "103 EUNOS ROAD 5", "X": 34984.292602148802, "Y": 33542.621364183702, "LATITUDE": 1.3196212762142601, "LONGITUDE": 103.896076067514 }, "geometry": { "type": "Point", "coordinates": [ 103.896076067494704, 1.319621276538174 ] } },
{ "type": "Feature", "properties": { "OBJECTID": 421, "TempleID": 670, "Main_God_ID": 5, "SCNTemple": "乾坤庙", "TCNTemple": "乾坤廟", "ENTemple": "Qian Kun Miao ", "Main_God_Ch": "铁大元师", "Main_God_English": null, "Main_God_ID_1": null, "Address": "103 Eunos Road 5", "Postal_Code": 409352, "ADDRESS_1": "103 EUNOS ROAD 5", "X": 34984.292602148802, "Y": 33542.621364183702, "LATITUDE": 1.3196212762142601, "LONGITUDE": 103.896076067514 }, "geometry": { "type": "Point", "coordinates": [ 103.896076067494704, 1.319621276538174 ] } },
{ "type": "Feature", "properties": { "OBJECTID": 422, "TempleID": 670, "Main_God_ID": 6, "SCNTemple": "乾坤庙", "TCNTemple": "乾坤廟", "ENTemple": "Qian Kun Miao ", "Main_God_Ch": "玄天上帝", "Main_God_English": null, "Main_God_ID_1": null, "Address": "103 Eunos Road 5", "Postal_Code": 409352, "ADDRESS_1": "103 EUNOS ROAD 5", "X": 34984.292602148802, "Y": 33542.621364183702, "LATITUDE": 1.3196212762142601, "LONGITUDE": 103.896076067514 }, "geometry": { "type": "Point", "coordinates": [ 103.896076067494704, 1.319621276538174 ] } },
{ "type": "Feature", "properties": { "OBJECTID": 423, "TempleID": 673, "Main_God_ID": 1, "SCNTemple": "伽陀精舍", "TCNTemple": "伽陀精舍", "ENTemple": "Katho Chengsia Temple", "Main_God_Ch": "哪吒", "Main_God_English": "The Third Prince/ Marshal Central Altar", "Main_God_ID_1": 1, "Address": "18 Lorong 31 Geylang", "Postal_Code": 388026, "ADDRESS_1": "18 LORONG 31 GEYLANG", "X": 34006.646171690903, "Y": 33016.213424997397, "LATITUDE": 1.3148608382401401, "LONGITUDE": 103.887291308133 }, "geometry": { "type": "Point", "coordinates": [ 103.88729130838685, 1.314860838014081 ] } },
{ "type": "Feature", "properties": { "OBJECTID": 424, "TempleID": 677, "Main_God_ID": 3, "SCNTemple": "清莲寺", "TCNTemple": "清蓮寺", "ENTemple": "Cheng Lim See Tpemple", "Main_God_Ch": "释迦牟尼佛", "Main_God_English": "Sakyamuni Buddha", "Main_God_ID_1": 3, "Address": "8/10 Jalan Soo Bee", "Postal_Code": 488112, "ADDRESS_1": "8 JALAN SOO BEE", "X": 41205.309978045501, "Y": 35372.729718744798, "LATITUDE": 1.33617004171249, "LONGITUDE": 103.95197586006501 }, "geometry": { "type": "Point", "coordinates": [ 103.95197586026157, 1.336170041542954 ] } },
{ "type": "Feature", "properties": { "OBJECTID": 425, "TempleID": 681, "Main_God_ID": 19, "SCNTemple": "清水庙东圣殿", "TCNTemple": "清水廟東聖殿", "ENTemple": "Chin Chwee Temple ", "Main_God_Ch": "关帝圣君", "Main_God_English": "God of War", "Main_God_ID_1": 19, "Address": "11 Woodlands Industrial Park E8, # 01 - 03", "Postal_Code": 757701, "ADDRESS_1": "11 WOODLANDS INDUSTRIAL PARK E8", "X": 24350.9557531504, "Y": 48222.0414395798, "LATITUDE": 1.45237724697783, "LONGITUDE": 103.800528194054 }, "geometry": { "type": "Point", "coordinates": [ 103.800528194474722, 1.452377246619895 ] } },
{ "type": "Feature", "properties": { "OBJECTID": 426, "TempleID": 685, "Main_God_ID": 169, "SCNTemple": "青云庙", "TCNTemple": "青雲廟", "ENTemple": "Qing Yun Temple", "Main_God_Ch": "清水祖师", "Main_God_English": null, "Main_God_ID_1": null, "Address": "20 Hougang Street 11 ", "Postal_Code": 538748, "ADDRESS_1": "20 HOUGANG STREET 11", "X": 33246.277524040997, "Y": 37232.903655016802, "LATITUDE": 1.3529952162943599, "LONGITUDE": 103.880459741552 }, "geometry": { "type": "Point", "coordinates": [ 103.880459741336026, 1.352995216701175 ] } },
{ "type": "Feature", "properties": { "OBJECTID": 427, "TempleID": 685, "Main_God_ID": 117, "SCNTemple": "青云庙", "TCNTemple": "青雲廟", "ENTemple": "Qing Yun Temple", "Main_God_Ch": "纠察大神九使爷", "Main_God_English": null, "Main_God_ID_1": null, "Address": "20 Hougang Street 11 ", "Postal_Code": 538748, "ADDRESS_1": "20 HOUGANG STREET 11", "X": 33246.277524040997, "Y": 37232.903655016802, "LATITUDE": 1.3529952162943599, "LONGITUDE": 103.880459741552 }, "geometry": { "type": "Point", "coordinates": [ 103.880459741336026, 1.352995216701175 ] } },
{ "type": "Feature", "properties": { "OBJECTID": 428, "TempleID": 685, "Main_God_ID": 116, "SCNTemple": "青云庙", "TCNTemple": "青雲廟", "ENTemple": "Qing Yun Temple", "Main_God_Ch": "十使爷", "Main_God_English": null, "Main_God_ID_1": null, "Address": "20 Hougang Street 11 ", "Postal_Code": 538748, "ADDRESS_1": "20 HOUGANG STREET 11", "X": 33246.277524040997, "Y": 37232.903655016802, "LATITUDE": 1.3529952162943599, "LONGITUDE": 103.880459741552 }, "geometry": { "type": "Point", "coordinates": [ 103.880459741336026, 1.352995216701175 ] } },
{ "type": "Feature", "properties": { "OBJECTID": 429, "TempleID": 685, "Main_God_ID": 115, "SCNTemple": "青云庙", "TCNTemple": "青雲廟", "ENTemple": "Qing Yun Temple", "Main_God_Ch": "十一使爷", "Main_God_English": null, "Main_God_ID_1": null, "Address": "20 Hougang Street 11 ", "Postal_Code": 538748, "ADDRESS_1": "20 HOUGANG STREET 11", "X": 33246.277524040997, "Y": 37232.903655016802, "LATITUDE": 1.3529952162943599, "LONGITUDE": 103.880459741552 }, "geometry": { "type": "Point", "coordinates": [ 103.880459741336026, 1.352995216701175 ] } },
{ "type": "Feature", "properties": { "OBJECTID": 430, "TempleID": 685, "Main_God_ID": 140, "SCNTemple": "青云庙", "TCNTemple": "青雲廟", "ENTemple": "Qing Yun Temple", "Main_God_Ch": "刘氏太夫人", "Main_God_English": null, "Main_God_ID_1": null, "Address": "20 Hougang Street 11 ", "Postal_Code": 538748, "ADDRESS_1": "20 HOUGANG STREET 11", "X": 33246.277524040997, "Y": 37232.903655016802, "LATITUDE": 1.3529952162943599, "LONGITUDE": 103.880459741552 }, "geometry": { "type": "Point", "coordinates": [ 103.880459741336026, 1.352995216701175 ] } },
{ "type": "Feature", "properties": { "OBJECTID": 431, "TempleID": 687, "Main_God_ID": 51, "SCNTemple": "琼瑶教邸", "TCNTemple": "瓊瑤教邸", "ENTemple": "Qiong Yao Jiao Di Temple (Jurong Temple)", "Main_God_Ch": "庆寿坛邱公圣侯", "Main_God_English": null, "Main_God_ID_1": null, "Address": "741 Jurong West Street 42, #01-01", "Postal_Code": 649369, "ADDRESS_1": "741 JURONG WEST STREET 42", "X": 15830.9311012281, "Y": 37229.019425202197, "LATITUDE": 1.3529580690432701, "LONGITUDE": 103.72397175928501 }, "geometry": { "type": "Point", "coordinates": [ 103.723971759273809, 1.352958068815356 ] } },
{ "type": "Feature", "properties": { "OBJECTID": 432, "TempleID": 687, "Main_God_ID": 191, "SCNTemple": "琼瑶教邸", "TCNTemple": "瓊瑤教邸", "ENTemple": "Qiong Yao Jiao Di Temple (Jurong Temple)", "Main_God_Ch": "卢士元仙长", "Main_God_English": null, "Main_God_ID_1": null, "Address": "741 Jurong West Street 42, #01-01", "Postal_Code": 649369, "ADDRESS_1": "741 JURONG WEST STREET 42", "X": 15830.9311012281, "Y": 37229.019425202197, "LATITUDE": 1.3529580690432701, "LONGITUDE": 103.72397175928501 }, "geometry": { "type": "Point", "coordinates": [ 103.723971759273809, 1.352958068815356 ] } },
{ "type": "Feature", "properties": { "OBJECTID": 433, "TempleID": 687, "Main_God_ID": 59, "SCNTemple": "琼瑶教邸", "TCNTemple": "瓊瑤教邸", "ENTemple": "Qiong Yao Jiao Di Temple (Jurong Temple)", "Main_God_Ch": "雷声普化天尊", "Main_God_English": null, "Main_God_ID_1": null, "Address": "741 Jurong West Street 42, #01-01", "Postal_Code": 649369, "ADDRESS_1": "741 JURONG WEST STREET 42", "X": 15830.9311012281, "Y": 37229.019425202197, "LATITUDE": 1.3529580690432701, "LONGITUDE": 103.72397175928501 }, "geometry": { "type": "Point", "coordinates": [ 103.723971759273809, 1.352958068815356 ] } },
{ "type": "Feature", "properties": { "OBJECTID": 434, "TempleID": 687, "Main_God_ID": 69, "SCNTemple": "琼瑶教邸", "TCNTemple": "瓊瑤教邸", "ENTemple": "Qiong Yao Jiao Di Temple (Jurong Temple)", "Main_God_Ch": "元晖谢仙师", "Main_God_English": null, "Main_God_ID_1": null, "Address": "741 Jurong West Street 42, #01-01", "Postal_Code": 649369, "ADDRESS_1": "741 JURONG WEST STREET 42", "X": 15830.9311012281, "Y": 37229.019425202197, "LATITUDE": 1.3529580690432701, "LONGITUDE": 103.72397175928501 }, "geometry": { "type": "Point", "coordinates": [ 103.723971759273809, 1.352958068815356 ] } },
{ "type": "Feature", "properties": { "OBJECTID": 435, "TempleID": 687, "Main_God_ID": 88, "SCNTemple": "琼瑶教邸", "TCNTemple": "瓊瑤教邸", "ENTemple": "Qiong Yao Jiao Di Temple (Jurong Temple)", "Main_God_Ch": "斗拇元君", "Main_God_English": null, "Main_God_ID_1": null, "Address": "741 Jurong West Street 42, #01-01", "Postal_Code": 649369, "ADDRESS_1": "741 JURONG WEST STREET 42", "X": 15830.9311012281, "Y": 37229.019425202197, "LATITUDE": 1.3529580690432701, "LONGITUDE": 103.72397175928501 }, "geometry": { "type": "Point", "coordinates": [ 103.723971759273809, 1.352958068815356 ] } },
{ "type": "Feature", "properties": { "OBJECTID": 436, "TempleID": 687, "Main_God_ID": 89, "SCNTemple": "琼瑶教邸", "TCNTemple": "瓊瑤教邸", "ENTemple": "Qiong Yao Jiao Di Temple (Jurong Temple)", "Main_God_Ch": "善德陈仙师", "Main_God_English": null, "Main_God_ID_1": null, "Address": "741 Jurong West Street 42, #01-01", "Postal_Code": 649369, "ADDRESS_1": "741 JURONG WEST STREET 42", "X": 15830.9311012281, "Y": 37229.019425202197, "LATITUDE": 1.3529580690432701, "LONGITUDE": 103.72397175928501 }, "geometry": { "type": "Point", "coordinates": [ 103.723971759273809, 1.352958068815356 ] } },
{ "type": "Feature", "properties": { "OBJECTID": 437, "TempleID": 687, "Main_God_ID": 154, "SCNTemple": "琼瑶教邸", "TCNTemple": "瓊瑤教邸", "ENTemple": "Qiong Yao Jiao Di Temple (Jurong Temple)", "Main_God_Ch": "晚春卓真人", "Main_God_English": null, "Main_God_ID_1": null, "Address": "741 Jurong West Street 42, #01-01", "Postal_Code": 649369, "ADDRESS_1": "741 JURONG WEST STREET 42", "X": 15830.9311012281, "Y": 37229.019425202197, "LATITUDE": 1.3529580690432701, "LONGITUDE": 103.72397175928501 }, "geometry": { "type": "Point", "coordinates": [ 103.723971759273809, 1.352958068815356 ] } },
{ "type": "Feature", "properties": { "OBJECTID": 438, "TempleID": 687, "Main_God_ID": 110, "SCNTemple": "琼瑶教邸", "TCNTemple": "瓊瑤教邸", "ENTemple": "Qiong Yao Jiao Di Temple (Jurong Temple)", "Main_God_Ch": "欧氏仙妃", "Main_God_English": null, "Main_God_ID_1": null, "Address": "741 Jurong West Street 42, #01-01", "Postal_Code": 649369, "ADDRESS_1": "741 JURONG WEST STREET 42", "X": 15830.9311012281, "Y": 37229.019425202197, "LATITUDE": 1.3529580690432701, "LONGITUDE": 103.72397175928501 }, "geometry": { "type": "Point", "coordinates": [ 103.723971759273809, 1.352958068815356 ] } },
{ "type": "Feature", "properties": { "OBJECTID": 439, "TempleID": 688, "Main_God_ID": 51, "SCNTemple": "琼瑶仙教", "TCNTemple": "瓊瑤仙教", "ENTemple": "Qiong Yao Xian Jiao ", "Main_God_Ch": "何氏九仙翁暨文武列圣", "Main_God_English": null, "Main_God_ID_1": null, "Address": "10 C Lorong 22 Geylang", "Postal_Code": 398669, "ADDRESS_1": "10 LORONG 22 GEYLANG", "X": 33394.2971053496, "Y": 32742.551110330998, "LATITUDE": 1.3123860473192099, "LONGITUDE": 103.881788998318 }, "geometry": { "type": "Point", "coordinates": [ 103.881788998269428, 1.312386047225792 ] } },
{ "type": "Feature", "properties": { "OBJECTID": 440, "TempleID": 688, "Main_God_ID": 99, "SCNTemple": "琼瑶仙教", "TCNTemple": "瓊瑤仙教", "ENTemple": "Qiong Yao Xian Jiao ", "Main_God_Ch": "卢士元仙长", "Main_God_English": null, "Main_God_ID_1": null, "Address": "10 C Lorong 22 Geylang", "Postal_Code": 398669, "ADDRESS_1": "10 LORONG 22 GEYLANG", "X": 33394.2971053496, "Y": 32742.551110330998, "LATITUDE": 1.3123860473192099, "LONGITUDE": 103.881788998318 }, "geometry": { "type": "Point", "coordinates": [ 103.881788998269428, 1.312386047225792 ] } },
{ "type": "Feature", "properties": { "OBJECTID": 441, "TempleID": 689, "Main_God_ID": 9, "SCNTemple": "琼州天后宫", "TCNTemple": "瓊州天后宮", "ENTemple": "Qiong Zhou Tian Hou Gong", "Main_God_Ch": "上阳卓真人", "Main_God_English": null, "Main_God_ID_1": 9, "Address": "47 Beach Road", "Postal_Code": 189683, "ADDRESS_1": "47 BEACH ROAD", "X": 30516.393150462802, "Y": 30975.811503799599, "LATITUDE": 1.2964086475829999, "LONGITUDE": 103.85592947192799 }, "geometry": { "type": "Point", "coordinates": [ 103.855929472372836, 1.296408647548636 ] } },
{ "type": "Feature", "properties": { "OBJECTID": 442, "TempleID": 690, "Main_God_ID": 111, "SCNTemple": "全盛宫", "TCNTemple": "全盛宮", "ENTemple": "Feng Shan Tang Jin Fa Dian Quan Sheng Gong", "Main_God_Ch": "妈祖", "Main_God_English": "Heavenly Empress", "Main_God_ID_1": 111, "Address": "4 \\ 6 \\ 8 Ang Mo Kio St 63 Avenue 9, Singapore", "Postal_Code": 569112, "ADDRESS_1": "4 ANG MO KIO STREET 63", "X": 29709.883564681699, "Y": 40834.475752206497, "LATITUDE": 1.3855669588009001, "LONGITUDE": 103.848683186285 }, "geometry": { "type": "Point", "coordinates": [ 103.848683186602173, 1.38556695923313 ] } },
{ "type": "Feature", "properties": { "OBJECTID": 443, "TempleID": 695, "Main_God_ID": 1, "SCNTemple": "如是我闻", "TCNTemple": "如是我聞", "ENTemple": "Ru Shi Wo Wen", "Main_God_Ch": "余府大人", "Main_God_English": null, "Main_God_ID_1": 1, "Address": "34 Lorong Kilat", "Postal_Code": 598133, "ADDRESS_1": "34 LORONG KILAT", "X": 21257.7896210281, "Y": 35962.575144553601, "LATITUDE": 1.34150652227392, "LONGITUDE": 103.772735790098 }, "geometry": { "type": "Point", "coordinates": [ 103.772735789908268, 1.341506521870982 ] } },
{ "type": "Feature", "properties": { "OBJECTID": 444, "TempleID": 697, "Main_God_ID": 190, "SCNTemple": "三安府", "TCNTemple": "三安府", "ENTemple": "San An Fu", "Main_God_Ch": "释迦牟尼佛", "Main_God_English": "Sakyamuni Buddha", "Main_God_ID_1": 190, "Address": "4 \\ 6 \\ 8 Ang Mo Kio St 63", "Postal_Code": 569112, "ADDRESS_1": "4 ANG MO KIO STREET 63", "X": 29709.883564681699, "Y": 40834.475752206497, "LATITUDE": 1.3855669588009001, "LONGITUDE": 103.848683186285 }, "geometry": { "type": "Point", "coordinates": [ 103.848683186602173, 1.38556695923313 ] } },
{ "type": "Feature", "properties": { "OBJECTID": 445, "TempleID": 698, "Main_God_ID": 90, "SCNTemple": "三巴旺财神庙", "TCNTemple": "三巴旺財神廟", "ENTemple": "Sembawang God of Wealth Temple", "Main_God_Ch": "陈府三位大人", "Main_God_English": null, "Main_God_ID_1": null, "Address": "28 Admiralty Street", "Postal_Code": 757611, "ADDRESS_1": "28 ADMIRALTY STREET", "X": 25527.905869107701, "Y": 49153.728721417501, "LATITUDE": 1.46080321663334, "LONGITUDE": 103.81110420799401 }, "geometry": { "type": "Point", "coordinates": [ 103.811104208271431, 1.460803216439658 ] } },
{ "type": "Feature", "properties": { "OBJECTID": 446, "TempleID": 698, "Main_God_ID": 100, "SCNTemple": "三巴旺财神庙", "TCNTemple": "三巴旺財神廟", "ENTemple": "Sembawang God of Wealth Temple", "Main_God_Ch": "正财神纣王叔比干", "Main_God_English": "Principal God of Wealth ", "Main_God_ID_1": null, "Address": "28 Admiralty Street", "Postal_Code": 757611, "ADDRESS_1": "28 ADMIRALTY STREET", "X": 25527.905869107701, "Y": 49153.728721417501, "LATITUDE": 1.46080321663334, "LONGITUDE": 103.81110420799401 }, "geometry": { "type": "Point", "coordinates": [ 103.811104208271431, 1.460803216439658 ] } },
{ "type": "Feature", "properties": { "OBJECTID": 447, "TempleID": 698, "Main_God_ID": 147, "SCNTemple": "三巴旺财神庙", "TCNTemple": "三巴旺財神廟", "ENTemple": "Sembawang God of Wealth Temple", "Main_God_Ch": "中路财神赵公明元帅", "Main_God_English": "Middle Path God of Wealth ", "Main_God_ID_1": null, "Address": "28 Admiralty Street", "Postal_Code": 757611, "ADDRESS_1": "28 ADMIRALTY STREET", "X": 25527.905869107701, "Y": 49153.728721417501, "LATITUDE": 1.46080321663334, "LONGITUDE": 103.81110420799401 }, "geometry": { "type": "Point", "coordinates": [ 103.811104208271431, 1.460803216439658 ] } },
{ "type": "Feature", "properties": { "OBJECTID": 448, "TempleID": 701, "Main_God_ID": 9, "SCNTemple": "三巴旺天后宫", "TCNTemple": "三巴旺天后宮", "ENTemple": "Sembawang Tian Ho Keng", "Main_God_Ch": "文财神陶朱公范蠡", "Main_God_English": "Civil God of Wealth", "Main_God_ID_1": 9, "Address": "24 Admiralty Street", "Postal_Code": 757612, "ADDRESS_1": "24 ADMIRALTY STREET", "X": 25566.858705929499, "Y": 49172.268890555897, "LATITUDE": 1.4609708906141401, "LONGITUDE": 103.811454238632 }, "geometry": { "type": "Point", "coordinates": [ 103.811454238578904, 1.460970890699547 ] } },
{ "type": "Feature", "properties": { "OBJECTID": 449, "TempleID": 702, "Main_God_ID": 90, "SCNTemple": "三巴旺天云殿财神庙", "TCNTemple": "三巴旺天雲殿財神廟", "ENTemple": "Sembawang Tian Hoon Tien (God of Wealth Temple)", "Main_God_Ch": "妈祖", "Main_God_English": "Heavenly Empress", "Main_God_ID_1": null, "Address": "28 Admiralty Street", "Postal_Code": 757611, "ADDRESS_1": "28 ADMIRALTY STREET", "X": 25527.905869107701, "Y": 49153.728721417501, "LATITUDE": 1.46080321663334, "LONGITUDE": 103.81110420799401 }, "geometry": { "type": "Point", "coordinates": [ 103.811104208271431, 1.460803216439658 ] } },
{ "type": "Feature", "properties": { "OBJECTID": 450, "TempleID": 702, "Main_God_ID": 52, "SCNTemple": "三巴旺天云殿财神庙", "TCNTemple": "三巴旺天雲殿財神廟", "ENTemple": "Sembawang Tian Hoon Tien (God of Wealth Temple)", "Main_God_Ch": "正财神纣王叔比干", "Main_God_English": "Principal God of Wealth ", "Main_God_ID_1": null, "Address": "28 Admiralty Street", "Postal_Code": 757611, "ADDRESS_1": "28 ADMIRALTY STREET", "X": 25527.905869107701, "Y": 49153.728721417501, "LATITUDE": 1.46080321663334, "LONGITUDE": 103.81110420799401 }, "geometry": { "type": "Point", "coordinates": [ 103.811104208271431, 1.460803216439658 ] } },
{ "type": "Feature", "properties": { "OBJECTID": 451, "TempleID": 702, "Main_God_ID": 204, "SCNTemple": "三巴旺天云殿财神庙", "TCNTemple": "三巴旺天雲殿財神廟", "ENTemple": "Sembawang Tian Hoon Tien (God of Wealth Temple)", "Main_God_Ch": "文财神", "Main_God_English": "Civil God of Wealth", "Main_God_ID_1": null, "Address": "28 Admiralty Street", "Postal_Code": 757611, "ADDRESS_1": "28 ADMIRALTY STREET", "X": 25527.905869107701, "Y": 49153.728721417501, "LATITUDE": 1.46080321663334, "LONGITUDE": 103.81110420799401 }, "geometry": { "type": "Point", "coordinates": [ 103.811104208271431, 1.460803216439658 ] } },
{ "type": "Feature", "properties": { "OBJECTID": 452, "TempleID": 708, "Main_God_ID": 98, "SCNTemple": "三皇五帝", "TCNTemple": "三皇五帝", "ENTemple": "San Wang Wu Ti Religious Society", "Main_God_Ch": "大伯公", "Main_God_English": "Tua Bek Kong", "Main_God_ID_1": 98, "Address": "151 Braddell Rd", "Postal_Code": 359934, "ADDRESS_1": "151 BRADDELL ROAD", "X": 31204.370406280301, "Y": 36150.030034342803, "LATITUDE": 1.34320238229047, "LONGITUDE": 103.862111785774 }, "geometry": { "type": "Point", "coordinates": [ 103.862111785717559, 1.343202381979888 ] } },
{ "type": "Feature", "properties": { "OBJECTID": 453, "TempleID": 714, "Main_God_ID": 28, "SCNTemple": "三清宫", "TCNTemple": "三清宮", "ENTemple": "San Qing Gong", "Main_God_Ch": "三皇五帝", "Main_God_English": null, "Main_God_ID_1": 28, "Address": " 21 Bedok North Ave 4", "Postal_Code": 489948, "ADDRESS_1": "21 BEDOK NORTH AVENUE 4", "X": 40938.676222145601, "Y": 35241.119047038301, "LATITUDE": 1.3349799191856699, "LONGITUDE": 103.949579950322 }, "geometry": { "type": "Point", "coordinates": [ 103.949579950122754, 1.334979918760297 ] } },
{ "type": "Feature", "properties": { "OBJECTID": 454, "TempleID": 724, "Main_God_ID": 4, "SCNTemple": "三中宫", "TCNTemple": "三中宮", "ENTemple": "San Zhong Gong", "Main_God_Ch": "七王府大人", "Main_God_English": "Seven Lords", "Main_God_ID_1": 4, "Address": "2 Teck Whye Lane ", "Postal_Code": 688799, "ADDRESS_1": "2 TECK WHYE LANE", "X": 19131.687869040299, "Y": 40335.5252328403, "LATITUDE": 1.38105333431883, "LONGITUDE": 103.75363020783701 }, "geometry": { "type": "Point", "coordinates": [ 103.753630208114615, 1.381053334021846 ] } },
{ "type": "Feature", "properties": { "OBJECTID": 457, "TempleID": 730, "Main_God_ID": 3, "SCNTemple": "善德堂", "TCNTemple": "善德堂", "ENTemple": "Sian Teck Tng Vegetarian Convent", "Main_God_Ch": "释迦牟尼佛", "Main_God_English": "Sakyamuni Buddha", "Main_God_ID_1": 3, "Address": "57 Cuppage Road", "Postal_Code": 229468, "ADDRESS_1": "57 CUPPAGE ROAD", "X": 28768.6262728246, "Y": 31728.933814538599, "LATITUDE": 1.30321971266724, "LONGITUDE": 103.84022504099499 }, "geometry": { "type": "Point", "coordinates": [ 103.840225041239307, 1.303219712535765 ] } },
{ "type": "Feature", "properties": { "OBJECTID": 458, "TempleID": 731, "Main_God_ID": 5, "SCNTemple": "上帝庙", "TCNTemple": "上帝廟", "ENTemple": "Shang Di Miao", "Main_God_Ch": "观世音菩萨", "Main_God_English": "Goddess of Mercy", "Main_God_ID_1": null, "Address": "10 Marsiling Industrial Estate Road 3", "Postal_Code": 739254, "ADDRESS_1": "10 MARSILING INDUSTRIAL ESTATE ROAD 3", "X": 22378.533362478, "Y": 46788.270811259703, "LATITUDE": 1.43941042222747, "LONGITUDE": 103.782804257712 }, "geometry": { "type": "Point", "coordinates": [ 103.782804258049069, 1.439410422125654 ] } },
{ "type": "Feature", "properties": { "OBJECTID": 459, "TempleID": 731, "Main_God_ID": 12, "SCNTemple": "上帝庙", "TCNTemple": "上帝廟", "ENTemple": "Shang Di Miao", "Main_God_Ch": "玄天上帝", "Main_God_English": null, "Main_God_ID_1": null, "Address": "10 Marsiling Industrial Estate Road 3", "Postal_Code": 739254, "ADDRESS_1": "10 MARSILING INDUSTRIAL ESTATE ROAD 3", "X": 22378.533362478, "Y": 46788.270811259703, "LATITUDE": 1.43941042222747, "LONGITUDE": 103.782804257712 }, "geometry": { "type": "Point", "coordinates": [ 103.782804258049069, 1.439410422125654 ] } },
{ "type": "Feature", "properties": { "OBJECTID": 460, "TempleID": 732, "Main_God_ID": 14, "SCNTemple": "善法殿", "TCNTemple": "善法殿", "ENTemple": "Shan Fa Dian ", "Main_God_Ch": "济公活佛", "Main_God_English": null, "Main_God_ID_1": null, "Address": "BLK 13 NO 682 Geylang Lorong 3 ", "Postal_Code": 389042, "ADDRESS_1": "682 LORONG 3 GEYLANG", "X": 32448.0774078295, "Y": 33389.537071427301, "LATITUDE": 1.3182373096917299, "LONGITUDE": 103.87328684239 }, "geometry": { "type": "Point", "coordinates": [ 103.87328684231899, 1.318237309950138 ] } },
{ "type": "Feature", "properties": { "OBJECTID": 461, "TempleID": 732, "Main_God_ID": 16, "SCNTemple": "善法殿", "TCNTemple": "善法殿", "ENTemple": "Shan Fa Dian ", "Main_God_Ch": "朱府大人", "Main_God_English": "Lord Zhu", "Main_God_ID_1": null, "Address": "BLK 13 NO 682 Geylang Lorong 3 ", "Postal_Code": 389042, "ADDRESS_1": "682 LORONG 3 GEYLANG", "X": 32448.0774078295, "Y": 33389.537071427301, "LATITUDE": 1.3182373096917299, "LONGITUDE": 103.87328684239 }, "geometry": { "type": "Point", "coordinates": [ 103.87328684231899, 1.318237309950138 ] } },
{ "type": "Feature", "properties": { "OBJECTID": 462, "TempleID": 732, "Main_God_ID": 17, "SCNTemple": "善法殿", "TCNTemple": "善法殿", "ENTemple": "Shan Fa Dian ", "Main_God_Ch": "邢府大人", "Main_God_English": "Lord Xing", "Main_God_ID_1": null, "Address": "BLK 13 NO 682 Geylang Lorong 3 ", "Postal_Code": 389042, "ADDRESS_1": "682 LORONG 3 GEYLANG", "X": 32448.0774078295, "Y": 33389.537071427301, "LATITUDE": 1.3182373096917299, "LONGITUDE": 103.87328684239 }, "geometry": { "type": "Point", "coordinates": [ 103.87328684231899, 1.318237309950138 ] } },
{ "type": "Feature", "properties": { "OBJECTID": 463, "TempleID": 735, "Main_God_ID": 15, "SCNTemple": "善莲山宫", "TCNTemple": "善蓮山宮", "ENTemple": "Shan Lian Shan Gong", "Main_God_Ch": "李府大人", "Main_God_English": "Lord Li", "Main_God_ID_1": 15, "Address": "7 Bedok North Street 5, Ave 4", "Postal_Code": 485874, "ADDRESS_1": "7 BEDOK NORTH STREET 5", "X": 40873.876736792699, "Y": 35283.1169640925, "LATITUDE": 1.3353597603096301, "LONGITUDE": 103.948997708608 }, "geometry": { "type": "Point", "coordinates": [ 103.948997708277474, 1.335359760634384 ] } },
{ "type": "Feature", "properties": { "OBJECTID": 464, "TempleID": 736, "Main_God_ID": 3, "SCNTemple": "善莲堂（南海观音佛祖）", "TCNTemple": "善蓮堂（南海觀音佛祖）", "ENTemple": "Shan Lian Tang", "Main_God_Ch": "善财童子", "Main_God_English": "Sudhana", "Main_God_ID_1": null, "Address": "18 Admiralty Street", "Postal_Code": 757439, "ADDRESS_1": "18 ADMIRALTY STREET", "X": 25494.665206173398, "Y": 49251.135693753102, "LATITUDE": 1.46168412674554, "LONGITUDE": 103.81080549685601 }, "geometry": { "type": "Point", "coordinates": [ 103.81080549680037, 1.461684126802044 ] } },
{ "type": "Feature", "properties": { "OBJECTID": 465, "TempleID": 736, "Main_God_ID": 1, "SCNTemple": "善莲堂（南海观音佛祖）", "TCNTemple": "善蓮堂（南海觀音佛祖）", "ENTemple": "Shan Lian Tang", "Main_God_Ch": "观世音菩萨", "Main_God_English": "Goddess of Mercy", "Main_God_ID_1": null, "Address": "18 Admiralty Street", "Postal_Code": 757439, "ADDRESS_1": "18 ADMIRALTY STREET", "X": 25494.665206173398, "Y": 49251.135693753102, "LATITUDE": 1.46168412674554, "LONGITUDE": 103.81080549685601 }, "geometry": { "type": "Point", "coordinates": [ 103.81080549680037, 1.461684126802044 ] } },
{ "type": "Feature", "properties": { "OBJECTID": 466, "TempleID": 736, "Main_God_ID": 12, "SCNTemple": "善莲堂（南海观音佛祖）", "TCNTemple": "善蓮堂（南海觀音佛祖）", "ENTemple": "Shan Lian Tang", "Main_God_Ch": "释迦牟尼佛", "Main_God_English": "Sakyamuni Buddha", "Main_God_ID_1": null, "Address": "18 Admiralty Street", "Postal_Code": 757439, "ADDRESS_1": "18 ADMIRALTY STREET", "X": 25494.665206173398, "Y": 49251.135693753102, "LATITUDE": 1.46168412674554, "LONGITUDE": 103.81080549685601 }, "geometry": { "type": "Point", "coordinates": [ 103.81080549680037, 1.461684126802044 ] } },
{ "type": "Feature", "properties": { "OBJECTID": 467, "TempleID": 737, "Main_God_ID": 15, "SCNTemple": "善灵坛道教会", "TCNTemple": "善靈壇道教會", "ENTemple": "Shan Ling Tuah Society", "Main_God_Ch": "济公活佛", "Main_God_English": null, "Main_God_ID_1": 15, "Address": "Blk 310A Anchorvale Rd #01-31", "Postal_Code": 541310, "ADDRESS_1": "310A ANCHORVALE ROAD", "X": 33754.2441795915, "Y": 41424.821538051598, "LATITUDE": 1.39090531481991, "LONGITUDE": 103.885024959643 }, "geometry": { "type": "Point", "coordinates": [ 103.885024959826538, 1.390905314475785 ] } },
{ "type": "Feature", "properties": { "OBJECTID": 468, "TempleID": 742, "Main_God_ID": 15, "SCNTemple": "善兴坛", "TCNTemple": "善興壇", "ENTemple": "Shan Xing Tang", "Main_God_Ch": "善财童子", "Main_God_English": "Sudhana", "Main_God_ID_1": null, "Address": "13 Choa Chu Kang Street 51 ", "Postal_Code": 689335, "ADDRESS_1": "13 CHOA CHU KANG STREET 51", "X": 17934.131612447101, "Y": 41508.878785900801, "LATITUDE": 1.3916643223998799, "LONGITUDE": 103.742868881167 }, "geometry": { "type": "Point", "coordinates": [ 103.74286888105496, 1.391664322527376 ] } },
{ "type": "Feature", "properties": { "OBJECTID": 469, "TempleID": 742, "Main_God_ID": 48, "SCNTemple": "善兴坛", "TCNTemple": "善興壇", "ENTemple": "Shan Xing Tang", "Main_God_Ch": "善财童子", "Main_God_English": "Sudhana", "Main_God_ID_1": null, "Address": "13 Choa Chu Kang Street 51 ", "Postal_Code": 689335, "ADDRESS_1": "13 CHOA CHU KANG STREET 51", "X": 17934.131612447101, "Y": 41508.878785900801, "LATITUDE": 1.3916643223998799, "LONGITUDE": 103.742868881167 }, "geometry": { "type": "Point", "coordinates": [ 103.74286888105496, 1.391664322527376 ] } },
{ "type": "Feature", "properties": { "OBJECTID": 470, "TempleID": 742, "Main_God_ID": 3, "SCNTemple": "善兴坛", "TCNTemple": "善興壇", "ENTemple": "Shan Xing Tang", "Main_God_Ch": "药师佛", "Main_God_English": null, "Main_God_ID_1": null, "Address": "13 Choa Chu Kang Street 51 ", "Postal_Code": 689335, "ADDRESS_1": "13 CHOA CHU KANG STREET 51", "X": 17934.131612447101, "Y": 41508.878785900801, "LATITUDE": 1.3916643223998799, "LONGITUDE": 103.742868881167 }, "geometry": { "type": "Point", "coordinates": [ 103.74286888105496, 1.391664322527376 ] } },
{ "type": "Feature", "properties": { "OBJECTID": 471, "TempleID": 748, "Main_God_ID": 63, "SCNTemple": "山竹园福德祠（粤人）", "TCNTemple": "山竹园福德祠（粤人）", "ENTemple": "Shan Zhu Yuan Fu De Ci", "Main_God_Ch": "观世音菩萨", "Main_God_English": "Goddess of Mercy", "Main_God_ID_1": null, "Address": "177N Lorong 7 Toa Payoh", "Postal_Code": 319318, "ADDRESS_1": "177Q LORONG 7 TOA PAYOH", "X": 30577.1694759559, "Y": 35642.104694590002, "LATITUDE": 1.3386089464329201, "LONGITUDE": 103.856475963154 }, "geometry": { "type": "Point", "coordinates": [ 103.856475963369775, 1.338608946481839 ] } },
{ "type": "Feature", "properties": { "OBJECTID": 472, "TempleID": 748, "Main_God_ID": 64, "SCNTemple": "山竹园福德祠（粤人）", "TCNTemple": "山竹园福德祠（粤人）", "ENTemple": "Shan Zhu Yuan Fu De Ci", "Main_God_Ch": "土地公", "Main_God_English": null, "Main_God_ID_1": null, "Address": "177N Lorong 7 Toa Payoh", "Postal_Code": 319318, "ADDRESS_1": "177Q LORONG 7 TOA PAYOH", "X": 30577.1694759559, "Y": 35642.104694590002, "LATITUDE": 1.3386089464329201, "LONGITUDE": 103.856475963154 }, "geometry": { "type": "Point", "coordinates": [ 103.856475963369775, 1.338608946481839 ] } },
{ "type": "Feature", "properties": { "OBJECTID": 473, "TempleID": 750, "Main_God_ID": 5, "SCNTemple": "上法公坛", "TCNTemple": "上法公壇", "ENTemple": "Shang Fa Gong Tan", "Main_God_Ch": "土地婆", "Main_God_English": null, "Main_God_ID_1": 5, "Address": "BLK540 Jurong West Ave 1 #01-1098", "Postal_Code": 640540, "ADDRESS_1": "540 JURONG WEST AVENUE 1", "X": 14871.261431659599, "Y": 36967.451379593498, "LATITUDE": 1.3505921391885201, "LONGITUDE": 103.715348643271 }, "geometry": { "type": "Point", "coordinates": [ 103.715348642986442, 1.350592139373063 ] } },
{ "type": "Feature", "properties": { "OBJECTID": 474, "TempleID": 759, "Main_God_ID": 10, "SCNTemple": "圣家庙", "TCNTemple": "聖家廟", "ENTemple": "Sheng Jia Temple Association", "Main_God_Ch": "玄天上帝", "Main_God_English": null, "Main_God_ID_1": 10, "Address": "3 Tebing Lane, Punggol East #01-01", "Postal_Code": 828849, "ADDRESS_1": "3 TEBING LANE", "X": 37147.072582249501, "Y": 41577.2423263378, "LATITUDE": 1.39228288221438, "LONGITUDE": 103.91551220493101 }, "geometry": { "type": "Point", "coordinates": [ 103.915512205090522, 1.392282881976191 ] } },
{ "type": "Feature", "properties": { "OBJECTID": 475, "TempleID": 764, "Main_God_ID": 41, "SCNTemple": "圣王宫", "TCNTemple": "聖王宮", "ENTemple": "Sheng Wang Gong", "Main_God_Ch": "齐天大圣", "Main_God_English": "Monkey King", "Main_God_ID_1": 41, "Address": "66 Geylang Lor 24A", "Postal_Code": 398590, "ADDRESS_1": "66 LORONG 24A GEYLANG", "X": 33629.3714032024, "Y": 32627.883063580801, "LATITUDE": 1.3113489882931399, "LONGITUDE": 103.883901235428 }, "geometry": { "type": "Point", "coordinates": [ 103.883901235398767, 1.311348988622502 ] } },
{ "type": "Feature", "properties": { "OBJECTID": 476, "TempleID": 767, "Main_God_ID": 185, "SCNTemple": "圣旨宫", "TCNTemple": "聖旨宫", "ENTemple": "Sheng Zhi Gong", "Main_God_Ch": "开漳圣王", "Main_God_English": null, "Main_God_ID_1": 185, "Address": "Blk 116 Pending Rd #04-218", "Postal_Code": 670116, "ADDRESS_1": "116 PENDING ROAD", "X": 20799.492000325601, "Y": 39906.305973291397, "LATITUDE": 1.3771720895678601, "LONGITUDE": 103.768616764304 }, "geometry": { "type": "Point", "coordinates": [ 103.768616764300262, 1.377172089809408 ] } },
{ "type": "Feature", "properties": { "OBJECTID": 477, "TempleID": 775, "Main_God_ID": 11, "SCNTemple": "实龙岗北协灵坛", "TCNTemple": "實龍崗北協靈壇", "ENTemple": "Serangoon North Hiep Leng Tuan", "Main_God_Ch": "金财童子", "Main_God_English": null, "Main_God_ID_1": 11, "Address": "7030 Ang Mo Kio Avenue 5 #B1-05", "Postal_Code": 569880, "ADDRESS_1": "7030 ANG MO KIO AVENUE 5", "X": 32700.669149919398, "Y": 39939.093645581997, "LATITUDE": 1.37746911720529, "LONGITUDE": 103.875557528876 }, "geometry": { "type": "Point", "coordinates": [ 103.875557528427365, 1.377469116793073 ] } },
{ "type": "Feature", "properties": { "OBJECTID": 478, "TempleID": 776, "Main_God_ID": 11, "SCNTemple": "石牛洞", "TCNTemple": "石牛洞", "ENTemple": "Shi Niu Dong Temple", "Main_God_Ch": "张公圣君", "Main_God_English": null, "Main_God_ID_1": 11, "Address": "33 Geylang Lorong 24", "Postal_Code": 398633, "ADDRESS_1": "33 LORONG 24 GEYLANG", "X": 33593.585384446204, "Y": 32675.484734604099, "LATITUDE": 1.31177948736105, "LONGITUDE": 103.88357968920999 }, "geometry": { "type": "Point", "coordinates": [ 103.883579689349176, 1.311779487048099 ] } },
{ "type": "Feature", "properties": { "OBJECTID": 479, "TempleID": 778, "Main_God_ID": 11, "SCNTemple": "石雾洞 ", "TCNTemple": "石霧洞 ", "ENTemple": "Cheo Bu Tong Temple", "Main_God_Ch": "张公圣君", "Main_God_English": null, "Main_God_ID_1": null, "Address": "11 Bedok North Street 5, Ave 4", "Postal_Code": 485876, "ADDRESS_1": "11 BEDOK NORTH STREET 5", "X": 40873.346986541503, "Y": 35283.396609993702, "LATITUDE": 1.3353622895482, "LONGITUDE": 103.948992948625 }, "geometry": { "type": "Point", "coordinates": [ 103.948992948745385, 1.335362289457826 ] } },
{ "type": "Feature", "properties": { "OBJECTID": 480, "TempleID": 778, "Main_God_ID": 87, "SCNTemple": "石雾洞 ", "TCNTemple": "石霧洞 ", "ENTemple": "Cheo Bu Tong Temple", "Main_God_Ch": "张公圣君", "Main_God_English": null, "Main_God_ID_1": null, "Address": "11 Bedok North Street 5, Ave 4", "Postal_Code": 485876, "ADDRESS_1": "11 BEDOK NORTH STREET 5", "X": 40873.346986541503, "Y": 35283.396609993702, "LATITUDE": 1.3353622895482, "LONGITUDE": 103.948992948625 }, "geometry": { "type": "Point", "coordinates": [ 103.948992948745385, 1.335362289457826 ] } },
{ "type": "Feature", "properties": { "OBJECTID": 481, "TempleID": 778, "Main_God_ID": 80, "SCNTemple": "石雾洞 ", "TCNTemple": "石霧洞 ", "ENTemple": "Cheo Bu Tong Temple", "Main_God_Ch": "章公圣君", "Main_God_English": null, "Main_God_ID_1": null, "Address": "11 Bedok North Street 5, Ave 4", "Postal_Code": 485876, "ADDRESS_1": "11 BEDOK NORTH STREET 5", "X": 40873.346986541503, "Y": 35283.396609993702, "LATITUDE": 1.3353622895482, "LONGITUDE": 103.948992948625 }, "geometry": { "type": "Point", "coordinates": [ 103.948992948745385, 1.335362289457826 ] } },
{ "type": "Feature", "properties": { "OBJECTID": 482, "TempleID": 780, "Main_God_ID": 73, "SCNTemple": "石竹庙", "TCNTemple": "石竹廟", "ENTemple": "Shi Zhu Miao", "Main_God_Ch": "肖公圣君", "Main_God_English": null, "Main_God_ID_1": 73, "Address": "397 Bt Batok West Ave 8", "Postal_Code": 658964, "ADDRESS_1": "397 BUKIT BATOK WEST AVENUE 8", "X": 17619.083580964201, "Y": 36585.9680295773, "LATITUDE": 1.3471432239435399, "LONGITUDE": 103.740039652137 }, "geometry": { "type": "Point", "coordinates": [ 103.740039652307956, 1.347143223676069 ] } },
{ "type": "Feature", "properties": { "OBJECTID": 483, "TempleID": 781, "Main_God_ID": 73, "SCNTemple": "石竹庙", "TCNTemple": "石竹廟", "ENTemple": "Cheo Teik Temple", "Main_God_Ch": "武德英侯章三相公", "Main_God_English": "Bo Teck Yin Ho", "Main_God_ID_1": 73, "Address": "486 Serangoon North Avenue 1", "Postal_Code": 555892, "ADDRESS_1": "7 SERANGOON NORTH AVENUE 1", "X": 32323.415387411598, "Y": 38506.363055449001, "LATITUDE": 1.36451207455373, "LONGITUDE": 103.87216741968901 }, "geometry": { "type": "Point", "coordinates": [ 103.872167419801556, 1.364512074956634 ] } },
{ "type": "Feature", "properties": { "OBJECTID": 484, "TempleID": 782, "Main_God_ID": 2, "SCNTemple": "树头伯公", "TCNTemple": "樹頭伯公", "ENTemple": "Shu Tou Bo Gong", "Main_God_Ch": "武德英侯章三相公", "Main_God_English": "Bo Teck Yin Ho", "Main_God_ID_1": null, "Address": "Blk 860A, Tampines Ave 5 #01-623", "Postal_Code": 521860, "ADDRESS_1": "860A TAMPINES AVENUE 5", "X": 39722.222482867503, "Y": 37505.770194124401, "LATITUDE": 1.3554610802999401, "LONGITUDE": 103.938650312162 }, "geometry": { "type": "Point", "coordinates": [ 103.938650312315929, 1.355461080353066 ] } },
{ "type": "Feature", "properties": { "OBJECTID": 485, "TempleID": 782, "Main_God_ID": 3, "SCNTemple": "树头伯公", "TCNTemple": "樹頭伯公", "ENTemple": "Shu Tou Bo Gong", "Main_God_Ch": "大伯公", "Main_God_English": "Tua Bek Kong", "Main_God_ID_1": null, "Address": "Blk 860A, Tampines Ave 5 #01-623", "Postal_Code": 521860, "ADDRESS_1": "860A TAMPINES AVENUE 5", "X": 39722.222482867503, "Y": 37505.770194124401, "LATITUDE": 1.3554610802999401, "LONGITUDE": 103.938650312162 }, "geometry": { "type": "Point", "coordinates": [ 103.938650312315929, 1.355461080353066 ] } },
{ "type": "Feature", "properties": { "OBJECTID": 486, "TempleID": 784, "Main_God_ID": 65, "SCNTemple": "双林城隍庙", "TCNTemple": "雙林城隍廟", "ENTemple": "Shuang Lin Cheng Huang Tp", "Main_God_Ch": "观世音菩萨", "Main_God_English": "Goddess of Mercy", "Main_God_ID_1": 65, "Address": "184 Jalan Toa Payoh", "Postal_Code": 319944, "ADDRESS_1": "184 JALAN TOA PAYOH", "X": 30577.190784616399, "Y": 34683.957565140001, "LATITUDE": 1.3299438041377301, "LONGITUDE": 103.85647607364901 }, "geometry": { "type": "Point", "coordinates": [ 103.856476073787093, 1.329943804452988 ] } },
{ "type": "Feature", "properties": { "OBJECTID": 487, "TempleID": 788, "Main_God_ID": 19, "SCNTemple": "水沟馆", "TCNTemple": "水溝館", "ENTemple": "Swee Kow Kuan", "Main_God_Ch": "城隍爷", "Main_God_English": null, "Main_God_ID_1": null, "Address": "46 Ang Mo Kio Street 61", "Postal_Code": 569161, "ADDRESS_1": "46 ANG MO KIO STREET 61", "X": 28925.015859670901, "Y": 40303.937322890401, "LATITUDE": 1.38076899472377, "LONGITUDE": 103.84163053491901 }, "geometry": { "type": "Point", "coordinates": [ 103.841630535281226, 1.38076899451676 ] } },
{ "type": "Feature", "properties": { "OBJECTID": 488, "TempleID": 788, "Main_God_ID": 104, "SCNTemple": "水沟馆", "TCNTemple": "水溝館", "ENTemple": "Swee Kow Kuan", "Main_God_Ch": "清水祖师", "Main_God_English": null, "Main_God_ID_1": null, "Address": "46 Ang Mo Kio Street 61", "Postal_Code": 569161, "ADDRESS_1": "46 ANG MO KIO STREET 61", "X": 28925.015859670901, "Y": 40303.937322890401, "LATITUDE": 1.38076899472377, "LONGITUDE": 103.84163053491901 }, "geometry": { "type": "Point", "coordinates": [ 103.841630535281226, 1.38076899451676 ] } },
{ "type": "Feature", "properties": { "OBJECTID": 489, "TempleID": 789, "Main_God_ID": 50, "SCNTemple": "裕廊水沟馆", "TCNTemple": "裕廊水溝館", "ENTemple": "Jurong Shui Gou Guan", "Main_God_Ch": "五府大人 （刘，金，雷，潘，畲）", "Main_God_English": "Five Lords", "Main_God_ID_1": 50, "Address": "741 Jurong West Street 42", "Postal_Code": 649369, "ADDRESS_1": "741 JURONG WEST STREET 42", "X": 15830.9311012281, "Y": 37229.019425202197, "LATITUDE": 1.3529580690432701, "LONGITUDE": 103.72397175928501 }, "geometry": { "type": "Point", "coordinates": [ 103.723971759273809, 1.352958068815356 ] } },
{ "type": "Feature", "properties": { "OBJECTID": 490, "TempleID": 790, "Main_God_ID": 31, "SCNTemple": "水沟馆圣德坛", "TCNTemple": "水溝館聖德壇", "ENTemple": "Shui Gou Guan Sheng De Tan", "Main_God_Ch": "金府大人", "Main_God_English": "Lord Jin", "Main_God_ID_1": null, "Address": "2 Teck Whye Lane ", "Postal_Code": 688799, "ADDRESS_1": "2 TECK WHYE LANE", "X": 19131.687869040299, "Y": 40335.5252328403, "LATITUDE": 1.38105333431883, "LONGITUDE": 103.75363020783701 }, "geometry": { "type": "Point", "coordinates": [ 103.753630208114615, 1.381053334021846 ] } },
{ "type": "Feature", "properties": { "OBJECTID": 491, "TempleID": 790, "Main_God_ID": 10, "SCNTemple": "水沟馆圣德坛", "TCNTemple": "水溝館聖德壇", "ENTemple": "Shui Gou Guan Sheng De Tan", "Main_God_Ch": "包公", "Main_God_English": null, "Main_God_ID_1": null, "Address": "2 Teck Whye Lane ", "Postal_Code": 688799, "ADDRESS_1": "2 TECK WHYE LANE", "X": 19131.687869040299, "Y": 40335.5252328403, "LATITUDE": 1.38105333431883, "LONGITUDE": 103.75363020783701 }, "geometry": { "type": "Point", "coordinates": [ 103.753630208114615, 1.381053334021846 ] } },
{ "type": "Feature", "properties": { "OBJECTID": 492, "TempleID": 791, "Main_God_ID": 78, "SCNTemple": "水江庙（香友会）", "TCNTemple": "水江廟（香友會）", "ENTemple": "Chwee Kang Beo Association", "Main_God_Ch": "齐天大圣", "Main_God_English": "Monkey King", "Main_God_ID_1": null, "Address": "801 Upper Boon Keng Road", "Postal_Code": 387310, "ADDRESS_1": "801 UPPER BOON KENG ROAD", "X": 32081.483363291201, "Y": 33064.788665717497, "LATITUDE": 1.31530045140528, "LONGITUDE": 103.869992763919 }, "geometry": { "type": "Point", "coordinates": [ 103.86999276424892, 1.315300451715309 ] } },
{ "type": "Feature", "properties": { "OBJECTID": 493, "TempleID": 791, "Main_God_ID": 27, "SCNTemple": "水江庙（香友会）", "TCNTemple": "水江廟（香友會）", "ENTemple": "Chwee Kang Beo Association", "Main_God_Ch": "石狮城隍爷", "Main_God_English": null, "Main_God_ID_1": null, "Address": "801 Upper Boon Keng Road", "Postal_Code": 387310, "ADDRESS_1": "801 UPPER BOON KENG ROAD", "X": 32081.483363291201, "Y": 33064.788665717497, "LATITUDE": 1.31530045140528, "LONGITUDE": 103.869992763919 }, "geometry": { "type": "Point", "coordinates": [ 103.86999276424892, 1.315300451715309 ] } },
{ "type": "Feature", "properties": { "OBJECTID": 494, "TempleID": 791, "Main_God_ID": 130, "SCNTemple": "水江庙（香友会）", "TCNTemple": "水江廟（香友會）", "ENTemple": "Chwee Kang Beo Association", "Main_God_Ch": "大二三哥爷", "Main_God_English": null, "Main_God_ID_1": null, "Address": "801 Upper Boon Keng Road", "Postal_Code": 387310, "ADDRESS_1": "801 UPPER BOON KENG ROAD", "X": 32081.483363291201, "Y": 33064.788665717497, "LATITUDE": 1.31530045140528, "LONGITUDE": 103.869992763919 }, "geometry": { "type": "Point", "coordinates": [ 103.86999276424892, 1.315300451715309 ] } },
{ "type": "Feature", "properties": { "OBJECTID": 495, "TempleID": 793, "Main_God_ID": 2, "SCNTemple": "水美宫", "TCNTemple": "水美宫", "ENTemple": "Hock Chuan Temple", "Main_God_Ch": "大晋公", "Main_God_English": null, "Main_God_ID_1": 2, "Address": "1 Bedok North Street 5", "Postal_Code": 486115, "ADDRESS_1": "1 BEDOK NORTH STREET 5", "X": 40895.775683548301, "Y": 35302.1674514357, "LATITUDE": 1.3355320364830801, "LONGITUDE": 103.94919449094 }, "geometry": { "type": "Point", "coordinates": [ 103.949194491087653, 1.335532036922276 ] } },
{ "type": "Feature", "properties": { "OBJECTID": 496, "TempleID": 796, "Main_God_ID": 44, "SCNTemple": "后港水尾圣娘庙", "TCNTemple": "後港水尾聖娘廟", "ENTemple": "Hougang Twee Boey Teng Niang Temple", "Main_God_Ch": "大伯公", "Main_God_English": "Tua Bek Kong", "Main_God_ID_1": 44, "Address": "109a Hougang Avenue 5", "Postal_Code": 538818, "ADDRESS_1": "109A HOUGANG AVENUE 5", "X": 34926.519375195698, "Y": 38625.602929800698, "LATITUDE": 1.36558994240584, "LONGITUDE": 103.895558107558 }, "geometry": { "type": "Point", "coordinates": [ 103.89555810778036, 1.365589942136329 ] } },
{ "type": "Feature", "properties": { "OBJECTID": 497, "TempleID": 797, "Main_God_ID": 44, "SCNTemple": "寅吉村（水尾圣娘）庙", "TCNTemple": "寅吉村（水尾聖娘）廟", "ENTemple": "Yan Kit Village Chinese Temple", "Main_God_Ch": "水尾圣娘", "Main_God_English": null, "Main_God_ID_1": 44, "Address": "130 Mariam Way / 980 Upper Changi Road North", "Postal_Code": 507078, "ADDRESS_1": "130 MARIAM WAY", "X": 43035.354315821998, "Y": 37941.357020212301, "LATITUDE": 1.35939887443234, "LONGITUDE": 103.96842110878499 }, "geometry": { "type": "Point", "coordinates": [ 103.968421108642175, 1.359398874249567 ] } },
{ "type": "Feature", "properties": { "OBJECTID": 499, "TempleID": 800, "Main_God_ID": 15, "SCNTemple": "顺利坛", "TCNTemple": "順利壇", "ENTemple": "Shun Li Tan", "Main_God_Ch": "大伯公", "Main_God_English": "Tua Bek Kong", "Main_God_ID_1": 15, "Address": "1076A, Serangoon Road", "Postal_Code": 328180, "ADDRESS_1": "1076A SERANGOON ROAD", "X": 31502.5226071086, "Y": 33958.979606110603, "LATITUDE": 1.32338726850236, "LONGITUDE": 103.86479061191299 }, "geometry": { "type": "Point", "coordinates": [ 103.864790611848377, 1.323387268447098 ] } },
{ "type": "Feature", "properties": { "OBJECTID": 500, "TempleID": 801, "Main_God_ID": 6, "SCNTemple": "顺龙宫", "TCNTemple": "順龍宮", "ENTemple": "Soon Leng Temple", "Main_God_Ch": "善财童子", "Main_God_English": "Sudhana", "Main_God_ID_1": 6, "Address": "5A  Choa Chu Kang Street 51 ", "Postal_Code": 689339, "ADDRESS_1": "5 CHOA CHU KANG STREET 51", "X": 17906.697408169501, "Y": 41516.782694756999, "LATITUDE": 1.3917357928985901, "LONGITUDE": 103.742622360868 }, "geometry": { "type": "Point", "coordinates": [ 103.742622360794627, 1.391735792946006 ] } },
{ "type": "Feature", "properties": { "OBJECTID": 501, "TempleID": 802, "Main_God_ID": 4, "SCNTemple": "顺龙庙", "TCNTemple": "順龍廟", "ENTemple": "Soon Leng Temple", "Main_God_Ch": "哪吒", "Main_God_English": "The Third Prince/ Marshal Central Altar", "Main_God_ID_1": 4, "Address": "9 Choa Chu Kang Street 51", "Postal_Code": 689341, "ADDRESS_1": "9 CHOA CHU KANG STREET 51", "X": 17906.697408169501, "Y": 41516.782694756999, "LATITUDE": 1.3917357928985901, "LONGITUDE": 103.742622360868 }, "geometry": { "type": "Point", "coordinates": [ 103.742622360794627, 1.391735792946006 ] } },
{ "type": "Feature", "properties": { "OBJECTID": 502, "TempleID": 804, "Main_God_ID": 2, "SCNTemple": "顺山亭", "TCNTemple": "順山亭", "ENTemple": "Chia Hung Boo Temple ", "Main_God_Ch": "关帝圣君", "Main_God_English": "God of War", "Main_God_ID_1": 2, "Address": "42 Senang Crescent", "Postal_Code": 416610, "ADDRESS_1": "42 SENANG CRESCENT", "X": 37474.739850699902, "Y": 34442.274737328298, "LATITUDE": 1.32775674478818, "LONGITUDE": 103.918454289661 }, "geometry": { "type": "Point", "coordinates": [ 103.918454290103426, 1.327756744450594 ] } },
{ "type": "Feature", "properties": { "OBJECTID": 503, "TempleID": 805, "Main_God_ID": 2, "SCNTemple": "顺山亭榕树大伯公宫", "TCNTemple": "順山亭榕樹大伯公宮", "ENTemple": "Soon San Teng Temple", "Main_God_Ch": "大伯公", "Main_God_English": "Tua Bek Kong", "Main_God_ID_1": 2, "Address": "42 Jalan Senang", "Postal_Code": 418331, "ADDRESS_1": "42 JALAN SENANG", "X": 37282.374676715597, "Y": 33962.843223428397, "LATITUDE": 1.3234209997172901, "LONGITUDE": 103.91672563973501 }, "geometry": { "type": "Point", "coordinates": [ 103.916725639944289, 1.323420999505404 ] } },
{ "type": "Feature", "properties": { "OBJECTID": 504, "TempleID": 807, "Main_God_ID": 2, "SCNTemple": "顺天宫", "TCNTemple": "順天宮", "ENTemple": "Soon Thian Keing Temple", "Main_God_Ch": "大伯公", "Main_God_English": "Tua Bek Kong", "Main_God_ID_1": 2, "Address": "19 Lorong 29 Geylang", "Postal_Code": 388070, "ADDRESS_1": "19 LORONG 29 GEYLANG", "X": 33829.3787890561, "Y": 33008.0568692815, "LATITUDE": 1.31478710739326, "LONGITUDE": 103.885698470693 }, "geometry": { "type": "Point", "coordinates": [ 103.885698470790928, 1.314787107671072 ] } },
{ "type": "Feature", "properties": { "OBJECTID": 505, "TempleID": 808, "Main_God_ID": 81, "SCNTemple": "顺西宫", "TCNTemple": "順西宮", "ENTemple": "Soon Say Keng", "Main_God_Ch": "大伯公", "Main_God_English": "Tua Bek Kong", "Main_God_ID_1": 81, "Address": "19 Yishun Avenue 9", "Postal_Code": 768891, "ADDRESS_1": "19 YISHUN AVENUE 9", "X": 28910.9417617982, "Y": 46211.698380598798, "LATITUDE": 1.434196658676, "LONGITUDE": 103.84150425462499 }, "geometry": { "type": "Point", "coordinates": [ 103.84150425496793, 1.434196658851459 ] } },
{ "type": "Feature", "properties": { "OBJECTID": 506, "TempleID": 810, "Main_God_ID": 46, "SCNTemple": "顺兴古庙", "TCNTemple": "順興古廟", "ENTemple": "Soon Hin Ko Beo", "Main_God_Ch": "西天娘娘", "Main_God_English": null, "Main_God_ID_1": 46, "Address": "25 Tampines Street 21", "Postal_Code": 529394, "ADDRESS_1": "25 TAMPINES STREET 21", "X": 40970.4589973763, "Y": 37545.692151248499, "LATITUDE": 1.3558216025370999, "LONGITUDE": 103.94986652515399 }, "geometry": { "type": "Point", "coordinates": [ 103.949866525176873, 1.355821602977986 ] } },
{ "type": "Feature", "properties": { "OBJECTID": 507, "TempleID": 811, "Main_God_ID": 46, "SCNTemple": "顺兴古庙", "TCNTemple": "順興古廟", "ENTemple": "Shun Xing Gu Miao", "Main_God_Ch": "洪仙大帝", "Main_God_English": null, "Main_God_ID_1": 46, "Address": "485 Serangoon North Avenue 1", "Postal_Code": 555890, "ADDRESS_1": "485 SERANGOON NORTH AVENUE 1", "X": 32407.062867297798, "Y": 38988.5823717229, "LATITUDE": 1.3688730805751099, "LONGITUDE": 103.87291912072401 }, "geometry": { "type": "Point", "coordinates": [ 103.872919121017972, 1.36887308083083 ] } },
{ "type": "Feature", "properties": { "OBJECTID": 508, "TempleID": 819, "Main_God_ID": 13, "SCNTemple": "太上老君庙", "TCNTemple": "太上老君廟", "ENTemple": "Tai Shang Lao Jun Temple", "Main_God_Ch": "洪仙大帝", "Main_God_English": null, "Main_God_ID_1": 13, "Address": "Block 50 Joo Avenue #01-50", "Postal_Code": 219347, "ADDRESS_1": "50 JOO AVENUE", "X": 30331.209085882601, "Y": 33102.736726552197, "LATITUDE": 1.3156438228540701, "LONGITUDE": 103.85426567135799 }, "geometry": { "type": "Point", "coordinates": [ 103.85426567148464, 1.315643822613945 ] } },
{ "type": "Feature", "properties": { "OBJECTID": 509, "TempleID": 821, "Main_God_ID": 33, "SCNTemple": "太阳宫", "TCNTemple": "太陽宮", "ENTemple": "Tai Yeong Kon Temple", "Main_God_Ch": "太上老君", "Main_God_English": null, "Main_God_ID_1": 33, "Address": "85A Silat Road ", "Postal_Code": 168851, "ADDRESS_1": "85A SILAT ROAD", "X": 27503.332841451302, "Y": 28892.395962815699, "LATITUDE": 1.27756706633283, "LONGITUDE": 103.82885584041701 }, "geometry": { "type": "Point", "coordinates": [ 103.828855840044412, 1.277567066669107 ] } },
{ "type": "Feature", "properties": { "OBJECTID": 510, "TempleID": 825, "Main_God_ID": 3, "SCNTemple": "天保堂", "TCNTemple": "天保堂", "ENTemple": "Tian Bao Tang", "Main_God_Ch": "太阳公", "Main_God_English": "Sun God ", "Main_God_ID_1": 3, "Address": "88a Shrewsbury Road,", "Postal_Code": 307845, "ADDRESS_1": "88A SHREWSBURY ROAD", "X": 29749.4298961274, "Y": 33389.620278114497, "LATITUDE": 1.3182383348926701, "LONGITUDE": 103.849038107601 }, "geometry": { "type": "Point", "coordinates": [ 103.849038107635749, 1.318238335090604 ] } },
{ "type": "Feature", "properties": { "OBJECTID": 511, "TempleID": 826, "Main_God_ID": 6, "SCNTemple": "天慈宫", "TCNTemple": "天慈宮", "ENTemple": "Society of Love and Compassion", "Main_God_Ch": "观世音菩萨", "Main_God_English": "Goddess of Mercy", "Main_God_ID_1": 6, "Address": "3 Tebing Lane, Punggol East #01-03", "Postal_Code": 828849, "ADDRESS_1": "3 TEBING LANE", "X": 37147.072582249501, "Y": 41577.2423263378, "LATITUDE": 1.39228288221438, "LONGITUDE": 103.91551220493101 }, "geometry": { "type": "Point", "coordinates": [ 103.915512205090522, 1.392282881976191 ] } },
{ "type": "Feature", "properties": { "OBJECTID": 512, "TempleID": 837, "Main_God_ID": 9, "SCNTemple": "天福宫", "TCNTemple": "天福宮", "ENTemple": "Thian Hock Keng", "Main_God_Ch": "哪吒", "Main_God_English": "The Third Prince/ Marshal Central Altar", "Main_God_ID_1": 9, "Address": "158 Telok Ayer St", "Postal_Code": 68613, "ADDRESS_1": "158 TELOK AYER STREET", "X": 29579.057408844099, "Y": 29281.272752143399, "LATITUDE": 1.28108389619189, "LONGITUDE": 103.847507015974 }, "geometry": { "type": "Point", "coordinates": [ 103.847507015894507, 1.281083896624695 ] } },
{ "type": "Feature", "properties": { "OBJECTID": 513, "TempleID": 838, "Main_God_ID": 8, "SCNTemple": "天公庙（直落布兰雅）", "TCNTemple": "天公廟（直落布蘭雅）", "ENTemple": "Tin Kong Beo Temple  / Telok Blangah Ting Kong Beo", "Main_God_Ch": "妈祖", "Main_God_English": "Heavenly Empress", "Main_God_ID_1": 8, "Address": "578 Telok Blangah Road", "Postal_Code": 109024, "ADDRESS_1": "578 TELOK BLANGAH ROAD", "X": 25295.136205802701, "Y": 28208.2625593226, "LATITUDE": 1.2713798920549899, "LONGITUDE": 103.80901443202301 }, "geometry": { "type": "Point", "coordinates": [ 103.809014431970354, 1.271379892422858 ] } },
{ "type": "Feature", "properties": { "OBJECTID": 514, "TempleID": 839, "Main_God_ID": 8, "SCNTemple": "天公坛", "TCNTemple": "天公壇", "ENTemple": "Tian Gong Tan ", "Main_God_Ch": "玉皇上帝", "Main_God_English": "Jade Emperor", "Main_God_ID_1": 8, "Address": "62 Jurong West Street 41", "Postal_Code": 649408, "ADDRESS_1": "62 JURONG WEST STREET 41", "X": 15402.451500397199, "Y": 36834.732385126903, "LATITUDE": 1.3493921066066099, "LONGITUDE": 103.720121767733 }, "geometry": { "type": "Point", "coordinates": [ 103.720121767728983, 1.349392106741123 ] } },
{ "type": "Feature", "properties": { "OBJECTID": 515, "TempleID": 840, "Main_God_ID": 8, "SCNTemple": "天公坛（振源园）", "TCNTemple": "天公壇（振源園）", "ENTemple": "Tien Kong Thun Temple", "Main_God_Ch": "玉皇上帝", "Main_God_English": "Jade Emperor", "Main_God_ID_1": 8, "Address": "68 Jalan Pemimpin", "Postal_Code": 576132, "ADDRESS_1": "168 PEMIMPIN PLACE", "X": 28963.6611435097, "Y": 37371.7782493345, "LATITUDE": 1.3542515937664299, "LONGITUDE": 103.84197769669601 }, "geometry": { "type": "Point", "coordinates": [ 103.841977696304426, 1.35425159332028 ] } },
{ "type": "Feature", "properties": { "OBJECTID": 516, "TempleID": 843, "Main_God_ID": 9, "SCNTemple": "金榜山亭天后会", "TCNTemple": "金榜山亭天后會", "ENTemple": "Kampong San Teng Tien How Assn", "Main_God_Ch": "玉皇上帝", "Main_God_English": "Jade Emperor", "Main_God_ID_1": 9, "Address": "99 Sin Ming Industrial Estate Sector B", "Postal_Code": 575660, "ADDRESS_1": "99 SECTOR B SIN MING INDUSTRIAL ESTATE", "X": 28768.459980522301, "Y": 37777.297193344697, "LATITUDE": 1.35791896832349, "LONGITUDE": 103.840223698548 }, "geometry": { "type": "Point", "coordinates": [ 103.840223698722795, 1.357918968383677 ] } },
{ "type": "Feature", "properties": { "OBJECTID": 517, "TempleID": 844, "Main_God_ID": 9, "SCNTemple": "汕头社天后庙", "TCNTemple": "汕頭社天后廟", "ENTemple": "Swatow Sia Mazu Temple", "Main_God_Ch": "妈祖", "Main_God_English": "Heavenly Empress", "Main_God_ID_1": 9, "Address": "5 Lorong 40 Geylang", "Postal_Code": 398051, "ADDRESS_1": "5 LORONG 40 GEYLANG", "X": 34291.378728990399, "Y": 32934.961534950897, "LATITUDE": 1.31412596822491, "LONGITUDE": 103.889849755654 }, "geometry": { "type": "Point", "coordinates": [ 103.889849755393499, 1.314125967908841 ] } },
{ "type": "Feature", "properties": { "OBJECTID": 519, "TempleID": 847, "Main_God_ID": 33, "SCNTemple": "天降佛堂", "TCNTemple": "天降佛堂", "ENTemple": "Tian Kong Buddhist Tp ", "Main_God_Ch": "妈祖", "Main_God_English": "Heavenly Empress", "Main_God_ID_1": null, "Address": "51 Bedok North Avenue 4 ", "Postal_Code": 469695, "ADDRESS_1": "51 BEDOK NORTH AVENUE 4", "X": 40871.871452603496, "Y": 35346.972723981402, "LATITUDE": 1.33593724882954, "LONGITUDE": 103.948979717005 }, "geometry": { "type": "Point", "coordinates": [ 103.948979717430888, 1.335937248612638 ] } },
{ "type": "Feature", "properties": { "OBJECTID": 520, "TempleID": 847, "Main_God_ID": 13, "SCNTemple": "天降佛堂", "TCNTemple": "天降佛堂", "ENTemple": "Tian Kong Buddhist Tp ", "Main_God_Ch": "太阳公", "Main_God_English": "Sun God ", "Main_God_ID_1": null, "Address": "51 Bedok North Avenue 4 ", "Postal_Code": 469695, "ADDRESS_1": "51 BEDOK NORTH AVENUE 4", "X": 40871.871452603496, "Y": 35346.972723981402, "LATITUDE": 1.33593724882954, "LONGITUDE": 103.948979717005 }, "geometry": { "type": "Point", "coordinates": [ 103.948979717430888, 1.335937248612638 ] } },
{ "type": "Feature", "properties": { "OBJECTID": 521, "TempleID": 847, "Main_God_ID": 3, "SCNTemple": "天降佛堂", "TCNTemple": "天降佛堂", "ENTemple": "Tian Kong Buddhist Tp ", "Main_God_Ch": "太上老君", "Main_God_English": null, "Main_God_ID_1": null, "Address": "51 Bedok North Avenue 4 ", "Postal_Code": 469695, "ADDRESS_1": "51 BEDOK NORTH AVENUE 4", "X": 40871.871452603496, "Y": 35346.972723981402, "LATITUDE": 1.33593724882954, "LONGITUDE": 103.948979717005 }, "geometry": { "type": "Point", "coordinates": [ 103.948979717430888, 1.335937248612638 ] } },
{ "type": "Feature", "properties": { "OBJECTID": 522, "TempleID": 847, "Main_God_ID": 61, "SCNTemple": "天降佛堂", "TCNTemple": "天降佛堂", "ENTemple": "Tian Kong Buddhist Tp ", "Main_God_Ch": "观世音菩萨", "Main_God_English": "Goddess of Mercy", "Main_God_ID_1": null, "Address": "51 Bedok North Avenue 4 ", "Postal_Code": 469695, "ADDRESS_1": "51 BEDOK NORTH AVENUE 4", "X": 40871.871452603496, "Y": 35346.972723981402, "LATITUDE": 1.33593724882954, "LONGITUDE": 103.948979717005 }, "geometry": { "type": "Point", "coordinates": [ 103.948979717430888, 1.335937248612638 ] } },
{ "type": "Feature", "properties": { "OBJECTID": 523, "TempleID": 847, "Main_God_ID": 79, "SCNTemple": "天降佛堂", "TCNTemple": "天降佛堂", "ENTemple": "Tian Kong Buddhist Tp ", "Main_God_Ch": "千手千眼观世音菩萨", "Main_God_English": null, "Main_God_ID_1": null, "Address": "51 Bedok North Avenue 4 ", "Postal_Code": 469695, "ADDRESS_1": "51 BEDOK NORTH AVENUE 4", "X": 40871.871452603496, "Y": 35346.972723981402, "LATITUDE": 1.33593724882954, "LONGITUDE": 103.948979717005 }, "geometry": { "type": "Point", "coordinates": [ 103.948979717430888, 1.335937248612638 ] } },
{ "type": "Feature", "properties": { "OBJECTID": 524, "TempleID": 847, "Main_God_ID": 57, "SCNTemple": "天降佛堂", "TCNTemple": "天降佛堂", "ENTemple": "Tian Kong Buddhist Tp ", "Main_God_Ch": "缎伯公", "Main_God_English": null, "Main_God_ID_1": null, "Address": "51 Bedok North Avenue 4 ", "Postal_Code": 469695, "ADDRESS_1": "51 BEDOK NORTH AVENUE 4", "X": 40871.871452603496, "Y": 35346.972723981402, "LATITUDE": 1.33593724882954, "LONGITUDE": 103.948979717005 }, "geometry": { "type": "Point", "coordinates": [ 103.948979717430888, 1.335937248612638 ] } },
{ "type": "Feature", "properties": { "OBJECTID": 525, "TempleID": 848, "Main_God_ID": 4, "SCNTemple": "天君府", "TCNTemple": "天君府", "ENTemple": "Tian Jun Temple", "Main_God_Ch": "三师爷", "Main_God_English": null, "Main_God_ID_1": 4, "Address": "3 Tebing Lane, Punggol East  #01-02", "Postal_Code": 828849, "ADDRESS_1": "3 TEBING LANE", "X": 37147.072582249501, "Y": 41577.2423263378, "LATITUDE": 1.39228288221438, "LONGITUDE": 103.91551220493101 }, "geometry": { "type": "Point", "coordinates": [ 103.915512205090522, 1.392282881976191 ] } },
{ "type": "Feature", "properties": { "OBJECTID": 526, "TempleID": 849, "Main_God_ID": 8, "SCNTemple": "天空庙", "TCNTemple": "天空廟", "ENTemple": "Tian Kong Temple ", "Main_God_Ch": "关帝圣君", "Main_God_English": "God of War", "Main_God_ID_1": 8, "Address": "7030 Ang Mo Kio Avenue 5", "Postal_Code": 569880, "ADDRESS_1": "7030 ANG MO KIO AVENUE 5", "X": 32700.669149919398, "Y": 39939.093645581997, "LATITUDE": 1.37746911720529, "LONGITUDE": 103.875557528876 }, "geometry": { "type": "Point", "coordinates": [ 103.875557528427365, 1.377469116793073 ] } },
{ "type": "Feature", "properties": { "OBJECTID": 527, "TempleID": 852, "Main_God_ID": 36, "SCNTemple": "天灵道堂", "TCNTemple": "天靈道堂", "ENTemple": "Thian Ling Toh Thong", "Main_God_Ch": "玉皇上帝", "Main_God_English": "Jade Emperor", "Main_God_ID_1": 36, "Address": "551 Bukit Batok Street 23", "Postal_Code": 659522, "ADDRESS_1": "555 BUKIT BATOK STREET 23", "X": 19517.518488485399, "Y": 35827.454113164902, "LATITUDE": 1.3402840967431899, "LONGITUDE": 103.757098460264 }, "geometry": { "type": "Point", "coordinates": [ 103.757098460367217, 1.340284096624138 ] } },
{ "type": "Feature", "properties": { "OBJECTID": 528, "TempleID": 857, "Main_God_ID": 197, "SCNTemple": "天龙坛", "TCNTemple": "天龍壇", "ENTemple": "Tien Loong Thong", "Main_God_Ch": "真空教主", "Main_God_English": "Grandmaster Zhenkong ", "Main_God_ID_1": 197, "Address": "448 Race Course Road", "Postal_Code": 218692, "ADDRESS_1": "448 RACE COURSE ROAD", "X": 30763.534112973099, "Y": 33142.776305060797, "LATITUDE": 1.3160058907896099, "LONGITUDE": 103.85815033365 }, "geometry": { "type": "Point", "coordinates": [ 103.858150333532919, 1.316005890743848 ] } },
{ "type": "Feature", "properties": { "OBJECTID": 529, "TempleID": 860, "Main_God_ID": 1, "SCNTemple": "天善堂", "TCNTemple": "天善堂", "ENTemple": "Then Shen Temple", "Main_God_Ch": "黑面大圣", "Main_God_English": "Dark Face Monkey King", "Main_God_ID_1": 1, "Address": "24 Lorong 16 Geylang", "Postal_Code": 398866, "ADDRESS_1": "24 LORONG 16 GEYLANG", "X": 33151.076452090398, "Y": 32657.719123169802, "LATITUDE": 1.31161889865605, "LONGITUDE": 103.879603527223 }, "geometry": { "type": "Point", "coordinates": [ 103.879603527653046, 1.311618898446506 ] } },
{ "type": "Feature", "properties": { "OBJECTID": 530, "TempleID": 864, "Main_God_ID": 30, "SCNTemple": "天圣坛（包公庙）", "TCNTemple": "天聖壇（包公廟）", "ENTemple": "Tien Sen Tua Temple (Bao Gong Miao)", "Main_God_Ch": "释迦牟尼佛", "Main_God_English": "Sakyamuni Buddha", "Main_God_ID_1": 30, "Address": "146C Paya Lebar Road", "Postal_Code": 409040, "ADDRESS_1": "146C PAYA LEBAR ROAD", "X": 34414.244132699401, "Y": 34480.803217018001, "LATITUDE": 1.3281059814386, "LONGITUDE": 103.890954084295 }, "geometry": { "type": "Point", "coordinates": [ 103.890954084000867, 1.328105981284715 ] } },
{ "type": "Feature", "properties": { "OBJECTID": 531, "TempleID": 868, "Main_God_ID": 54, "SCNTemple": "天文坛", "TCNTemple": "天文壇", "ENTemple": "Tian Wen Tan", "Main_God_Ch": "吕祖", "Main_God_English": null, "Main_God_ID_1": 54, "Address": "15 Fajar Road", "Postal_Code": 679003, "ADDRESS_1": "15 FAJAR ROAD", "X": 20887.573527950801, "Y": 40587.661956330798, "LATITUDE": 1.3833340468384401, "LONGITUDE": 103.769408076179 }, "geometry": { "type": "Point", "coordinates": [ 103.769408075927572, 1.383334047233369 ] } },
{ "type": "Feature", "properties": { "OBJECTID": 533, "TempleID": 874, "Main_God_ID": 4, "SCNTemple": "天云殿", "TCNTemple": "天雲殿", "ENTemple": "Tian Yun Dian", "Main_God_Ch": "三一教主林兆恩、卓真人、张真人", "Main_God_English": null, "Main_God_ID_1": 4, "Address": "2 Teck Whye Lane ", "Postal_Code": 688799, "ADDRESS_1": "2 TECK WHYE LANE", "X": 19131.687869040299, "Y": 40335.5252328403, "LATITUDE": 1.38105333431883, "LONGITUDE": 103.75363020783701 }, "geometry": { "type": "Point", "coordinates": [ 103.753630208114615, 1.381053334021846 ] } },
{ "type": "Feature", "properties": { "OBJECTID": 534, "TempleID": 877, "Main_God_ID": 42, "SCNTemple": "天祖庙", "TCNTemple": "天祖廟", "ENTemple": "Tain Chor Temple ", "Main_God_Ch": "关帝圣君", "Main_God_English": "God of War", "Main_God_ID_1": 42, "Address": "11 Woodlands Industrial Park E8, # 01 - 01", "Postal_Code": 757701, "ADDRESS_1": "11 WOODLANDS INDUSTRIAL PARK E8", "X": 24350.9557531504, "Y": 48222.0414395798, "LATITUDE": 1.45237724697783, "LONGITUDE": 103.800528194054 }, "geometry": { "type": "Point", "coordinates": [ 103.800528194474722, 1.452377246619895 ] } },
{ "type": "Feature", "properties": { "OBJECTID": 535, "TempleID": 878, "Main_God_ID": 158, "SCNTemple": "天竺山毗卢寺", "TCNTemple": "天竺山毗盧寺", "ENTemple": "Beeh Low See Buddhist Temple", "Main_God_Ch": "张天师", "Main_God_English": null, "Main_God_ID_1": 158, "Address": "71B Jalan Jurong Kechil", "Postal_Code": 598588, "ADDRESS_1": "71B JALAN JURONG KECHIL", "X": 21340.423668283001, "Y": 35701.407362760998, "LATITUDE": 1.33914463323626, "LONGITUDE": 103.77347836345901 }, "geometry": { "type": "Point", "coordinates": [ 103.773478363743365, 1.339144633573057 ] } },
{ "type": "Feature", "properties": { "OBJECTID": 536, "TempleID": 881, "Main_God_ID": 7, "SCNTemple": "同德善堂念心社", "TCNTemple": "同德善堂念心社", "ENTemple": "Thong Teck Sian Thong Lian Sin Sia Temple", "Main_God_Ch": "毗卢遮那如来（ 毗卢遮那佛）", "Main_God_English": "Mahavairocana", "Main_God_ID_1": 7, "Address": "1A Boon Teck Road", "Postal_Code": 329578, "ADDRESS_1": "1A BOON TECK ROAD", "X": 29788.503865419902, "Y": 34287.612937796897, "LATITUDE": 1.32635946041194, "LONGITUDE": 103.849389259506 }, "geometry": { "type": "Point", "coordinates": [ 103.849389259816846, 1.326359460070117 ] } },
{ "type": "Feature", "properties": { "OBJECTID": 537, "TempleID": 882, "Main_God_ID": 3, "SCNTemple": "通淮庙  （南天门）", "TCNTemple": "通淮廟（南天門）", "ENTemple": "Tong Whye Temple", "Main_God_Ch": "宋大峰祖师", "Main_God_English": null, "Main_God_ID_1": null, "Address": "212 Jurong East Street 32", "Postal_Code": 609474, "ADDRESS_1": "212 JURONG EAST STREET 32", "X": 17010.709427315702, "Y": 36442.944542197503, "LATITUDE": 1.34584955549681, "LONGITUDE": 103.734573093074 }, "geometry": { "type": "Point", "coordinates": [ 103.734573092828029, 1.345849555115178 ] } },
{ "type": "Feature", "properties": { "OBJECTID": 538, "TempleID": 882, "Main_God_ID": 2, "SCNTemple": "通淮庙  （南天门）", "TCNTemple": "通淮廟（南天門）", "ENTemple": "Tong Whye Temple", "Main_God_Ch": "观世音菩萨", "Main_God_English": "Goddess of Mercy", "Main_God_ID_1": null, "Address": "212 Jurong East Street 32", "Postal_Code": 609474, "ADDRESS_1": "212 JURONG EAST STREET 32", "X": 17010.709427315702, "Y": 36442.944542197503, "LATITUDE": 1.34584955549681, "LONGITUDE": 103.734573093074 }, "geometry": { "type": "Point", "coordinates": [ 103.734573092828029, 1.345849555115178 ] } },
{ "type": "Feature", "properties": { "OBJECTID": 539, "TempleID": 883, "Main_God_ID": 7, "SCNTemple": "同敬善堂诚善社", "TCNTemple": "同敬善堂誠善社", "ENTemple": "Thong Kheng Charitable Institution", "Main_God_Ch": "大伯公", "Main_God_English": "Tua Bek Kong", "Main_God_ID_1": 7, "Address": "14 Lorong 29 Geylang", "Postal_Code": 388068, "ADDRESS_1": "14 LORONG 29 GEYLANG", "X": 33877.822424584097, "Y": 33007.543584812403, "LATITUDE": 1.3147824562060899, "LONGITUDE": 103.886133760829 }, "geometry": { "type": "Point", "coordinates": [ 103.886133760607763, 1.314782456343454 ] } },
{ "type": "Feature", "properties": { "OBJECTID": 540, "TempleID": 885, "Main_God_ID": 4, "SCNTemple": "铜山宫山西夫子", "TCNTemple": "銅山宮山西夫子", "ENTemple": "Tang Suahn Kiong San Soh Hoo Chu Temple", "Main_God_Ch": "宋大峰祖师", "Main_God_English": null, "Main_God_ID_1": 4, "Address": "87A Henderson Rd", "Postal_Code": 159543, "ADDRESS_1": "98 HENDERSON ROAD", "X": 26584.2735440293, "Y": 29778.371839478601, "LATITUDE": 1.2855794934518301, "LONGITUDE": 103.820597711706 }, "geometry": { "type": "Point", "coordinates": [ 103.820597711310498, 1.285579493094796 ] } },
{ "type": "Feature", "properties": { "OBJECTID": 541, "TempleID": 886, "Main_God_ID": 3, "SCNTemple": "同善堂（东陵）", "TCNTemple": "同善堂（東陵）", "ENTemple": "Tanglin Tong Sian Tng", "Main_God_Ch": "关帝圣君", "Main_God_English": "God of War", "Main_God_ID_1": 3, "Address": "31 Devonshire Road", "Postal_Code": 239851, "ADDRESS_1": "31 DEVONSHIRE ROAD", "X": 28464.984731005501, "Y": 31177.2317083292, "LATITUDE": 1.2982303190697499, "LONGITUDE": 103.837496673438 }, "geometry": { "type": "Point", "coordinates": [ 103.837496673159222, 1.29823031899442 ] } },
{ "type": "Feature", "properties": { "OBJECTID": 542, "TempleID": 887, "Main_God_ID": 21, "SCNTemple": "通兴港（潮人）", "TCNTemple": "通興港（潮人）", "ENTemple": "Tong Xing Gang", "Main_God_Ch": "观世音菩萨", "Main_God_English": "Goddess of Mercy", "Main_God_ID_1": 21, "Address": "177Q Lorong 7 Toa Payoh", "Postal_Code": 319318, "ADDRESS_1": "177Q LORONG 7 TOA PAYOH", "X": 30577.1694759559, "Y": 35642.104694590002, "LATITUDE": 1.3386089464329201, "LONGITUDE": 103.856475963154 }, "geometry": { "type": "Point", "coordinates": [ 103.856475963369775, 1.338608946481839 ] } },
{ "type": "Feature", "properties": { "OBJECTID": 543, "TempleID": 889, "Main_God_ID": 1, "SCNTemple": "万佛林", "TCNTemple": "萬佛林", "ENTemple": "Man Fatt Lam Budh Tp ", "Main_God_Ch": "感天大帝", "Main_God_English": null, "Main_God_ID_1": 1, "Address": "211 Bedok Road", "Postal_Code": 469416, "ADDRESS_1": "211 BEDOK ROAD", "X": 41035.053084191903, "Y": 34301.555279137603, "LATITUDE": 1.32648281378697, "LONGITUDE": 103.950445549324 }, "geometry": { "type": "Point", "coordinates": [ 103.950445549466139, 1.326482813975629 ] } },
{ "type": "Feature", "properties": { "OBJECTID": 544, "TempleID": 891, "Main_God_ID": 2, "SCNTemple": "万福宫", "TCNTemple": "萬福宮", "ENTemple": "Ban Hock Temple", "Main_God_Ch": "释迦牟尼佛", "Main_God_English": "Sakyamuni Buddha", "Main_God_ID_1": 2, "Address": "485 Serangoon North Avenue 1", "Postal_Code": 555891, "ADDRESS_1": "489 SERANGOON NORTH AVENUE 1", "X": 32376.6912460038, "Y": 38979.590086707802, "LATITUDE": 1.3687917620972201, "LONGITUDE": 103.872646209186 }, "geometry": { "type": "Point", "coordinates": [ 103.872646208772139, 1.368791762217439 ] } },
{ "type": "Feature", "properties": { "OBJECTID": 545, "TempleID": 893, "Main_God_ID": 3, "SCNTemple": "万礼莲合殿", "TCNTemple": "萬禮蓮合殿", "ENTemple": "Wan Li Lian He Dian", "Main_God_Ch": "大伯公", "Main_God_English": "Tua Bek Kong", "Main_God_ID_1": null, "Address": "19 Woodlands Industrial Park E7", "Postal_Code": 757721, "ADDRESS_1": "19 WOODLANDS INDUSTRIAL PARK E4", "X": 23782.593846021198, "Y": 48062.501470185802, "LATITUDE": 1.4509343454078101, "LONGITUDE": 103.795420907376 }, "geometry": { "type": "Point", "coordinates": [ 103.795420906962107, 1.450934345677427 ] } },
{ "type": "Feature", "properties": { "OBJECTID": 546, "TempleID": 893, "Main_God_ID": 6, "SCNTemple": "万礼莲合殿", "TCNTemple": "萬禮蓮合殿", "ENTemple": "Wan Li Lian He Dian", "Main_God_Ch": "观世音菩萨", "Main_God_English": "Goddess of Mercy", "Main_God_ID_1": null, "Address": "19 Woodlands Industrial Park E7", "Postal_Code": 757721, "ADDRESS_1": "19 WOODLANDS INDUSTRIAL PARK E4", "X": 23782.593846021198, "Y": 48062.501470185802, "LATITUDE": 1.4509343454078101, "LONGITUDE": 103.795420907376 }, "geometry": { "type": "Point", "coordinates": [ 103.795420906962107, 1.450934345677427 ] } },
{ "type": "Feature", "properties": { "OBJECTID": 547, "TempleID": 895, "Main_God_ID": 2, "SCNTemple": "万山福德祠（土地庙）", "TCNTemple": "萬山福德祠（土地廟）", "ENTemple": "Man San Fook Tuck Chee Temple", "Main_God_Ch": "哪吒", "Main_God_English": "The Third Prince/ Marshal Central Altar", "Main_God_ID_1": 2, "Address": "124 Sims Drive", "Postal_Code": 387379, "ADDRESS_1": "124 SIMS DRIVE", "X": 32978.528211332901, "Y": 33398.483288571202, "LATITUDE": 1.31831813454568, "LONGITUDE": 103.87805321620399 }, "geometry": { "type": "Point", "coordinates": [ 103.878053216102089, 1.318318134649044 ] } },
{ "type": "Feature", "properties": { "OBJECTID": 548, "TempleID": 896, "Main_God_ID": 3, "SCNTemple": "万寿山观音堂", "TCNTemple": "萬壽山觀音堂", "ENTemple": "Ban Siew San Temple", "Main_God_Ch": "大伯公", "Main_God_English": "Tua Bek Kong", "Main_God_ID_1": 3, "Address": "2 Telok Blangah Drive", "Postal_Code": 109256, "ADDRESS_1": "2 TELOK BLANGAH DRIVE", "X": 25596.2211926458, "Y": 28415.169501796401, "LATITUDE": 1.2732511101074699, "LONGITUDE": 103.811719770241 }, "geometry": { "type": "Point", "coordinates": [ 103.81171977030688, 1.273251110091232 ] } },
{ "type": "Feature", "properties": { "OBJECTID": 549, "TempleID": 897, "Main_God_ID": 3, "SCNTemple": "万寿山堃成堂", "TCNTemple": "萬壽山堃成堂", "ENTemple": "Kong Seng Ting Temple", "Main_God_Ch": "观世音菩萨", "Main_God_English": "Goddess of Mercy", "Main_God_ID_1": 3, "Address": "4 Telok Blangah Drive", "Postal_Code": 109257, "ADDRESS_1": "4 TELOK BLANGAH DRIVE", "X": 25575.429448734001, "Y": 28384.460453020401, "LATITUDE": 1.2729733866576001, "LONGITUDE": 103.81153295135501 }, "geometry": { "type": "Point", "coordinates": [ 103.811532950916714, 1.272973387082472 ] } },
{ "type": "Feature", "properties": { "OBJECTID": 550, "TempleID": 899, "Main_God_ID": 93, "SCNTemple": "万仙庙", "TCNTemple": "萬仙廟", "ENTemple": "Ban Sien Temple", "Main_God_Ch": "妈祖", "Main_God_English": "Heavenly Empress", "Main_God_ID_1": 93, "Address": "98T Redhill Close", "Postal_Code": 158900, "ADDRESS_1": "98T REDHILL CLOSE", "X": 26112.060036204799, "Y": 29848.7791952472, "LATITUDE": 1.28621620799408, "LONGITUDE": 103.816354680655 }, "geometry": { "type": "Point", "coordinates": [ 103.816354680328914, 1.286216208037074 ] } },
{ "type": "Feature", "properties": { "OBJECTID": 551, "TempleID": 902, "Main_God_ID": 173, "SCNTemple": "旺相堂铜山 三教老祖师道教协会 aka 旺相堂", "TCNTemple": "旺相堂銅山 三教老祖師道教協會 aka 旺相堂", "ENTemple": "Ong Siong Tong Tong San aka  Sam Kar Lau Chor Shi Taoism Religious Society, Singapore", "Main_God_Ch": "万天主帅", "Main_God_English": null, "Main_God_ID_1": null, "Address": "25 Merpati Rd", "Postal_Code": 379302, "ADDRESS_1": "25 MERPATI ROAD", "X": 33344.087000023603, "Y": 34443.258749479399, "LATITUDE": 1.3277666494507701, "LONGITUDE": 103.881338130838 }, "geometry": { "type": "Point", "coordinates": [ 103.881338130837264, 1.3277666490033 ] } },
{ "type": "Feature", "properties": { "OBJECTID": 552, "TempleID": 902, "Main_God_ID": 86, "SCNTemple": "旺相堂铜山 三教老祖师道教协会 aka 旺相堂", "TCNTemple": "旺相堂銅山 三教老祖師道教協會 aka 旺相堂", "ENTemple": "Ong Siong Tong Tong San aka  Sam Kar Lau Chor Shi Taoism Religious Society, Singapore", "Main_God_Ch": "茅山法主", "Main_God_English": null, "Main_God_ID_1": null, "Address": "25 Merpati Rd", "Postal_Code": 379302, "ADDRESS_1": "25 MERPATI ROAD", "X": 33344.087000023603, "Y": 34443.258749479399, "LATITUDE": 1.3277666494507701, "LONGITUDE": 103.881338130838 }, "geometry": { "type": "Point", "coordinates": [ 103.881338130837264, 1.3277666490033 ] } },
{ "type": "Feature", "properties": { "OBJECTID": 553, "TempleID": 902, "Main_God_ID": 164, "SCNTemple": "旺相堂铜山 三教老祖师道教协会 aka 旺相堂", "TCNTemple": "旺相堂銅山 三教老祖師道教協會 aka 旺相堂", "ENTemple": "Ong Siong Tong Tong San aka  Sam Kar Lau Chor Shi Taoism Religious Society, Singapore", "Main_God_Ch": "金英祖师", "Main_God_English": "Grand Master Jin Ying", "Main_God_ID_1": null, "Address": "25 Merpati Rd", "Postal_Code": 379302, "ADDRESS_1": "25 MERPATI ROAD", "X": 33344.087000023603, "Y": 34443.258749479399, "LATITUDE": 1.3277666494507701, "LONGITUDE": 103.881338130838 }, "geometry": { "type": "Point", "coordinates": [ 103.881338130837264, 1.3277666490033 ] } },
{ "type": "Feature", "properties": { "OBJECTID": 556, "TempleID": 908, "Main_God_ID": 1, "SCNTemple": "文殊图书馆", "TCNTemple": "文殊圖書館", "ENTemple": "Manjusri Library", "Main_God_Ch": "广泽尊王", "Main_God_English": null, "Main_God_ID_1": 1, "Address": "40 Lorong 27 Geylang Road ", "Postal_Code": 388174, "ADDRESS_1": "40 LORONG 27 GEYLANG", "X": 33620.5010073585, "Y": 33021.358770353698, "LATITUDE": 1.3149074439475601, "LONGITUDE": 103.88382160199799 }, "geometry": { "type": "Point", "coordinates": [ 103.883821601931658, 1.314907444215673 ] } },
{ "type": "Feature", "properties": { "OBJECTID": 557, "TempleID": 909, "Main_God_ID": 7, "SCNTemple": "文友善堂", "TCNTemple": "文友善堂", "ENTemple": "Boon Yew Siang Theon", "Main_God_Ch": "释迦牟尼佛", "Main_God_English": "Sakyamuni Buddha", "Main_God_ID_1": 7, "Address": "7 Sturdee Road", "Postal_Code": 207839, "ADDRESS_1": "7 STURDEE ROAD", "X": 30857.340981056899, "Y": 32729.6978413127, "LATITUDE": 1.31227014677244, "LONGITUDE": 103.85899319772 }, "geometry": { "type": "Point", "coordinates": [ 103.858993197890356, 1.312270146398822 ] } },
{ "type": "Feature", "properties": { "OBJECTID": 558, "TempleID": 912, "Main_God_ID": 1, "SCNTemple": "呼达嘛严牟尼佛寺", "TCNTemple": "呼達嘛嚴牟尼佛寺", "ENTemple": "Uttamayanmuni Buddhist Temple ", "Main_God_Ch": "宋大峰祖师", "Main_God_English": null, "Main_God_ID_1": 1, "Address": "32B Hong San Terrace", "Postal_Code": 688785, "ADDRESS_1": "32B HONG SAN TERRACE", "X": 18263.814668078001, "Y": 40068.378131937199, "LATITUDE": 1.3786370783633299, "LONGITUDE": 103.74583181668 }, "geometry": { "type": "Point", "coordinates": [ 103.745831816966671, 1.37863707807452 ] } },
{ "type": "Feature", "properties": { "OBJECTID": 559, "TempleID": 913, "Main_God_ID": 5, "SCNTemple": "武当山庙（兀兰）", "TCNTemple": "武當山廟（兀蘭）", "ENTemple": "Boo Tong San Temple", "Main_God_Ch": "释迦牟尼佛", "Main_God_English": "Sakyamuni Buddha", "Main_God_ID_1": 5, "Address": "11 Woodlands Industrial Park E8, # 01 - 02", "Postal_Code": 757701, "ADDRESS_1": "11 WOODLANDS INDUSTRIAL PARK E8", "X": 24350.9557531504, "Y": 48222.0414395798, "LATITUDE": 1.45237724697783, "LONGITUDE": 103.800528194054 }, "geometry": { "type": "Point", "coordinates": [ 103.800528194474722, 1.452377246619895 ] } },
{ "type": "Feature", "properties": { "OBJECTID": 560, "TempleID": 916, "Main_God_ID": 108, "SCNTemple": "午峰岩/午峰岩宮", "TCNTemple": "午峰岩/午峰岩宮", "ENTemple": "Wu Hong Yan Kong Temple", "Main_God_Ch": "华光大帝", "Main_God_English": null, "Main_God_ID_1": 108, "Address": "Serangoon North Avenue 3", "Postal_Code": 555862, "ADDRESS_1": "21 SERANGOON NORTH AVENUE 3", "X": 32096.7996894838, "Y": 39464.1978495773, "LATITUDE": 1.3731744208459999, "LONGITUDE": 103.870131255166 }, "geometry": { "type": "Point", "coordinates": [ 103.870131255259835, 1.373174420397634 ] } },
{ "type": "Feature", "properties": { "OBJECTID": 562, "TempleID": 918, "Main_God_ID": 31, "SCNTemple": "五福庙", "TCNTemple": "五福廟", "ENTemple": "Wu Fu Miao", "Main_God_Ch": "感天大帝", "Main_God_English": null, "Main_God_ID_1": 31, "Address": "3 Choa Chu Kang Street 51", "Postal_Code": 689338, "ADDRESS_1": "3 CHOA CHU KANG STREET 51", "X": 17907.0027818577, "Y": 41516.709537040399, "LATITUDE": 1.39173513139348, "LONGITUDE": 103.742625104913 }, "geometry": { "type": "Point", "coordinates": [ 103.742625105075462, 1.391735131058504 ] } },
{ "type": "Feature", "properties": { "OBJECTID": 563, "TempleID": 922, "Main_God_ID": 151, "SCNTemple": "无极宫（琼人/30年后退出）", "TCNTemple": "無極宮（瓊人/30年后退出）", "ENTemple": "Wu Ji Gong", "Main_God_Ch": "包公", "Main_God_English": null, "Main_God_ID_1": 151, "Address": "177 Lorong 7 Toa Payoh", "Postal_Code": 319318, "ADDRESS_1": "177Q LORONG 7 TOA PAYOH", "X": 30577.1694759559, "Y": 35642.104694590002, "LATITUDE": 1.3386089464329201, "LONGITUDE": 103.856475963154 }, "geometry": { "type": "Point", "coordinates": [ 103.856475963369775, 1.338608946481839 ] } },
{ "type": "Feature", "properties": { "OBJECTID": 564, "TempleID": 924, "Main_God_ID": 106, "SCNTemple": "五雷宮", "TCNTemple": "五雷宮", "ENTemple": "Wu Lui Sien Sze Temple ", "Main_God_Ch": "李英娘娘", "Main_God_English": null, "Main_God_ID_1": 106, "Address": "6 Bukit Batok Street 21", "Postal_Code": 659630, "ADDRESS_1": "6 BUKIT BATOK STREET 21", "X": 18834.171780156899, "Y": 36492.362927872702, "LATITUDE": 1.3462970895963799, "LONGITUDE": 103.750957988225 }, "geometry": { "type": "Point", "coordinates": [ 103.750957988403187, 1.346297089344317 ] } },
{ "type": "Feature", "properties": { "OBJECTID": 565, "TempleID": 926, "Main_God_ID": 4, "SCNTemple": "勿洛北福安殿", "TCNTemple": "勿洛北福安殿", "ENTemple": "Wu Luo Bei Fu An Dian", "Main_God_Ch": "五雷公", "Main_God_English": null, "Main_God_ID_1": 4, "Address": "Blk 428, Bedok North Road #06-623", "Postal_Code": 460428, "ADDRESS_1": "428 BEDOK NORTH ROAD", "X": 38498.1317378124, "Y": 34639.4889028408, "LATITUDE": 1.3295399416263001, "LONGITUDE": 103.9276500842 }, "geometry": { "type": "Point", "coordinates": [ 103.927650083860087, 1.329539941600626 ] } },
{ "type": "Feature", "properties": { "OBJECTID": 566, "TempleID": 931, "Main_God_ID": 112, "SCNTemple": "五台山佛公寺", "TCNTemple": "五臺山佛公寺", "ENTemple": "Wu Tai Shan Buddhist Temple", "Main_God_Ch": "关帝圣君", "Main_God_English": "God of War", "Main_God_ID_1": 112, "Address": "151 West Coast Road", "Postal_Code": 127369, "ADDRESS_1": "151 WEST COAST ROAD", "X": 20364.980081144698, "Y": 31720.653432501502, "LATITUDE": 1.3031438967700399, "LONGITUDE": 103.76471441998 }, "geometry": { "type": "Point", "coordinates": [ 103.764714420149033, 1.303143896476116 ] } },
{ "type": "Feature", "properties": { "OBJECTID": 567, "TempleID": 932, "Main_God_ID": 157, "SCNTemple": "武天寺", "TCNTemple": "武天寺", "ENTemple": "Bo Tien Temple", "Main_God_Ch": "佛公杨五郎", "Main_God_English": null, "Main_God_ID_1": null, "Address": "6 Fourth Chin Bee Road", "Postal_Code": 619708, "ADDRESS_1": "6 FOURTH CHIN BEE ROAD", "X": 15274.873462428301, "Y": 34843.575777271799, "LATITUDE": 1.33138477510147, "LONGITUDE": 103.718976236549 }, "geometry": { "type": "Point", "coordinates": [ 103.718976236886661, 1.331384775307035 ] } },
{ "type": "Feature", "properties": { "OBJECTID": 568, "TempleID": 932, "Main_God_ID": 1, "SCNTemple": "武天寺", "TCNTemple": "武天寺", "ENTemple": "Bo Tien Temple", "Main_God_Ch": "武天佛祖", "Main_God_English": null, "Main_God_ID_1": null, "Address": "6 Fourth Chin Bee Road", "Postal_Code": 619708, "ADDRESS_1": "6 FOURTH CHIN BEE ROAD", "X": 15274.873462428301, "Y": 34843.575777271799, "LATITUDE": 1.33138477510147, "LONGITUDE": 103.718976236549 }, "geometry": { "type": "Point", "coordinates": [ 103.718976236886661, 1.331384775307035 ] } },
{ "type": "Feature", "properties": { "OBJECTID": 569, "TempleID": 932, "Main_God_ID": 3, "SCNTemple": "武天寺", "TCNTemple": "武天寺", "ENTemple": "Bo Tien Temple", "Main_God_Ch": "释迦牟尼佛", "Main_God_English": "Sakyamuni Buddha", "Main_God_ID_1": null, "Address": "6 Fourth Chin Bee Road", "Postal_Code": 619708, "ADDRESS_1": "6 FOURTH CHIN BEE ROAD", "X": 15274.873462428301, "Y": 34843.575777271799, "LATITUDE": 1.33138477510147, "LONGITUDE": 103.718976236549 }, "geometry": { "type": "Point", "coordinates": [ 103.718976236886661, 1.331384775307035 ] } },
{ "type": "Feature", "properties": { "OBJECTID": 570, "TempleID": 934, "Main_God_ID": 31, "SCNTemple": "五显堂", "TCNTemple": "五顯堂", "ENTemple": "Wu Xian Tang", "Main_God_Ch": "观世音菩萨", "Main_God_English": "Goddess of Mercy", "Main_God_ID_1": 31, "Address": "74 Koon Seng Rd", "Postal_Code": 427012, "ADDRESS_1": "74 KOON SENG ROAD", "X": 35914.489216055699, "Y": 32643.425400806598, "LATITUDE": 1.3114890454458299, "LONGITUDE": 103.904434131869 }, "geometry": { "type": "Point", "coordinates": [ 103.904434131724912, 1.311489045438542 ] } },
{ "type": "Feature", "properties": { "OBJECTID": 571, "TempleID": 938, "Main_God_ID": 2, "SCNTemple": "西海岸福德祠", "TCNTemple": "西海岸福德祠", "ENTemple": "West Coast Hock Teck Si", "Main_God_Ch": "包公", "Main_God_English": null, "Main_God_ID_1": 2, "Address": "64 Jurong West Street 41", "Postal_Code": 649332, "ADDRESS_1": "8 JURONG WEST STREET 51", "X": 15558.463857362, "Y": 36642.435919465497, "LATITUDE": 1.3476531143163599, "LONGITUDE": 103.721523713379 }, "geometry": { "type": "Point", "coordinates": [ 103.721523713761542, 1.347653114140346 ] } },
{ "type": "Feature", "properties": { "OBJECTID": 572, "TempleID": 939, "Main_God_ID": 9, "SCNTemple": "西河别墅", "TCNTemple": "西河別墅", "ENTemple": "Sai Ho Piat Su", "Main_God_Ch": "大伯公", "Main_God_English": "Tua Bek Kong", "Main_God_ID_1": 9, "Address": "777 Upper Serangoon Road", "Postal_Code": 534645, "ADDRESS_1": "777 UPPER SERANGOON ROAD", "X": 33033.511819833897, "Y": 37452.019975691997, "LATITUDE": 1.35497686229807, "LONGITUDE": 103.878547942593 }, "geometry": { "type": "Point", "coordinates": [ 103.878547942414045, 1.354976862517905 ] } },
{ "type": "Feature", "properties": { "OBJECTID": 573, "TempleID": 944, "Main_God_ID": 20, "SCNTemple": "西山宫", "TCNTemple": "西山宮", "ENTemple": "Xi Shan Gong", "Main_God_Ch": "妈祖", "Main_God_English": "Heavenly Empress", "Main_God_ID_1": null, "Address": "741 Jurong West St 42", "Postal_Code": 649369, "ADDRESS_1": "741 JURONG WEST STREET 42", "X": 15830.9311012281, "Y": 37229.019425202197, "LATITUDE": 1.3529580690432701, "LONGITUDE": 103.72397175928501 }, "geometry": { "type": "Point", "coordinates": [ 103.723971759273809, 1.352958068815356 ] } },
{ "type": "Feature", "properties": { "OBJECTID": 574, "TempleID": 944, "Main_God_ID": 5, "SCNTemple": "西山宫", "TCNTemple": "西山宮", "ENTemple": "Xi Shan Gong", "Main_God_Ch": "广泽尊王", "Main_God_English": null, "Main_God_ID_1": null, "Address": "741 Jurong West St 42", "Postal_Code": 649369, "ADDRESS_1": "741 JURONG WEST STREET 42", "X": 15830.9311012281, "Y": 37229.019425202197, "LATITUDE": 1.3529580690432701, "LONGITUDE": 103.72397175928501 }, "geometry": { "type": "Point", "coordinates": [ 103.723971759273809, 1.352958068815356 ] } },
{ "type": "Feature", "properties": { "OBJECTID": 575, "TempleID": 945, "Main_God_ID": 5, "SCNTemple": "西天道庙", "TCNTemple": "西天道廟", "ENTemple": "See Thian Tao Temple ", "Main_God_Ch": "玄天上帝", "Main_God_English": null, "Main_God_ID_1": 5, "Address": "557 Bukit Batok Street 23", "Postal_Code": 659523, "ADDRESS_1": "557 BUKIT BATOK STREET 23", "X": 19533.675326318498, "Y": 35809.8244655132, "LATITUDE": 1.3401246651513601, "LONGITUDE": 103.757243643853 }, "geometry": { "type": "Point", "coordinates": [ 103.757243643615766, 1.340124665463242 ] } },
{ "type": "Feature", "properties": { "OBJECTID": 576, "TempleID": 946, "Main_God_ID": 34, "SCNTemple": "西天佛庙", "TCNTemple": "西天佛廟", "ENTemple": "See Thian Foh Temple ", "Main_God_Ch": "玄天上帝", "Main_God_English": null, "Main_God_ID_1": 34, "Address": "557 Bukit Batok Street 23", "Postal_Code": 659523, "ADDRESS_1": "557 BUKIT BATOK STREET 23", "X": 19533.675326318498, "Y": 35809.8244655132, "LATITUDE": 1.3401246651513601, "LONGITUDE": 103.757243643853 }, "geometry": { "type": "Point", "coordinates": [ 103.757243643615766, 1.340124665463242 ] } },
{ "type": "Feature", "properties": { "OBJECTID": 579, "TempleID": 953, "Main_God_ID": 21, "SCNTemple": "贤当宫大伯公", "TCNTemple": "賢當宮大伯公", "ENTemple": "Hiang Tong Keng Tua Pek Kong", "Main_God_Ch": "感天大帝", "Main_God_English": null, "Main_God_ID_1": 21, "Address": "93 Tampines Link", "Postal_Code": 528744, "ADDRESS_1": "93 TAMPINES LINK", "X": 38636.584910991602, "Y": 38823.151768408701, "LATITUDE": 1.36737540006861, "LONGITUDE": 103.92889563669 }, "geometry": { "type": "Point", "coordinates": [ 103.928895636590454, 1.367375400354308 ] } },
{ "type": "Feature", "properties": { "OBJECTID": 580, "TempleID": 954, "Main_God_ID": 18, "SCNTemple": "仙宫堂（兴化人）", "TCNTemple": "仙宮堂（興化人）", "ENTemple": "Sian Keng Tong Temple ( Heng Hwa temple)", "Main_God_Ch": "感天大帝", "Main_God_English": null, "Main_God_ID_1": null, "Address": "216 Changi Road", "Postal_Code": 419736, "ADDRESS_1": "216 CHANGI ROAD", "X": 35873.2772071976, "Y": 33271.964720835902, "LATITUDE": 1.3171733393743199, "LONGITUDE": 103.904063981943 }, "geometry": { "type": "Point", "coordinates": [ 103.904063981878451, 1.317173339185898 ] } },
{ "type": "Feature", "properties": { "OBJECTID": 581, "TempleID": 954, "Main_God_ID": 131, "SCNTemple": "仙宫堂（兴化人）", "TCNTemple": "仙宮堂（興化人）", "ENTemple": "Sian Keng Tong Temple ( Heng Hwa temple)", "Main_God_Ch": "保生大帝", "Main_God_English": "God of Medicine", "Main_God_ID_1": null, "Address": "216 Changi Road", "Postal_Code": 419736, "ADDRESS_1": "216 CHANGI ROAD", "X": 35873.2772071976, "Y": 33271.964720835902, "LATITUDE": 1.3171733393743199, "LONGITUDE": 103.904063981943 }, "geometry": { "type": "Point", "coordinates": [ 103.904063981878451, 1.317173339185898 ] } },
{ "type": "Feature", "properties": { "OBJECTID": 582, "TempleID": 956, "Main_God_ID": 21, "SCNTemple": "显龙宫", "TCNTemple": "縣龍宮", "ENTemple": "Xian Long Gong", "Main_God_Ch": "太乙仙姑", "Main_God_English": null, "Main_God_ID_1": 21, "Address": "60 Jurong West Street 41", "Postal_Code": 649407, "ADDRESS_1": "60 JURONG WEST STREET 41", "X": 15421.251278031599, "Y": 36824.935910051703, "LATITUDE": 1.34930351884838, "LONGITUDE": 103.720290699301 }, "geometry": { "type": "Point", "coordinates": [ 103.720290699497667, 1.349303518757494 ] } },
{ "type": "Feature", "properties": { "OBJECTID": 583, "TempleID": 959, "Main_God_ID": 119, "SCNTemple": "仙祖宫（紫云庙）", "TCNTemple": "仙祖宮（紫雲廟）", "ENTemple": "Siang Cho Keong Temple ", "Main_God_Ch": "感天大帝", "Main_God_English": null, "Main_God_ID_1": 119, "Address": "66 Amoy Street", "Postal_Code": 69886, "ADDRESS_1": "66A AMOY STREET", "X": 29469.518786490898, "Y": 29157.760794034199, "LATITUDE": 1.2799669026623, "LONGITUDE": 103.846522763736 }, "geometry": { "type": "Point", "coordinates": [ 103.846522763856768, 1.279966902716257 ] } },
{ "type": "Feature", "properties": { "OBJECTID": 587, "TempleID": 965, "Main_God_ID": 4, "SCNTemple": "协天宫灵宝殿", "TCNTemple": "協天宮靈寶殿", "ENTemple": "Hiap Tien Keng Leng Poh Tian", "Main_God_Ch": "许氏真君", "Main_God_English": null, "Main_God_ID_1": 4, "Address": "81 Tampines Link", "Postal_Code": 528739, "ADDRESS_1": "81 TAMPINES LINK", "X": 38800.726340343201, "Y": 38933.228979265303, "LATITUDE": 1.36837083809382, "LONGITUDE": 103.93037059931901 }, "geometry": { "type": "Point", "coordinates": [ 103.930370598956131, 1.368370838281356 ] } },
{ "type": "Feature", "properties": { "OBJECTID": 588, "TempleID": 969, "Main_God_ID": 2, "SCNTemple": "新芭大伯公", "TCNTemple": "新芭大伯公", "ENTemple": "Xin Ba Da Bo Gong", "Main_God_Ch": "关帝圣君", "Main_God_English": "God of War", "Main_God_ID_1": 2, "Address": "25 Tampines Street 21", "Postal_Code": 529394, "ADDRESS_1": "25 TAMPINES STREET 21", "X": 40970.4589973763, "Y": 37545.692151248499, "LATITUDE": 1.3558216025370999, "LONGITUDE": 103.94986652515399 }, "geometry": { "type": "Point", "coordinates": [ 103.949866525176873, 1.355821602977986 ] } },
{ "type": "Feature", "properties": { "OBJECTID": 589, "TempleID": 972, "Main_God_ID": 13, "SCNTemple": "新加坡德教联合总会", "TCNTemple": "新加坡德教聯合總會", "ENTemple": "The Singapore Federation of Moral Missions", "Main_God_Ch": "大伯公", "Main_God_English": "Tua Bek Kong", "Main_God_ID_1": null, "Address": "17 Jalan Rajah", "Postal_Code": 329138, "ADDRESS_1": "23 JALAN RAJAH", "X": 29649.173041785099, "Y": 34438.261717243098, "LATITUDE": 1.32772188246209, "LONGITUDE": 103.848137304369 }, "geometry": { "type": "Point", "coordinates": [ 103.848137303993425, 1.327721882306161 ] } },
{ "type": "Feature", "properties": { "OBJECTID": 590, "TempleID": 972, "Main_God_ID": 22, "SCNTemple": "新加坡德教联合总会", "TCNTemple": "新加坡德教聯合總會", "ENTemple": "The Singapore Federation of Moral Missions", "Main_God_Ch": "太上老君", "Main_God_English": null, "Main_God_ID_1": null, "Address": "17 Jalan Rajah", "Postal_Code": 329138, "ADDRESS_1": "23 JALAN RAJAH", "X": 29649.173041785099, "Y": 34438.261717243098, "LATITUDE": 1.32772188246209, "LONGITUDE": 103.848137304369 }, "geometry": { "type": "Point", "coordinates": [ 103.848137303993425, 1.327721882306161 ] } },
{ "type": "Feature", "properties": { "OBJECTID": 591, "TempleID": 973, "Main_God_ID": 1, "SCNTemple": "新加坡佛教福利协会 （佛教文化中心、福慧讲堂、     慈恩林、后港洗肾中心）", "TCNTemple": "新加坡佛教福利協會 （佛教文化中心、福慧講堂、     慈恩林、後港洗腎中心）", "ENTemple": "Singapore Buddhist Welfare Services", "Main_God_Ch": "五教圣人", "Main_God_English": null, "Main_God_ID_1": 1, "Address": "105 Punggol Road", "Postal_Code": 546636, "ADDRESS_1": "105 PUNGGOL ROAD", "X": 35024.767313190699, "Y": 40200.620647804797, "LATITUDE": 1.3798338079619901, "LONGITUDE": 103.89644130576301 }, "geometry": { "type": "Point", "coordinates": [ 103.896441305644217, 1.379833807529671 ] } },
{ "type": "Feature", "properties": { "OBJECTID": 592, "TempleID": 975, "Main_God_ID": 1, "SCNTemple": "新加坡佛教居士林", "TCNTemple": "新加坡佛教居士林", "ENTemple": "Singapore Buddhist Lodge", "Main_God_Ch": "释迦牟尼佛", "Main_God_English": "Sakyamuni Buddha", "Main_God_ID_1": 1, "Address": "17 Kim Yam Road", "Postal_Code": 239329, "ADDRESS_1": "17 KIM YAM ROAD", "X": 28635.502474342498, "Y": 30767.686759266999, "LATITUDE": 1.2945265356048901, "LONGITUDE": 103.83902884277001 }, "geometry": { "type": "Point", "coordinates": [ 103.839028843000534, 1.294526535973258 ] } },
{ "type": "Feature", "properties": { "OBJECTID": 593, "TempleID": 976, "Main_God_ID": 1, "SCNTemple": "新加坡佛教青年弘法团 （分团）", "TCNTemple": "新加坡佛教青年弘法團 （分團）", "ENTemple": "Singapore Buddhist Youth Mission (Branch)", "Main_God_Ch": "释迦牟尼佛", "Main_God_English": "Sakyamuni Buddha", "Main_God_ID_1": 1, "Address": "18 Vaughan Road ", "Postal_Code": 358105, "ADDRESS_1": "18 VAUGHAN ROAD", "X": 32228.353881134699, "Y": 36668.643453165903, "LATITUDE": 1.3478924102835099, "LONGITUDE": 103.871312968168 }, "geometry": { "type": "Point", "coordinates": [ 103.871312968337563, 1.347892410707064 ] } },
{ "type": "Feature", "properties": { "OBJECTID": 594, "TempleID": 982, "Main_God_ID": 28, "SCNTemple": "新加坡三清道教会", "TCNTemple": "新加坡三清道教會", "ENTemple": "Singapore San Ching Taoist Association", "Main_God_Ch": "释迦牟尼佛", "Main_God_English": "Sakyamuni Buddha", "Main_God_ID_1": 28, "Address": "399-A Guillemard", "Postal_Code": 399793, "ADDRESS_1": "399A GUILLEMARD ROAD", "X": 34137.2375993151, "Y": 32696.301600942399, "LATITUDE": 1.3119676441627399, "LONGITUDE": 103.888464673858 }, "geometry": { "type": "Point", "coordinates": [ 103.888464673864036, 1.311967644154215 ] } },
{ "type": "Feature", "properties": { "OBJECTID": 595, "TempleID": 984, "Main_God_ID": 15, "SCNTemple": "新加坡善灵坛道教会", "TCNTemple": "新加坡善靈壇道教會", "ENTemple": "Shan Ling Tuah Society", "Main_God_Ch": "七王府大人", "Main_God_English": "Seven Lords", "Main_God_ID_1": 15, "Address": "Blk 310A,Anchorvale Road, #01-31", "Postal_Code": 541310, "ADDRESS_1": "310A ANCHORVALE ROAD", "X": 33754.2441795915, "Y": 41424.821538051598, "LATITUDE": 1.39090531481991, "LONGITUDE": 103.885024959643 }, "geometry": { "type": "Point", "coordinates": [ 103.885024959826538, 1.390905314475785 ] } },
{ "type": "Feature", "properties": { "OBJECTID": 596, "TempleID": 988, "Main_God_ID": 9, "SCNTemple": "新加坡中山海洲会馆", "TCNTemple": "新加坡中山海洲會館", "ENTemple": "Chung Shan Hoizou Association", "Main_God_Ch": "善财童子", "Main_God_English": "Sudhana", "Main_God_ID_1": 9, "Address": "27 Ann Siang Road ", "Postal_Code": 69707, "ADDRESS_1": "27 ANN SIANG ROAD", "X": 29410.814637430001, "Y": 29267.462500283498, "LATITUDE": 1.28095900908558, "LONGITUDE": 103.845995289538 }, "geometry": { "type": "Point", "coordinates": [ 103.845995289201539, 1.280959009083029 ] } },
{ "type": "Feature", "properties": { "OBJECTID": 597, "TempleID": 989, "Main_God_ID": 76, "SCNTemple": "新加坡金锻殿道教协会", "TCNTemple": "新加坡金鍛殿道教協會", "ENTemple": "Jin Duan Dian Taoist Asscoiation", "Main_God_Ch": "妈祖", "Main_God_English": "Heavenly Empress", "Main_God_ID_1": 76, "Address": "Blk 681, Race Course Road #07-289", "Postal_Code": 210681, "ADDRESS_1": "681 RACE COURSE ROAD", "X": 30443.2872526059, "Y": 32890.085738003298, "LATITUDE": 1.31372067382172, "LONGITUDE": 103.855272733514 }, "geometry": { "type": "Point", "coordinates": [ 103.855272733939572, 1.31372067347803 ] } },
{ "type": "Feature", "properties": { "OBJECTID": 598, "TempleID": 990, "Main_God_ID": 1, "SCNTemple": "新加坡佛教青年团", "TCNTemple": "新加坡佛教青年團", "ENTemple": "Singapore Buddhist Youth Mission", "Main_God_Ch": "洪钧老祖", "Main_God_English": null, "Main_God_ID_1": 1, "Address": "3306 Commonwealth Avenue West", "Postal_Code": 129583, "ADDRESS_1": "3306 COMMONWEALTH AVENUE WEST", "X": 20048.292554055301, "Y": 33917.219322996199, "LATITUDE": 1.3230087682960701, "LONGITUDE": 103.761868274476 }, "geometry": { "type": "Point", "coordinates": [ 103.761868274888741, 1.323008768088117 ] } },
{ "type": "Feature", "properties": { "OBJECTID": 599, "TempleID": 993, "Main_God_ID": 4, "SCNTemple": "新胜坛", "TCNTemple": "新勝壇", "ENTemple": "Xin Sheng Tan", "Main_God_Ch": "释迦牟尼佛", "Main_God_English": "Sakyamuni Buddha", "Main_God_ID_1": 4, "Address": "17 Yishun Avenue 9", "Postal_Code": 768890, "ADDRESS_1": "17 YISHUN AVENUE 9", "X": 28910.941792066202, "Y": 46211.698410866797, "LATITUDE": 1.4341966589497299, "LONGITUDE": 103.841504254897 }, "geometry": { "type": "Point", "coordinates": [ 103.84150425496793, 1.434196658851459 ] } },
{ "type": "Feature", "properties": { "OBJECTID": 600, "TempleID": 997, "Main_God_ID": 9, "SCNTemple": "兴安天后宫（兴化庙）", "TCNTemple": "興安天后宮（興化廟）", "ENTemple": "Xing An Tian Hou Gong", "Main_God_Ch": "关帝圣君", "Main_God_English": "God of War", "Main_God_ID_1": null, "Address": "25 Lorong 33 Geylang", "Postal_Code": 387985, "ADDRESS_1": "25 LORONG 33 GEYLANG", "X": 34034.781170595401, "Y": 33066.652326012001, "LATITUDE": 1.3153169841358801, "LONGITUDE": 103.887544124977 }, "geometry": { "type": "Point", "coordinates": [ 103.887544125241121, 1.315316983900637 ] } },
{ "type": "Feature", "properties": { "OBJECTID": 601, "TempleID": 997, "Main_God_ID": 83, "SCNTemple": "兴安天后宫（兴化庙）", "TCNTemple": "興安天后宮（興化廟）", "ENTemple": "Xing An Tian Hou Gong", "Main_God_Ch": "妈祖", "Main_God_English": "Heavenly Empress", "Main_God_ID_1": null, "Address": "25 Lorong 33 Geylang", "Postal_Code": 387985, "ADDRESS_1": "25 LORONG 33 GEYLANG", "X": 34034.781170595401, "Y": 33066.652326012001, "LATITUDE": 1.3153169841358801, "LONGITUDE": 103.887544124977 }, "geometry": { "type": "Point", "coordinates": [ 103.887544125241121, 1.315316983900637 ] } },
{ "type": "Feature", "properties": { "OBJECTID": 603, "TempleID": 1000, "Main_God_ID": 11, "SCNTemple": "兴胜宫（芽笼）", "TCNTemple": "興勝宮（芽籠）", "ENTemple": "Xing Sheng Gong", "Main_God_Ch": "哪吒", "Main_God_English": "The Third Prince/ Marshal Central Altar", "Main_God_ID_1": null, "Address": "67-A Lorong 14 Gelang", "Postal_Code": 398956, "ADDRESS_1": "67A LORONG 14 GEYLANG", "X": 33145.774590990499, "Y": 32522.4031054322, "LATITUDE": 1.3103951496134301, "LONGITUDE": 103.87955586496901 }, "geometry": { "type": "Point", "coordinates": [ 103.879555865049596, 1.310395149564313 ] } },
{ "type": "Feature", "properties": { "OBJECTID": 604, "TempleID": 1000, "Main_God_ID": 5, "SCNTemple": "兴胜宫（芽笼）", "TCNTemple": "興勝宮（芽籠）", "ENTemple": "Xing Sheng Gong", "Main_God_Ch": "张公圣君", "Main_God_English": null, "Main_God_ID_1": null, "Address": "67-A Lorong 14 Gelang", "Postal_Code": 398956, "ADDRESS_1": "67A LORONG 14 GEYLANG", "X": 33145.774590990499, "Y": 32522.4031054322, "LATITUDE": 1.3103951496134301, "LONGITUDE": 103.87955586496901 }, "geometry": { "type": "Point", "coordinates": [ 103.879555865049596, 1.310395149564313 ] } },
{ "type": "Feature", "properties": { "OBJECTID": 605, "TempleID": 1001, "Main_God_ID": 55, "SCNTemple": "兴胜宫（樟宜）", "TCNTemple": "興勝宮（樟宜）", "ENTemple": "Xing Sheng Gong", "Main_God_Ch": "玄天上帝", "Main_God_English": null, "Main_God_ID_1": null, "Address": "280-A Changi Road", "Postal_Code": 419760, "ADDRESS_1": "280A CHANGI ROAD", "X": 36130.141214652896, "Y": 33319.215010836699, "LATITUDE": 1.31760058696229, "LONGITUDE": 103.906372046985 }, "geometry": { "type": "Point", "coordinates": [ 103.906372046853278, 1.317600586864293 ] } },
{ "type": "Feature", "properties": { "OBJECTID": 606, "TempleID": 1001, "Main_God_ID": 166, "SCNTemple": "兴胜宫（樟宜）", "TCNTemple": "興勝宮（樟宜）", "ENTemple": "Xing Sheng Gong", "Main_God_Ch": "三一教主林兆恩、卓真人、张真人", "Main_God_English": null, "Main_God_ID_1": null, "Address": "280-A Changi Road", "Postal_Code": 419760, "ADDRESS_1": "280A CHANGI ROAD", "X": 36130.141214652896, "Y": 33319.215010836699, "LATITUDE": 1.31760058696229, "LONGITUDE": 103.906372046985 }, "geometry": { "type": "Point", "coordinates": [ 103.906372046853278, 1.317600586864293 ] } },
{ "type": "Feature", "properties": { "OBJECTID": 607, "TempleID": 1001, "Main_God_ID": 10, "SCNTemple": "兴胜宫（樟宜）", "TCNTemple": "興勝宮（樟宜）", "ENTemple": "Xing Sheng Gong", "Main_God_Ch": "田公元帅", "Main_God_English": null, "Main_God_ID_1": null, "Address": "280-A Changi Road", "Postal_Code": 419760, "ADDRESS_1": "280A CHANGI ROAD", "X": 36130.141214652896, "Y": 33319.215010836699, "LATITUDE": 1.31760058696229, "LONGITUDE": 103.906372046985 }, "geometry": { "type": "Point", "coordinates": [ 103.906372046853278, 1.317600586864293 ] } },
{ "type": "Feature", "properties": { "OBJECTID": 608, "TempleID": 1005, "Main_God_ID": 7, "SCNTemple": "武吉知馬修德善堂", "TCNTemple": "武吉知馬修德善堂", "ENTemple": "Bukit Timah Seu Teck Sean Tong", "Main_God_Ch": "齐天大圣", "Main_God_English": "Monkey King", "Main_God_ID_1": 7, "Address": "160 Jurong East Avenue 1, Street 24", "Postal_Code": 609559, "ADDRESS_1": "160 JURONG EAST STREET 24", "X": 17736.825523068201, "Y": 35984.236275760501, "LATITUDE": 1.3417014233392399, "LONGITUDE": 103.74109783929001 }, "geometry": { "type": "Point", "coordinates": [ 103.74109783908213, 1.341701423558457 ] } },
{ "type": "Feature", "properties": { "OBJECTID": 609, "TempleID": 1006, "Main_God_ID": 7, "SCNTemple": "修德善堂养心社", "TCNTemple": "修德善堂養心社", "ENTemple": "Seu Teck Sean Tong Yiang Sin Sia", "Main_God_Ch": "宋大峰祖师", "Main_God_English": null, "Main_God_ID_1": 7, "Address": "335 Bedok North Ave 3 ", "Postal_Code": 469718, "ADDRESS_1": "335 BEDOK NORTH AVENUE 3", "X": 39183.3515803134, "Y": 35025.533849880099, "LATITUDE": 1.333030945552, "LONGITUDE": 103.93380729766299 }, "geometry": { "type": "Point", "coordinates": [ 103.933807297839095, 1.333030945100901 ] } },
{ "type": "Feature", "properties": { "OBJECTID": 610, "TempleID": 1010, "Main_God_ID": 5, "SCNTemple": "玄江殿道教会", "TCNTemple": "玄江殿道教會", "ENTemple": "Heng Kang Tian Taoist Association", "Main_God_Ch": "宋大峰祖师", "Main_God_English": null, "Main_God_ID_1": 5, "Address": "30 Jln Rama Rama", "Postal_Code": 329110, "ADDRESS_1": "30 JALAN RAMA RAMA", "X": 29812.766983847101, "Y": 34402.613417813598, "LATITUDE": 1.3273994825764699, "LONGITUDE": 103.84960728361899 }, "geometry": { "type": "Point", "coordinates": [ 103.849607283763618, 1.327399482415361 ] } },
{ "type": "Feature", "properties": { "OBJECTID": 611, "TempleID": 1011, "Main_God_ID": 5, "SCNTemple": "玄灵宫", "TCNTemple": "玄靈宮", "ENTemple": "Hiang Leng Gong Temple", "Main_God_Ch": "玄天上帝", "Main_God_English": null, "Main_God_ID_1": 5, "Address": "10 Geylang Lorong 24", "Postal_Code": 398622, "ADDRESS_1": "10 LORONG 24 GEYLANG", "X": 33545.581603257902, "Y": 32776.5361235198, "LATITUDE": 1.31269336879633, "LONGITUDE": 103.883148369864 }, "geometry": { "type": "Point", "coordinates": [ 103.883148369834458, 1.312693368583632 ] } },
{ "type": "Feature", "properties": { "OBJECTID": 612, "TempleID": 1016, "Main_God_ID": 5, "SCNTemple": "玄山庙", "TCNTemple": "玄山廟", "ENTemple": "Siang San Temple", "Main_God_Ch": "玄天上帝", "Main_God_English": null, "Main_God_ID_1": 5, "Address": "21 Woodlands Industrial Park E7", "Postal_Code": 757722, "ADDRESS_1": "21 WOODLANDS INDUSTRIAL PARK E4", "X": 23805.425591498599, "Y": 48059.130191890501, "LATITUDE": 1.4509038602490401, "LONGITUDE": 103.795626074236 }, "geometry": { "type": "Point", "coordinates": [ 103.795626074312409, 1.450903860322391 ] } },
{ "type": "Feature", "properties": { "OBJECTID": 613, "TempleID": 1029, "Main_God_ID": 5, "SCNTemple": "玄云坛道教会", "TCNTemple": "玄雲壇道教會", "ENTemple": "Xuan Yun Tan Taoist Society", "Main_God_Ch": "齐天大圣", "Main_God_English": "Monkey King", "Main_God_ID_1": 5, "Address": "61B Lorong 27 Geylang Rd", "Postal_Code": 388186, "ADDRESS_1": "61A LORONG 27 GEYLANG", "X": 33603.792807934798, "Y": 33137.824886675902, "LATITUDE": 1.3159607250223999, "LONGITUDE": 103.88367149158501 }, "geometry": { "type": "Point", "coordinates": [ 103.883671491513581, 1.3159607251429 ] } },
{ "type": "Feature", "properties": { "OBJECTID": 614, "TempleID": 1033, "Main_God_ID": 2, "SCNTemple": "芽笼联合宫", "TCNTemple": "芽籠聯合宮", "ENTemple": "Geylang United Temple", "Main_God_Ch": "玄天上帝", "Main_God_English": null, "Main_God_ID_1": 2, "Address": "103 Eunos Road 5", "Postal_Code": 409352, "ADDRESS_1": "103 EUNOS ROAD 5", "X": 34984.292602148802, "Y": 33542.621364183702, "LATITUDE": 1.3196212762142601, "LONGITUDE": 103.896076067514 }, "geometry": { "type": "Point", "coordinates": [ 103.896076067494704, 1.319621276538174 ] } },
{ "type": "Feature", "properties": { "OBJECTID": 616, "TempleID": 1047, "Main_God_ID": 78, "SCNTemple": "壹伍玖济正宫（总行 @ 宏茂桥）", "TCNTemple": "壹伍玖濟正宮（總行 @ 宏茂橋）", "ENTemple": "Ji Zheng Gong  (Main temple @ 159 AMK)", "Main_God_Ch": "姑妈娘娘", "Main_God_English": null, "Main_God_ID_1": 78, "Address": "Blk 159 Ang Mo Kio Ave 4 #01-528 ", "Postal_Code": 560159, "ADDRESS_1": "159 ANG MO KIO AVENUE 4", "X": 28727.771335370799, "Y": 39643.797501429901, "LATITUDE": 1.3747989319304701, "LONGITUDE": 103.839858129785 }, "geometry": { "type": "Point", "coordinates": [ 103.839858129466919, 1.374798931917541 ] } },
{ "type": "Feature", "properties": { "OBJECTID": 618, "TempleID": 1062, "Main_God_ID": 10, "SCNTemple": "阴阵殿公庙", "TCNTemple": "廕陣殿公廟", "ENTemple": "Yin Zhen Dian Temple Association", "Main_God_Ch": "华光大帝", "Main_God_English": null, "Main_God_ID_1": 10, "Address": "21 Lorong 34 Geylang", "Postal_Code": 398218, "ADDRESS_1": "21 LORONG 34 GEYLANG", "X": 34080.831728526398, "Y": 32853.705165242798, "LATITUDE": 1.31339115698789, "LONGITUDE": 103.887957870446 }, "geometry": { "type": "Point", "coordinates": [ 103.887957870189084, 1.313391157302229 ] } },
{ "type": "Feature", "properties": { "OBJECTID": 619, "TempleID": 1065, "Main_God_ID": 186, "SCNTemple": "勇义宫", "TCNTemple": "勇義宫", "ENTemple": "Yong Yi Gong", "Main_God_Ch": "拿督公", "Main_God_English": null, "Main_God_ID_1": null, "Address": "504A Dunman Rd", "Postal_Code": 439197, "ADDRESS_1": "504A DUNMAN ROAD", "X": 34886.049961049997, "Y": 32394.7240934689, "LATITUDE": 1.3092401268637801, "LONGITUDE": 103.89519305137 }, "geometry": { "type": "Point", "coordinates": [ 103.895193051719289, 1.30924012692283 ] } },
{ "type": "Feature", "properties": { "OBJECTID": 620, "TempleID": 1065, "Main_God_ID": 10, "SCNTemple": "勇义宫", "TCNTemple": "勇義宫", "ENTemple": "Yong Yi Gong", "Main_God_Ch": "金钱伯", "Main_God_English": null, "Main_God_ID_1": null, "Address": "504A Dunman Rd", "Postal_Code": 439197, "ADDRESS_1": "504A DUNMAN ROAD", "X": 34886.049961049997, "Y": 32394.7240934689, "LATITUDE": 1.3092401268637801, "LONGITUDE": 103.89519305137 }, "geometry": { "type": "Point", "coordinates": [ 103.895193051719289, 1.30924012692283 ] } },
{ "type": "Feature", "properties": { "OBJECTID": 621, "TempleID": 1065, "Main_God_ID": 45, "SCNTemple": "勇义宫", "TCNTemple": "勇義宫", "ENTemple": "Yong Yi Gong", "Main_God_Ch": "齐天大圣", "Main_God_English": "Monkey King", "Main_God_ID_1": null, "Address": "504A Dunman Rd", "Postal_Code": 439197, "ADDRESS_1": "504A DUNMAN ROAD", "X": 34886.049961049997, "Y": 32394.7240934689, "LATITUDE": 1.3092401268637801, "LONGITUDE": 103.89519305137 }, "geometry": { "type": "Point", "coordinates": [ 103.895193051719289, 1.30924012692283 ] } },
{ "type": "Feature", "properties": { "OBJECTID": 622, "TempleID": 1065, "Main_God_ID": 11, "SCNTemple": "勇义宫", "TCNTemple": "勇義宫", "ENTemple": "Yong Yi Gong", "Main_God_Ch": "池府大人", "Main_God_English": "Lord Chi", "Main_God_ID_1": null, "Address": "504A Dunman Rd", "Postal_Code": 439197, "ADDRESS_1": "504A DUNMAN ROAD", "X": 34886.049961049997, "Y": 32394.7240934689, "LATITUDE": 1.3092401268637801, "LONGITUDE": 103.89519305137 }, "geometry": { "type": "Point", "coordinates": [ 103.895193051719289, 1.30924012692283 ] } },
{ "type": "Feature", "properties": { "OBJECTID": 623, "TempleID": 1065, "Main_God_ID": 4, "SCNTemple": "勇义宫", "TCNTemple": "勇義宫", "ENTemple": "Yong Yi Gong", "Main_God_Ch": "张公圣君", "Main_God_English": null, "Main_God_ID_1": null, "Address": "504A Dunman Rd", "Postal_Code": 439197, "ADDRESS_1": "504A DUNMAN ROAD", "X": 34886.049961049997, "Y": 32394.7240934689, "LATITUDE": 1.3092401268637801, "LONGITUDE": 103.89519305137 }, "geometry": { "type": "Point", "coordinates": [ 103.895193051719289, 1.30924012692283 ] } },
{ "type": "Feature", "properties": { "OBJECTID": 624, "TempleID": 1065, "Main_God_ID": 183, "SCNTemple": "勇义宫", "TCNTemple": "勇義宫", "ENTemple": "Yong Yi Gong", "Main_God_Ch": "关帝圣君", "Main_God_English": "God of War", "Main_God_ID_1": null, "Address": "504A Dunman Rd", "Postal_Code": 439197, "ADDRESS_1": "504A DUNMAN ROAD", "X": 34886.049961049997, "Y": 32394.7240934689, "LATITUDE": 1.3092401268637801, "LONGITUDE": 103.89519305137 }, "geometry": { "type": "Point", "coordinates": [ 103.895193051719289, 1.30924012692283 ] } },
{ "type": "Feature", "properties": { "OBJECTID": 625, "TempleID": 1068, "Main_God_ID": 18, "SCNTemple": "虞都庵", "TCNTemple": "虞都庵", "ENTemple": "Yi Do An Chinese Temple", "Main_God_Ch": "金王财神", "Main_God_English": null, "Main_God_ID_1": 18, "Address": "7 Choa Chu Kang Street 51", "Postal_Code": 689340, "ADDRESS_1": "7 CHOA CHU KANG STREET 51", "X": 17906.697408169501, "Y": 41516.782694756999, "LATITUDE": 1.3917357928985901, "LONGITUDE": 103.742622360868 }, "geometry": { "type": "Point", "coordinates": [ 103.742622360794627, 1.391735792946006 ] } },
{ "type": "Feature", "properties": { "OBJECTID": 626, "TempleID": 1086, "Main_God_ID": 178, "SCNTemple": "玉封至富财帛星君庙", "TCNTemple": "玉封至富財帛星君廟", "ENTemple": "Yu Feng Zhi Fu Cai Bo Xing Jun Miao", "Main_God_Ch": "保生大帝", "Main_God_English": "God of Medicine", "Main_God_ID_1": null, "Address": "332A Changi Rd", "Postal_Code": 419807, "ADDRESS_1": "332 CHANGI ROAD", "X": 36416.870611375198, "Y": 33383.013897184297, "LATITUDE": 1.3181774836962099, "LONGITUDE": 103.908948472861 }, "geometry": { "type": "Point", "coordinates": [ 103.908948472758041, 1.318177483721689 ] } },
{ "type": "Feature", "properties": { "OBJECTID": 627, "TempleID": 1086, "Main_God_ID": 52, "SCNTemple": "玉封至富财帛星君庙", "TCNTemple": "玉封至富財帛星君廟", "ENTemple": "Yu Feng Zhi Fu Cai Bo Xing Jun Miao", "Main_God_Ch": "谭公爷", "Main_God_English": null, "Main_God_ID_1": null, "Address": "332A Changi Rd", "Postal_Code": 419807, "ADDRESS_1": "332 CHANGI ROAD", "X": 36416.870611375198, "Y": 33383.013897184297, "LATITUDE": 1.3181774836962099, "LONGITUDE": 103.908948472861 }, "geometry": { "type": "Point", "coordinates": [ 103.908948472758041, 1.318177483721689 ] } },
{ "type": "Feature", "properties": { "OBJECTID": 628, "TempleID": 1087, "Main_God_ID": 3, "SCNTemple": "玉海棠观音救苦会", "TCNTemple": "玉海棠觀音救苦會", "ENTemple": "Jee Hai Tung Kwan Imm Welfare Society", "Main_God_Ch": "文财神", "Main_God_English": "Civil God of Wealth", "Main_God_ID_1": 3, "Address": "30-32 Bedok Reservoir Road", "Postal_Code": 479231, "ADDRESS_1": "32 BEDOK RESERVOIR ROAD", "X": 36312.290611186101, "Y": 34827.486104095398, "LATITUDE": 1.33124079669578, "LONGITUDE": 103.908009159613 }, "geometry": { "type": "Point", "coordinates": [ 103.908009159512062, 1.331240796658748 ] } },
{ "type": "Feature", "properties": { "OBJECTID": 629, "TempleID": 1088, "Main_God_ID": 8, "SCNTemple": "玉皇殿", "TCNTemple": "玉皇殿", "ENTemple": "Yu Huang Dian", "Main_God_Ch": "观世音菩萨", "Main_God_English": "Goddess of Mercy", "Main_God_ID_1": null, "Address": "12 Jurong West Street 76", "Postal_Code": 648349, "ADDRESS_1": "12 JURONG WEST STREET 76", "X": 13563.971263682501, "Y": 36617.387013912201, "LATITUDE": 1.3474256873143999, "LONGITUDE": 103.703602009626 }, "geometry": { "type": "Point", "coordinates": [ 103.703602009952206, 1.347425687188606 ] } },
{ "type": "Feature", "properties": { "OBJECTID": 630, "TempleID": 1088, "Main_God_ID": 27, "SCNTemple": "玉皇殿", "TCNTemple": "玉皇殿", "ENTemple": "Yu Huang Dian", "Main_God_Ch": "玉皇上帝", "Main_God_English": "Jade Emperor", "Main_God_ID_1": null, "Address": "12 Jurong West Street 76", "Postal_Code": 648349, "ADDRESS_1": "12 JURONG WEST STREET 76", "X": 13563.971263682501, "Y": 36617.387013912201, "LATITUDE": 1.3474256873143999, "LONGITUDE": 103.703602009626 }, "geometry": { "type": "Point", "coordinates": [ 103.703602009952206, 1.347425687188606 ] } },
{ "type": "Feature", "properties": { "OBJECTID": 631, "TempleID": 1088, "Main_God_ID": 84, "SCNTemple": "玉皇殿", "TCNTemple": "玉皇殿", "ENTemple": "Yu Huang Dian", "Main_God_Ch": "大二三哥爷", "Main_God_English": null, "Main_God_ID_1": null, "Address": "12 Jurong West Street 76", "Postal_Code": 648349, "ADDRESS_1": "12 JURONG WEST STREET 76", "X": 13563.971263682501, "Y": 36617.387013912201, "LATITUDE": 1.3474256873143999, "LONGITUDE": 103.703602009626 }, "geometry": { "type": "Point", "coordinates": [ 103.703602009952206, 1.347425687188606 ] } },
{ "type": "Feature", "properties": { "OBJECTID": 632, "TempleID": 1089, "Main_God_ID": 8, "SCNTemple": "玉皇殿（黑桥头） 天公坛", "TCNTemple": "玉皇殿（黑橋頭） 天公壇", "ENTemple": "Or Kio Tow Geok Hong Tian", "Main_God_Ch": "达摩祖师", "Main_God_English": "Bodhidharma", "Main_God_ID_1": 8, "Address": "495 Havelock Road", "Postal_Code": 169635, "ADDRESS_1": "495 HAVELOCK ROAD", "X": 27988.843013985999, "Y": 30178.5947035756, "LATITUDE": 1.2891990004878799, "LONGITUDE": 103.833218329169 }, "geometry": { "type": "Point", "coordinates": [ 103.833218329043376, 1.289199000455542 ] } },
{ "type": "Feature", "properties": { "OBJECTID": 633, "TempleID": 1091, "Main_God_ID": 8, "SCNTemple": "玉皇宫 (新加坡道教协会）", "TCNTemple": "玉皇宮 (新加坡道教協會）", "ENTemple": "Yu Huang Gong (Keng Teck Whay Building)", "Main_God_Ch": "玉皇上帝", "Main_God_English": "Jade Emperor", "Main_God_ID_1": 8, "Address": "150 Telok Ayer Street", "Postal_Code": 68608, "ADDRESS_1": "150 TELOK AYER STREET", "X": 29600.386924021899, "Y": 29299.124324651399, "LATITUDE": 1.28124533847522, "LONGITUDE": 103.84769867074699 }, "geometry": { "type": "Point", "coordinates": [ 103.847698670530477, 1.281245338252283 ] } },
{ "type": "Feature", "properties": { "OBJECTID": 634, "TempleID": 1092, "Main_God_ID": 8, "SCNTemple": "玉皇庙", "TCNTemple": "玉皇廟", "ENTemple": "Gek Hong Temple ", "Main_God_Ch": "玉皇上帝", "Main_God_English": "Jade Emperor", "Main_God_ID_1": 8, "Address": "14 Lorong 26 Geylang", "Postal_Code": 398487, "ADDRESS_1": "14 LORONG 26 GEYLANG", "X": 33699.1636832738, "Y": 32700.761830486401, "LATITUDE": 1.3120080650557899, "LONGITUDE": 103.884528366438 }, "geometry": { "type": "Point", "coordinates": [ 103.884528366587702, 1.312008064780082 ] } },
{ "type": "Feature", "properties": { "OBJECTID": 635, "TempleID": 1093, "Main_God_ID": 8, "SCNTemple": "玉皇至尊庙", "TCNTemple": "玉皇至尊廟", "ENTemple": "Yu Huang Zhi Zun Tp ", "Main_God_Ch": "玉皇上帝", "Main_God_English": "Jade Emperor", "Main_God_ID_1": 8, "Address": "26 Lorong 27a Geylang", "Postal_Code": 388115, "ADDRESS_1": "26 LORONG 27A GEYLANG", "X": 33764.907015163502, "Y": 33036.5018123388, "LATITUDE": 1.3150443654695601, "LONGITUDE": 103.885119164936 }, "geometry": { "type": "Point", "coordinates": [ 103.88511916479959, 1.315044365357983 ] } },
{ "type": "Feature", "properties": { "OBJECTID": 636, "TempleID": 1102, "Main_God_ID": 37, "SCNTemple": "圆福殿", "TCNTemple": "圓福殿", "ENTemple": "Tan Kong Tian Temple ", "Main_God_Ch": "玉皇上帝", "Main_God_English": "Jade Emperor", "Main_God_ID_1": null, "Address": "14 Jalan Kebaya", "Postal_Code": 278319, "ADDRESS_1": "14 JALAN KEBAYA", "X": 21991.1482701926, "Y": 33045.5371081587, "LATITUDE": 1.3151260300858101, "LONGITUDE": 103.77932602641501 }, "geometry": { "type": "Point", "coordinates": [ 103.779326026682909, 1.315126030012036 ] } },
{ "type": "Feature", "properties": { "OBJECTID": 637, "TempleID": 1102, "Main_God_ID": 107, "SCNTemple": "圆福殿", "TCNTemple": "圓福殿", "ENTemple": "Tan Kong Tian Temple ", "Main_God_Ch": "董公真人", "Main_God_English": null, "Main_God_ID_1": null, "Address": "14 Jalan Kebaya", "Postal_Code": 278319, "ADDRESS_1": "14 JALAN KEBAYA", "X": 21991.1482701926, "Y": 33045.5371081587, "LATITUDE": 1.3151260300858101, "LONGITUDE": 103.77932602641501 }, "geometry": { "type": "Point", "coordinates": [ 103.779326026682909, 1.315126030012036 ] } },
{ "type": "Feature", "properties": { "OBJECTID": 638, "TempleID": 1102, "Main_God_ID": 39, "SCNTemple": "圆福殿", "TCNTemple": "圓福殿", "ENTemple": "Tan Kong Tian Temple ", "Main_God_Ch": "伏羲先帝", "Main_God_English": null, "Main_God_ID_1": null, "Address": "14 Jalan Kebaya", "Postal_Code": 278319, "ADDRESS_1": "14 JALAN KEBAYA", "X": 21991.1482701926, "Y": 33045.5371081587, "LATITUDE": 1.3151260300858101, "LONGITUDE": 103.77932602641501 }, "geometry": { "type": "Point", "coordinates": [ 103.779326026682909, 1.315126030012036 ] } },
{ "type": "Feature", "properties": { "OBJECTID": 639, "TempleID": 1102, "Main_God_ID": 4, "SCNTemple": "圆福殿", "TCNTemple": "圓福殿", "ENTemple": "Tan Kong Tian Temple ", "Main_God_Ch": "五谷仙帝", "Main_God_English": null, "Main_God_ID_1": null, "Address": "14 Jalan Kebaya", "Postal_Code": 278319, "ADDRESS_1": "14 JALAN KEBAYA", "X": 21991.1482701926, "Y": 33045.5371081587, "LATITUDE": 1.3151260300858101, "LONGITUDE": 103.77932602641501 }, "geometry": { "type": "Point", "coordinates": [ 103.779326026682909, 1.315126030012036 ] } },
{ "type": "Feature", "properties": { "OBJECTID": 640, "TempleID": 1102, "Main_God_ID": 172, "SCNTemple": "圆福殿", "TCNTemple": "圓福殿", "ENTemple": "Tan Kong Tian Temple ", "Main_God_Ch": "关帝圣君", "Main_God_English": "God of War", "Main_God_ID_1": null, "Address": "14 Jalan Kebaya", "Postal_Code": 278319, "ADDRESS_1": "14 JALAN KEBAYA", "X": 21991.1482701926, "Y": 33045.5371081587, "LATITUDE": 1.3151260300858101, "LONGITUDE": 103.77932602641501 }, "geometry": { "type": "Point", "coordinates": [ 103.779326026682909, 1.315126030012036 ] } },
{ "type": "Feature", "properties": { "OBJECTID": 641, "TempleID": 1104, "Main_God_ID": 1, "SCNTemple": "圆明寺", "TCNTemple": "圓明寺", "ENTemple": "Yuan Ming Si ", "Main_God_Ch": "范侯先师", "Main_God_English": null, "Main_God_ID_1": 1, "Address": "631 Upper East Coast Road", "Postal_Code": 466596, "ADDRESS_1": "631 UPPER EAST COAST ROAD", "X": 40882.284062754399, "Y": 33345.282191898703, "LATITUDE": 1.31783470085747, "LONGITUDE": 103.94907243880201 }, "geometry": { "type": "Point", "coordinates": [ 103.949072439136486, 1.317834700930721 ] } },
{ "type": "Feature", "properties": { "OBJECTID": 642, "TempleID": 1105, "Main_God_ID": 39, "SCNTemple": "元寿堂", "TCNTemple": "元壽堂", "ENTemple": "Yuan Shou Tang", "Main_God_Ch": "释迦牟尼佛", "Main_God_English": "Sakyamuni Buddha", "Main_God_ID_1": 39, "Address": "17 Yishun Avenue 9", "Postal_Code": 768890, "ADDRESS_1": "17 YISHUN AVENUE 9", "X": 28910.941792066202, "Y": 46211.698410866797, "LATITUDE": 1.4341966589497299, "LONGITUDE": 103.841504254897 }, "geometry": { "type": "Point", "coordinates": [ 103.84150425496793, 1.434196658851459 ] } },
{ "type": "Feature", "properties": { "OBJECTID": 643, "TempleID": 1107, "Main_God_ID": 9, "SCNTemple": "粤海清庙", "TCNTemple": "粵海清廟", "ENTemple": "Yuen Hai Ching aka", "Main_God_Ch": "五谷仙帝", "Main_God_English": null, "Main_God_ID_1": null, "Address": "30B Phillip Street", "Postal_Code": 48696, "ADDRESS_1": "30B PHILLIP STREET", "X": 29774.895077261099, "Y": 29666.441289713599, "LATITUDE": 1.28456721481055, "LONGITUDE": 103.849266714064 }, "geometry": { "type": "Point", "coordinates": [ 103.849266714267841, 1.284567214903568 ] } },
{ "type": "Feature", "properties": { "OBJECTID": 644, "TempleID": 1107, "Main_God_ID": 5, "SCNTemple": "粤海清庙", "TCNTemple": "粵海清廟", "ENTemple": "Yuen Hai Ching aka", "Main_God_Ch": "妈祖", "Main_God_English": "Heavenly Empress", "Main_God_ID_1": null, "Address": "30B Phillip Street", "Postal_Code": 48696, "ADDRESS_1": "30B PHILLIP STREET", "X": 29774.895077261099, "Y": 29666.441289713599, "LATITUDE": 1.28456721481055, "LONGITUDE": 103.849266714064 }, "geometry": { "type": "Point", "coordinates": [ 103.849266714267841, 1.284567214903568 ] } },
{ "type": "Feature", "properties": { "OBJECTID": 645, "TempleID": 1108, "Main_God_ID": 7, "SCNTemple": "云徳堂同心社/运德善堂同心社", "TCNTemple": "雲德堂同心社/運德善堂同心社", "ENTemple": "Yun Teck Sian Tng Thong Sin Sia", "Main_God_Ch": "玄天上帝", "Main_God_English": null, "Main_God_ID_1": 7, "Address": "15B Geylang Lor 13", "Postal_Code": 388655, "ADDRESS_1": "15B LORONG 13 GEYLANG", "X": 32903.802280183903, "Y": 32833.1259933822, "LATITUDE": 1.3132052563680301, "LONGITUDE": 103.87738167572699 }, "geometry": { "type": "Point", "coordinates": [ 103.877381675904857, 1.313205256427883 ] } },
{ "type": "Feature", "properties": { "OBJECTID": 647, "TempleID": 1116, "Main_God_ID": 72, "SCNTemple": "云山宫", "TCNTemple": "雲山宮", "ENTemple": "Hoon San Keng Temple", "Main_God_Ch": "大伯公", "Main_God_English": "Tua Bek Kong", "Main_God_ID_1": 72, "Address": "27 Jln Lim Tai See", "Postal_Code": 268360, "ADDRESS_1": "27 JALAN LIM TAI SEE", "X": 23664.699323010602, "Y": 33786.105863455698, "LATITUDE": 1.3218237525446199, "LONGITUDE": 103.794363616791 }, "geometry": { "type": "Point", "coordinates": [ 103.794363616583951, 1.321823752875117 ] } },
{ "type": "Feature", "properties": { "OBJECTID": 648, "TempleID": 1120, "Main_God_ID": 23, "SCNTemple": "云仙宫", "TCNTemple": "雲仙宮", "ENTemple": "Hoon Sian Keng", "Main_God_Ch": "林府太师", "Main_God_English": null, "Main_God_ID_1": 23, "Address": "82 Changi Road", "Postal_Code": 419716, "ADDRESS_1": "82 CHANGI ROAD", "X": 35529.075447281801, "Y": 33206.8779015131, "LATITUDE": 1.3165848039834001, "LONGITUDE": 103.900971139562 }, "geometry": { "type": "Point", "coordinates": [ 103.900971139137226, 1.316584803969737 ] } },
{ "type": "Feature", "properties": { "OBJECTID": 649, "TempleID": 1123, "Main_God_ID": 1, "SCNTemple": "藏密佛学研究会 ", "TCNTemple": "藏密佛學研究會", "ENTemple": "Tibetan Buddhist Studies Society", "Main_God_Ch": "准提观音", "Main_God_English": "Goddess of Mercy/Compassion", "Main_God_ID_1": 1, "Address": "38-B Lorong 23, Geylang ", "Postal_Code": 388372, "ADDRESS_1": "38B LORONG 23 GEYLANG", "X": 33361.8023968739, "Y": 32960.394692556903, "LATITUDE": 1.3143561527657499, "LONGITUDE": 103.881497055125 }, "geometry": { "type": "Point", "coordinates": [ 103.881497055152522, 1.314356152833061 ] } },
{ "type": "Feature", "properties": { "OBJECTID": 650, "TempleID": 1125, "Main_God_ID": 1, "SCNTemple": "薝卜院", "TCNTemple": "薝蔔院", "ENTemple": "Chian Pok Temple", "Main_God_Ch": "释迦牟尼佛", "Main_God_English": "Sakyamuni Buddha", "Main_God_ID_1": 1, "Address": "8 Geylang East Avenue 1", "Postal_Code": 389780, "ADDRESS_1": "8 GEYLANG EAST AVENUE 1", "X": 33781.852273435303, "Y": 33126.206521125503, "LATITUDE": 1.31585561966301, "LONGITUDE": 103.885271443327 }, "geometry": { "type": "Point", "coordinates": [ 103.88527144356533, 1.315855619471954 ] } },
{ "type": "Feature", "properties": { "OBJECTID": 651, "TempleID": 1126, "Main_God_ID": 3, "SCNTemple": "旃檀林 ", "TCNTemple": "旃檀林", "ENTemple": "Tsan Tan Lim Temple", "Main_God_Ch": "释迦牟尼佛", "Main_God_English": "Sakyamuni Buddha", "Main_God_ID_1": 3, "Address": "20 Jalan Yasin", "Postal_Code": 417992, "ADDRESS_1": "20 JALAN YASIN", "X": 36217.470734221897, "Y": 33728.311812130698, "LATITUDE": 1.32130028749965, "LONGITUDE": 103.90715685591201 }, "geometry": { "type": "Point", "coordinates": [ 103.90715685560437, 1.321300287389955 ] } },
{ "type": "Feature", "properties": { "OBJECTID": 652, "TempleID": 1128, "Main_God_ID": 121, "SCNTemple": "昭惠庙", "TCNTemple": "昭惠廟", "ENTemple": "Zhao Hui Miao", "Main_God_Ch": "观世音菩萨", "Main_God_English": "Goddess of Mercy", "Main_God_ID_1": null, "Address": "416 Race Course Road", "Postal_Code": 218663, "ADDRESS_1": "416 RACE COURSE ROAD", "X": 30710.1030704277, "Y": 33084.215081419803, "LATITUDE": 1.3154762885700599, "LONGITUDE": 103.85767022355201 }, "geometry": { "type": "Point", "coordinates": [ 103.857670223817124, 1.315476288738091 ] } },
{ "type": "Feature", "properties": { "OBJECTID": 653, "TempleID": 1128, "Main_God_ID": 150, "SCNTemple": "昭惠庙", "TCNTemple": "昭惠廟", "ENTemple": "Zhao Hui Miao", "Main_God_Ch": "吴圣天妃", "Main_God_English": null, "Main_God_ID_1": null, "Address": "416 Race Course Road", "Postal_Code": 218663, "ADDRESS_1": "416 RACE COURSE ROAD", "X": 30710.1030704277, "Y": 33084.215081419803, "LATITUDE": 1.3154762885700599, "LONGITUDE": 103.85767022355201 }, "geometry": { "type": "Point", "coordinates": [ 103.857670223817124, 1.315476288738091 ] } },
{ "type": "Feature", "properties": { "OBJECTID": 654, "TempleID": 1128, "Main_God_ID": 167, "SCNTemple": "昭惠庙", "TCNTemple": "昭惠廟", "ENTemple": "Zhao Hui Miao", "Main_God_Ch": "朱公元帅", "Main_God_English": null, "Main_God_ID_1": null, "Address": "416 Race Course Road", "Postal_Code": 218663, "ADDRESS_1": "416 RACE COURSE ROAD", "X": 30710.1030704277, "Y": 33084.215081419803, "LATITUDE": 1.3154762885700599, "LONGITUDE": 103.85767022355201 }, "geometry": { "type": "Point", "coordinates": [ 103.857670223817124, 1.315476288738091 ] } },
{ "type": "Feature", "properties": { "OBJECTID": 655, "TempleID": 1129, "Main_God_ID": 91, "SCNTemple": "昭灵庙（莆田江兜）", "TCNTemple": "昭靈廟（莆田江兜）", "ENTemple": "Cheow Leng Beo (Xin Hua Temple)", "Main_God_Ch": "白公大人", "Main_God_English": null, "Main_God_ID_1": null, "Address": "525 Yishun Industrial Park A", "Postal_Code": 768769, "ADDRESS_1": "525 YISHUN INDUSTRIAL PARK A", "X": 28280.3197018104, "Y": 47240.772930314801, "LATITUDE": 1.44350324916467, "LONGITUDE": 103.835837527107 }, "geometry": { "type": "Point", "coordinates": [ 103.835837527090874, 1.443503248890523 ] } },
{ "type": "Feature", "properties": { "OBJECTID": 656, "TempleID": 1129, "Main_God_ID": 136, "SCNTemple": "昭灵庙（莆田江兜）", "TCNTemple": "昭靈廟（莆田江兜）", "ENTemple": "Cheow Leng Beo (Xin Hua Temple)", "Main_God_Ch": "柳金圣侯", "Main_God_English": null, "Main_God_ID_1": null, "Address": "525 Yishun Industrial Park A", "Postal_Code": 768769, "ADDRESS_1": "525 YISHUN INDUSTRIAL PARK A", "X": 28280.3197018104, "Y": 47240.772930314801, "LATITUDE": 1.44350324916467, "LONGITUDE": 103.835837527107 }, "geometry": { "type": "Point", "coordinates": [ 103.835837527090874, 1.443503248890523 ] } },
{ "type": "Feature", "properties": { "OBJECTID": 657, "TempleID": 1129, "Main_God_ID": 180, "SCNTemple": "昭灵庙（莆田江兜）", "TCNTemple": "昭靈廟（莆田江兜）", "ENTemple": "Cheow Leng Beo (Xin Hua Temple)", "Main_God_Ch": "宣赞元帅", "Main_God_English": null, "Main_God_ID_1": null, "Address": "525 Yishun Industrial Park A", "Postal_Code": 768769, "ADDRESS_1": "525 YISHUN INDUSTRIAL PARK A", "X": 28280.3197018104, "Y": 47240.772930314801, "LATITUDE": 1.44350324916467, "LONGITUDE": 103.835837527107 }, "geometry": { "type": "Point", "coordinates": [ 103.835837527090874, 1.443503248890523 ] } },
{ "type": "Feature", "properties": { "OBJECTID": 658, "TempleID": 1130, "Main_God_ID": 97, "SCNTemple": "昭灵祖庙", "TCNTemple": "昭靈祖廟", "ENTemple": "Cheow Leng Zhu Beo ", "Main_God_Ch": "达地圣侯", "Main_God_English": null, "Main_God_ID_1": 97, "Address": "125 Owen Road", "Postal_Code": 218929, "ADDRESS_1": "125 OWEN ROAD", "X": 30149.685600985798, "Y": 32911.182613458499, "LATITUDE": 1.3139114884145899, "LONGITUDE": 103.852634577834 }, "geometry": { "type": "Point", "coordinates": [ 103.852634577824986, 1.313911488292886 ] } },
{ "type": "Feature", "properties": { "OBJECTID": 659, "TempleID": 1132, "Main_God_ID": 92, "SCNTemple": "昭应祠（琼人）", "TCNTemple": "昭應祠（瓊人）", "ENTemple": "Chow Eng Chee", "Main_God_Ch": "三殿真君", "Main_God_English": null, "Main_God_ID_1": 92, "Address": "177L Lorong 7 Toa Payoh", "Postal_Code": 319318, "ADDRESS_1": "177Q LORONG 7 TOA PAYOH", "X": 30577.1694759559, "Y": 35642.104694590002, "LATITUDE": 1.3386089464329201, "LONGITUDE": 103.856475963154 }, "geometry": { "type": "Point", "coordinates": [ 103.856475963369775, 1.338608946481839 ] } },
{ "type": "Feature", "properties": { "OBJECTID": 660, "TempleID": 1134, "Main_God_ID": 36, "SCNTemple": "真空教复本堂", "TCNTemple": "真空教複本堂", "ENTemple": "Zhen Kong Jiao Fu Ben Tang  (Chin Kong Religion Fook Poon Tong)", "Main_God_Ch": "一百零八兄弟", "Main_God_English": "108 Heroic Brothers", "Main_God_ID_1": 36, "Address": "561 Yishun Ring Road , #01-05", "Postal_Code": 768682, "ADDRESS_1": "561 YISHUN RING ROAD", "X": 27931.223306247, "Y": 46293.909009030103, "LATITUDE": 1.4349401564151101, "LONGITUDE": 103.832700554336 }, "geometry": { "type": "Point", "coordinates": [ 103.832700554279256, 1.434940156333446 ] } },
{ "type": "Feature", "properties": { "OBJECTID": 661, "TempleID": 1136, "Main_God_ID": 4, "SCNTemple": "镇南庙", "TCNTemple": "鎮南廟", "ENTemple": "Chern Nam  Temple", "Main_God_Ch": "真空教主", "Main_God_English": "Grandmaster Zhenkong ", "Main_God_ID_1": 4, "Address": "15 Yishun Avenue 9 ", "Postal_Code": 768889, "ADDRESS_1": "15 YISHUN AVENUE 9", "X": 28910.941792066202, "Y": 46211.698410866797, "LATITUDE": 1.4341966589497299, "LONGITUDE": 103.841504254897 }, "geometry": { "type": "Point", "coordinates": [ 103.84150425496793, 1.434196658851459 ] } },
{ "type": "Feature", "properties": { "OBJECTID": 662, "TempleID": 1138, "Main_God_ID": 18, "SCNTemple": "真人宫", "TCNTemple": "真人宮", "ENTemple": "Chin Leng Keng Chinese Temple", "Main_God_Ch": "关帝圣君", "Main_God_English": "God of War", "Main_God_ID_1": null, "Address": "98T Redhill Close", "Postal_Code": 158900, "ADDRESS_1": "98T REDHILL CLOSE", "X": 26112.060036204799, "Y": 29848.7791952472, "LATITUDE": 1.28621620799408, "LONGITUDE": 103.816354680655 }, "geometry": { "type": "Point", "coordinates": [ 103.816354680328914, 1.286216208037074 ] } },
{ "type": "Feature", "properties": { "OBJECTID": 663, "TempleID": 1138, "Main_God_ID": 122, "SCNTemple": "真人宫", "TCNTemple": "真人宮", "ENTemple": "Chin Leng Keng Chinese Temple", "Main_God_Ch": "保生大帝", "Main_God_English": "God of Medicine", "Main_God_ID_1": null, "Address": "98T Redhill Close", "Postal_Code": 158900, "ADDRESS_1": "98T REDHILL CLOSE", "X": 26112.060036204799, "Y": 29848.7791952472, "LATITUDE": 1.28621620799408, "LONGITUDE": 103.816354680655 }, "geometry": { "type": "Point", "coordinates": [ 103.816354680328914, 1.286216208037074 ] } },
{ "type": "Feature", "properties": { "OBJECTID": 664, "TempleID": 1138, "Main_God_ID": 18, "SCNTemple": "真人宫", "TCNTemple": "真人宮", "ENTemple": "Chin Leng Keng Chinese Temple", "Main_God_Ch": "吴真人", "Main_God_English": null, "Main_God_ID_1": null, "Address": "98T Redhill Close", "Postal_Code": 158900, "ADDRESS_1": "98T REDHILL CLOSE", "X": 26112.060036204799, "Y": 29848.7791952472, "LATITUDE": 1.28621620799408, "LONGITUDE": 103.816354680655 }, "geometry": { "type": "Point", "coordinates": [ 103.816354680328914, 1.286216208037074 ] } },
{ "type": "Feature", "properties": { "OBJECTID": 665, "TempleID": 1138, "Main_God_ID": 133, "SCNTemple": "真人宫", "TCNTemple": "真人宮", "ENTemple": "Chin Leng Keng Chinese Temple", "Main_God_Ch": "保生大帝", "Main_God_English": "God of Medicine", "Main_God_ID_1": null, "Address": "98T Redhill Close", "Postal_Code": 158900, "ADDRESS_1": "98T REDHILL CLOSE", "X": 26112.060036204799, "Y": 29848.7791952472, "LATITUDE": 1.28621620799408, "LONGITUDE": 103.816354680655 }, "geometry": { "type": "Point", "coordinates": [ 103.816354680328914, 1.286216208037074 ] } },
{ "type": "Feature", "properties": { "OBJECTID": 666, "TempleID": 1141, "Main_God_ID": 10, "SCNTemple": "珍珠坊神壇", "TCNTemple": "珍珠坊神壇", "ENTemple": "People's Park Shrine", "Main_God_Ch": "孙真人", "Main_God_English": null, "Main_God_ID_1": null, "Address": "1 Park Road", "Postal_Code": 59108, "ADDRESS_1": "1 PARK ROAD", "X": 29023.9934074134, "Y": 29618.5249527302, "LATITUDE": 1.28413390964831, "LONGITUDE": 103.842519563895 }, "geometry": { "type": "Point", "coordinates": [ 103.842519563828233, 1.284133910075809 ] } },
{ "type": "Feature", "properties": { "OBJECTID": 667, "TempleID": 1141, "Main_God_ID": 12, "SCNTemple": "珍珠坊神壇", "TCNTemple": "珍珠坊神壇", "ENTemple": "People's Park Shrine", "Main_God_Ch": "齐天大圣", "Main_God_English": "Monkey King", "Main_God_ID_1": null, "Address": "1 Park Road", "Postal_Code": 59108, "ADDRESS_1": "1 PARK ROAD", "X": 29023.9934074134, "Y": 29618.5249527302, "LATITUDE": 1.28413390964831, "LONGITUDE": 103.842519563895 }, "geometry": { "type": "Point", "coordinates": [ 103.842519563828233, 1.284133910075809 ] } },
{ "type": "Feature", "properties": { "OBJECTID": 668, "TempleID": 1141, "Main_God_ID": 2, "SCNTemple": "珍珠坊神壇", "TCNTemple": "珍珠坊神壇", "ENTemple": "People's Park Shrine", "Main_God_Ch": "济公活佛", "Main_God_English": null, "Main_God_ID_1": null, "Address": "1 Park Road", "Postal_Code": 59108, "ADDRESS_1": "1 PARK ROAD", "X": 29023.9934074134, "Y": 29618.5249527302, "LATITUDE": 1.28413390964831, "LONGITUDE": 103.842519563895 }, "geometry": { "type": "Point", "coordinates": [ 103.842519563828233, 1.284133910075809 ] } },
{ "type": "Feature", "properties": { "OBJECTID": 669, "TempleID": 1147, "Main_God_ID": 1, "SCNTemple": "正觉寺 ", "TCNTemple": "正覺寺", "ENTemple": "Zheng Jue Si Temple", "Main_God_Ch": "大伯公", "Main_God_English": "Tua Bek Kong", "Main_God_ID_1": 1, "Address": "98 Lorong 23 Geylang", "Postal_Code": 388397, "ADDRESS_1": "98A LORONG 23 GEYLANG", "X": 33348.781806441999, "Y": 33315.620808841697, "LATITUDE": 1.31756869345211, "LONGITUDE": 103.881380120107 }, "geometry": { "type": "Point", "coordinates": [ 103.881380120048732, 1.317568693372152 ] } },
{ "type": "Feature", "properties": { "OBJECTID": 670, "TempleID": 1148, "Main_God_ID": 5, "SCNTemple": "正龙宫玄江殿", "TCNTemple": "正龍宮玄江殿", "ENTemple": "Chia Leng Kong Heng Kang Tian", "Main_God_Ch": "释迦牟尼佛", "Main_God_English": "Sakyamuni Buddha", "Main_God_ID_1": 5, "Address": "85A Silat Road ", "Postal_Code": 168851, "ADDRESS_1": "85A SILAT ROAD", "X": 27503.332841451302, "Y": 28892.395962815699, "LATITUDE": 1.27756706633283, "LONGITUDE": 103.82885584041701 }, "geometry": { "type": "Point", "coordinates": [ 103.828855840044412, 1.277567066669107 ] } },
{ "type": "Feature", "properties": { "OBJECTID": 671, "TempleID": 1155, "Main_God_ID": 1, "SCNTemple": "知归佛社", "TCNTemple": "知歸佛社", "ENTemple": "Tee Kwee Hood Sia Temple (Chih Kuei Fu Ser )", "Main_God_Ch": "玄天上帝", "Main_God_English": null, "Main_God_ID_1": 1, "Address": "15 Sennett Road", "Postal_Code": 466793, "ADDRESS_1": "15 SENNETT ROAD", "X": 39687.942175228098, "Y": 33268.145415846302, "LATITUDE": 1.31713758281639, "LONGITUDE": 103.93834065436501 }, "geometry": { "type": "Point", "coordinates": [ 103.938340654587037, 1.317137582673079 ] } },
{ "type": "Feature", "properties": { "OBJECTID": 673, "TempleID": 1171, "Main_God_ID": 9, "SCNTemple": "钟头宫", "TCNTemple": "鐘頭宮", "ENTemple": "Zhong Tou Gong", "Main_God_Ch": "哪吒", "Main_God_English": "The Third Prince/ Marshal Central Altar", "Main_God_ID_1": 9, "Address": "109c Hougang Avenue 5", "Postal_Code": 538820, "ADDRESS_1": "109C HOUGANG AVENUE 5", "X": 34926.519405463703, "Y": 38625.602899532802, "LATITUDE": 1.3655899421321001, "LONGITUDE": 103.89555810783 }, "geometry": { "type": "Point", "coordinates": [ 103.89555810778036, 1.365589942136329 ] } },
{ "type": "Feature", "properties": { "OBJECTID": 674, "TempleID": 1175, "Main_God_ID": 4, "SCNTemple": "忠义馆", "TCNTemple": "忠義館", "ENTemple": "Zhong Yi Dian ", "Main_God_Ch": "妈祖", "Main_God_English": "Heavenly Empress", "Main_God_ID_1": 4, "Address": "25 Serangoon North Avenue 3", "Postal_Code": 555862, "ADDRESS_1": "21 SERANGOON NORTH AVENUE 3", "X": 32096.7996894838, "Y": 39464.1978495773, "LATITUDE": 1.3731744208459999, "LONGITUDE": 103.870131255166 }, "geometry": { "type": "Point", "coordinates": [ 103.870131255259835, 1.373174420397634 ] } },
{ "type": "Feature", "properties": { "OBJECTID": 675, "TempleID": 1176, "Main_God_ID": 4, "SCNTemple": "忠义庙（女皇镇）", "TCNTemple": "忠義廟（女皇鎮）", "ENTemple": "Tiong Ghee Temple", "Main_God_Ch": "关帝圣君", "Main_God_English": "God of War", "Main_God_ID_1": 4, "Address": "1085 Stirling Road, Queenstown", "Postal_Code": 148953, "ADDRESS_1": "1085 STIRLING ROAD", "X": 24748.992935873601, "Y": 30370.138555820999, "LATITUDE": 1.2909310867847399, "LONGITUDE": 103.80410692254701 }, "geometry": { "type": "Point", "coordinates": [ 103.804106922223994, 1.290931087184274 ] } },
{ "type": "Feature", "properties": { "OBJECTID": 676, "TempleID": 1179, "Main_God_ID": 1, "SCNTemple": "祝福寺", "TCNTemple": "祝福寺", "ENTemple": "Buddha Vihara Society", "Main_God_Ch": "关帝圣君", "Main_God_English": "God of War", "Main_God_ID_1": 1, "Address": "30 Jalan Eunos", "Postal_Code": 419495, "ADDRESS_1": "30 JALAN EUNOS", "X": 36026.235191658103, "Y": 33553.018961412803, "LATITUDE": 1.3197150529658801, "LONGITUDE": 103.905438459685 }, "geometry": { "type": "Point", "coordinates": [ 103.905438459759537, 1.319715053314845 ] } },
{ "type": "Feature", "properties": { "OBJECTID": 677, "TempleID": 1184, "Main_God_ID": 200, "SCNTemple": "朱孟迦育佛教中心", "TCNTemple": "朱孟迦育佛教中心", "ENTemple": "Zumang Kalyud Buddhist Ctr ", "Main_God_Ch": "释迦牟尼佛", "Main_God_English": "Sakyamuni Buddha", "Main_God_ID_1": null, "Address": "BLK 148 Silat  Ave #12-06", "Postal_Code": 160148, "ADDRESS_1": "148 SILAT AVENUE", "X": 27729.0401366521, "Y": 28816.771798981401, "LATITUDE": 1.27688315064166, "LONGITUDE": 103.830883904963 }, "geometry": { "type": "Point", "coordinates": [ 103.830883904633055, 1.27688315065088 ] } },
{ "type": "Feature", "properties": { "OBJECTID": 678, "TempleID": 1184, "Main_God_ID": 125, "SCNTemple": "朱孟迦育佛教中心", "TCNTemple": "朱孟迦育佛教中心", "ENTemple": "Zumang Kalyud Buddhist Ctr ", "Main_God_Ch": "竹林娘娘", "Main_God_English": null, "Main_God_ID_1": null, "Address": "BLK 148 Silat  Ave #12-06", "Postal_Code": 160148, "ADDRESS_1": "148 SILAT AVENUE", "X": 27729.0401366521, "Y": 28816.771798981401, "LATITUDE": 1.27688315064166, "LONGITUDE": 103.830883904963 }, "geometry": { "type": "Point", "coordinates": [ 103.830883904633055, 1.27688315065088 ] } },
{ "type": "Feature", "properties": { "OBJECTID": 679, "TempleID": 1184, "Main_God_ID": 168, "SCNTemple": "朱孟迦育佛教中心", "TCNTemple": "朱孟迦育佛教中心", "ENTemple": "Zumang Kalyud Buddhist Ctr ", "Main_God_Ch": "圣母娘娘", "Main_God_English": null, "Main_God_ID_1": null, "Address": "BLK 148 Silat  Ave #12-06", "Postal_Code": 160148, "ADDRESS_1": "148 SILAT AVENUE", "X": 27729.0401366521, "Y": 28816.771798981401, "LATITUDE": 1.27688315064166, "LONGITUDE": 103.830883904963 }, "geometry": { "type": "Point", "coordinates": [ 103.830883904633055, 1.27688315065088 ] } },
{ "type": "Feature", "properties": { "OBJECTID": 680, "TempleID": 1186, "Main_God_ID": 10, "SCNTemple": "竹云宫", "TCNTemple": "竹雲宮", "ENTemple": "Zhu Yun Gong", "Main_God_Ch": "皇母娘娘", "Main_God_English": null, "Main_God_ID_1": 10, "Address": "7 Chai Chee Lane", "Postal_Code": 469020, "ADDRESS_1": "6 CHAI CHEE LANE", "X": 37549.638218552798, "Y": 34523.360274536499, "LATITUDE": 1.32849002944354, "LONGITUDE": 103.919127317171 }, "geometry": { "type": "Point", "coordinates": [ 103.919127317004481, 1.328490029673838 ] } },
{ "type": "Feature", "properties": { "OBJECTID": 681, "TempleID": 1189, "Main_God_ID": 23, "SCNTemple": "准提阁", "TCNTemple": "凖提閣", "ENTemple": "Zhun Ti Ge", "Main_God_Ch": "齐天大圣", "Main_God_English": "Monkey King", "Main_God_ID_1": 23, "Address": "13 Keong Saik Road", "Postal_Code": 89120, "ADDRESS_1": "13 KEONG SAIK ROAD", "X": 28893.469991948499, "Y": 29109.4228240382, "LATITUDE": 1.27952977254175, "LONGITUDE": 103.84134674523099 }, "geometry": { "type": "Point", "coordinates": [ 103.841346745303056, 1.279529772324368 ] } },
{ "type": "Feature", "properties": { "OBJECTID": 682, "TempleID": 1190, "Main_God_ID": 1, "SCNTemple": "准提宫", "TCNTemple": "準提宫", "ENTemple": "Cundhi Gong", "Main_God_Ch": "准提观音", "Main_God_English": "Goddess of Mercy/Compassion", "Main_God_ID_1": 1, "Address": "601 Sin Ming Drive ", "Postal_Code": 575719, "ADDRESS_1": "601 SIN MING DRIVE", "X": 28555.201967560701, "Y": 38215.642885610498, "LATITUDE": 1.3618832152645299, "LONGITUDE": 103.838307442795 }, "geometry": { "type": "Point", "coordinates": [ 103.838307443085966, 1.361883215394661 ] } },
{ "type": "Feature", "properties": { "OBJECTID": 683, "TempleID": 1191, "Main_God_ID": 12, "SCNTemple": "自度庵", "TCNTemple": "自度庵", "ENTemple": "Tse Tho Aum Temple", "Main_God_Ch": "释迦牟尼佛", "Main_God_English": "Sakyamuni Buddha", "Main_God_ID_1": null, "Address": "247-249B South Bridge Road", "Postal_Code": 58796, "ADDRESS_1": "247A SOUTH BRIDGE ROAD", "X": 29363.032084935301, "Y": 29421.953800262901, "LATITUDE": 1.2823561762948601, "LONGITUDE": 103.84556595162699 }, "geometry": { "type": "Point", "coordinates": [ 103.845565951762381, 1.282356176292486 ] } },
{ "type": "Feature", "properties": { "OBJECTID": 684, "TempleID": 1191, "Main_God_ID": 13, "SCNTemple": "自度庵", "TCNTemple": "自度庵", "ENTemple": "Tse Tho Aum Temple", "Main_God_Ch": "济公活佛", "Main_God_English": null, "Main_God_ID_1": null, "Address": "247-249B South Bridge Road", "Postal_Code": 58796, "ADDRESS_1": "247A SOUTH BRIDGE ROAD", "X": 29363.032084935301, "Y": 29421.953800262901, "LATITUDE": 1.2823561762948601, "LONGITUDE": 103.84556595162699 }, "geometry": { "type": "Point", "coordinates": [ 103.845565951762381, 1.282356176292486 ] } },
{ "type": "Feature", "properties": { "OBJECTID": 685, "TempleID": 1192, "Main_God_ID": 13, "SCNTemple": "紫经阁（德教会）", "TCNTemple": "紫經閣（德教會）", "ENTemple": "Zi Jing Ge Moral Uplifting Society, Singapore", "Main_God_Ch": "太上老君", "Main_God_English": null, "Main_God_ID_1": 13, "Address": "5 Bukit Pasoh Road", "Postal_Code": 89819, "ADDRESS_1": "5 BUKIT PASOH ROAD", "X": 28822.2603530046, "Y": 29012.558829061702, "LATITUDE": 1.27865377045844, "LONGITUDE": 103.84070689718899 }, "geometry": { "type": "Point", "coordinates": [ 103.840706897610929, 1.278653770195629 ] } },
{ "type": "Feature", "properties": { "OBJECTID": 686, "TempleID": 1193, "Main_God_ID": 13, "SCNTemple": "紫玄阁（德教会）", "TCNTemple": "紫玄閣（德教會）", "ENTemple": "Che Hian Khor Moral Uplifting Society", "Main_God_Ch": "太上老君", "Main_God_English": null, "Main_God_ID_1": 13, "Address": "39 Jurong West Avenue 1", "Postal_Code": 649518, "ADDRESS_1": "39 JURONG WEST AVENUE 1", "X": 15569.891837294201, "Y": 36987.018965171701, "LATITUDE": 1.35076939963432, "LONGITUDE": 103.721626258546 }, "geometry": { "type": "Point", "coordinates": [ 103.721626258210662, 1.350769399949276 ] } },
{ "type": "Feature", "properties": { "OBJECTID": 687, "TempleID": 1194, "Main_God_ID": 3, "SCNTemple": "紫云开吉宫", "TCNTemple": "紫雲開吉宮", "ENTemple": "Zi Yun Kai Ji Gong", "Main_God_Ch": "太上老君", "Main_God_English": null, "Main_God_ID_1": 3, "Address": "58 Hougang Ave 3", "Postal_Code": 538842, "ADDRESS_1": "58 HOUGANG AVENUE 3", "X": 34580.584894283696, "Y": 37875.874901022798, "LATITUDE": 1.3588097520128499, "LONGITUDE": 103.89244948480901 }, "geometry": { "type": "Point", "coordinates": [ 103.892449484859782, 1.358809752003604 ] } }
]
}
