{
"type": "FeatureCollection",
"name": "sg_religious_churches",
"crs": { "type": "name", "properties": { "name": "urn:ogc:def:crs:OGC:1.3:CRS84" } },
"features": [
{ "type": "Feature", "properties": { "OBJECTID_1": 1, "OBJECTID": 921, "FEA_ID": 18910.0, "BUILDING_N": " ", "HOUSE_BLK_": "313", "ROAD_NAME": "ONAN ROAD", "POSTAL_COD": "424704", "ADDRESS_TY": "U", "DATA_TYPE_": "extg", "MULTI_ADDR": "y", "X_ADDR": 35726.812643600002, "Y_ADDR": 32275.7754274, "BUILDING_I": "101000000010402040700040030105", "OID_": 32, "CHURCH_NAM": "BETHANY EMMANUEL MISSION", "CHURCH_ADD": "313 Onan Road Singapore 424704", "CHURCH_COD": 424704.0, "PosCode": "424704" }, "geometry": { "type": "Point", "coordinates": [ 103.902747675127969, 1.308164198593627 ] } },
{ "type": "Feature", "properties": { "OBJECTID_1": 2, "OBJECTID": 1518, "FEA_ID": 149625.0, "BUILDING_N": "CHURCH OF CHRIST THE KING", "HOUSE_BLK_": "2221", "ROAD_NAME": "ANG MO KIO AVENUE 8", "POSTAL_COD": "569809", "ADDRESS_TY": "S", "DATA_TYPE_": "extg", "MULTI_ADDR": "n", "X_ADDR": 30124.2856474, "Y_ADDR": 38224.978530599998, "BUILDING_I": "109000000018556492840991695909", "OID_": 143, "CHURCH_NAM": "CHURCH OF CHRIST THE KING", "CHURCH_ADD": "2221 Ang Mo Kio Avenue 8 Singapore 569809", "CHURCH_COD": 569809.0, "PosCode": "569809" }, "geometry": { "type": "Point", "coordinates": [ 103.852406717279067, 1.361967572452411 ] } },
{ "type": "Feature", "properties": { "OBJECTID_1": 3, "OBJECTID": 2010, "FEA_ID": 103475.0, "BUILDING_N": "CHURCH OF THE HOLY TRINITY", "HOUSE_BLK_": "20", "ROAD_NAME": "TAMPINES STREET 11", "POSTAL_COD": "529455", "ADDRESS_TY": "S", "DATA_TYPE_": "extg", "MULTI_ADDR": "n", "X_ADDR": 40911.371171400002, "Y_ADDR": 36773.858384799998, "BUILDING_I": "109000000010502090405052804007", "OID_": 227, "CHURCH_NAM": "CHURCH OF THE HOLY TRINITY", "CHURCH_ADD": "20 Tampines Street 11 Singapore 529455", "CHURCH_COD": 529455.0, "PosCode": "529455" }, "geometry": { "type": "Point", "coordinates": [ 103.949335252499054, 1.348841452777592 ] } },
{ "type": "Feature", "properties": { "OBJECTID_1": 4, "OBJECTID": 2293, "FEA_ID": 10265.0, "BUILDING_N": "CHURCH OF SAINTS PETER & PAUL", "HOUSE_BLK_": "225A", "ROAD_NAME": "QUEEN STREET", "POSTAL_COD": "188551", "ADDRESS_TY": "S", "DATA_TYPE_": "extg", "MULTI_ADDR": "n", "X_ADDR": 29997.776704799999, "Y_ADDR": 31138.506668400001, "BUILDING_I": "100000000010108080505010625205", "OID_": 121, "CHURCH_NAM": "CHURCH OF SAINT PETER & PAUL", "CHURCH_ADD": "225A Queen Street Singapore 188551", "CHURCH_COD": 188551.0, "PosCode": "188551" }, "geometry": { "type": "Point", "coordinates": [ 103.851269486902112, 1.297880043167669 ] } },
{ "type": "Feature", "properties": { "OBJECTID_1": 5, "OBJECTID": 3636, "FEA_ID": 43536.0, "BUILDING_N": "TRINITY METHODIST CHURCH", "HOUSE_BLK_": "34", "ROAD_NAME": "SERANGOON GARDEN WAY", "POSTAL_COD": "555940", "ADDRESS_TY": "S", "DATA_TYPE_": "extg", "MULTI_ADDR": "n", "X_ADDR": 32020.0553076, "Y_ADDR": 38456.517649100002, "BUILDING_I": "109000000012545150904502605002", "OID_": 140, "CHURCH_NAM": "TRINITY METHODIST CHURCH", "CHURCH_ADD": "34 Serangoon Garden Way Singapore 555940", "CHURCH_COD": 555940.0, "PosCode": "555940" }, "geometry": { "type": "Point", "coordinates": [ 103.86944151571582, 1.364061332850835 ] } },
{ "type": "Feature", "properties": { "OBJECTID_1": 6, "OBJECTID": 3601, "FEA_ID": 8307.0, "BUILDING_N": "PAYA LEBAR CHINESE METHODIST CHURCH", "HOUSE_BLK_": "299", "ROAD_NAME": "UPPER PAYA LEBAR ROAD", "POSTAL_COD": "534932", "ADDRESS_TY": "S", "DATA_TYPE_": "extg", "MULTI_ADDR": "n", "X_ADDR": 33420.750051900002, "Y_ADDR": 36235.8033861, "BUILDING_I": "100000000010503040903020020909", "OID_": 192, "CHURCH_NAM": "PAYA LEBAR CHINESE METHODIST CHURCH", "CHURCH_ADD": "299 Upper Paya Lebar Road Singapore 534932", "CHURCH_COD": 534932.0, "PosCode": "534932" }, "geometry": { "type": "Point", "coordinates": [ 103.882027308891352, 1.343977768205376 ] } },
{ "type": "Feature", "properties": { "OBJECTID_1": 7, "OBJECTID": 3849, "FEA_ID": 7503.0, "BUILDING_N": "CHURCH OF ST FRANCIS XAVIER", "HOUSE_BLK_": "63A", "ROAD_NAME": "CHARTWELL DRIVE", "POSTAL_COD": "558758", "ADDRESS_TY": "S", "DATA_TYPE_": "extg", "MULTI_ADDR": "n", "X_ADDR": 31405.130768800002, "Y_ADDR": 37834.507163399998, "BUILDING_I": "100000000020585383725481090906", "OID_": 144, "CHURCH_NAM": "CHURCH OF SAINT FRANCIS XAVIER", "CHURCH_ADD": "63A Chartwell Drive Singapore 558758", "CHURCH_COD": 558758.0, "PosCode": "558758" }, "geometry": { "type": "Point", "coordinates": [ 103.863915929665581, 1.358436169475507 ] } },
{ "type": "Feature", "properties": { "OBJECTID_1": 8, "OBJECTID": 4091, "FEA_ID": 169287.0, "BUILDING_N": "TRINITY@ADAM", "HOUSE_BLK_": "21", "ROAD_NAME": "ADAM ROAD", "POSTAL_COD": "289892", "ADDRESS_TY": "S", "DATA_TYPE_": "extg", "MULTI_ADDR": "n", "X_ADDR": 25772.525902099998, "Y_ADDR": 34392.469072799999, "BUILDING_I": "100000000010208090879224646903", "OID_": 148, "CHURCH_NAM": "TRINITY CHRISTIAN CENTRE ADAM ROAD", "CHURCH_ADD": "21 Adam Road Singapore 289892", "CHURCH_COD": 289892.0, "PosCode": "289892" }, "geometry": { "type": "Point", "coordinates": [ 103.813303504731621, 1.327307713219709 ] } },
{ "type": "Feature", "properties": { "OBJECTID_1": 9, "OBJECTID": 4352, "FEA_ID": 208802.0, "BUILDING_N": "CHURCH OF JESUS CHRIST OF LATTER-DAY SAINTS", "HOUSE_BLK_": "253", "ROAD_NAME": "BUKIT TIMAH ROAD", "POSTAL_COD": "259690", "ADDRESS_TY": "S", "DATA_TYPE_": "extg", "MULTI_ADDR": "n", "X_ADDR": 28377.526875200001, "Y_ADDR": 33017.714626200002, "BUILDING_I": "100001050012205090609102605004", "OID_": 179, "CHURCH_NAM": "CHURCH OF JESUS CHRIST OF LATTER-DAY SAINTS", "CHURCH_ADD": "253 Bukit Timah Road Singapore 259690", "CHURCH_COD": 259690.0, "PosCode": "259690" }, "geometry": { "type": "Point", "coordinates": [ 103.836710848235441, 1.314874998822822 ] } },
{ "type": "Feature", "properties": { "OBJECTID_1": 10, "OBJECTID": 4368, "FEA_ID": 92052.0, "BUILDING_N": "CHURCH OF THE BLESSED SACRAMENT", "HOUSE_BLK_": "1", "ROAD_NAME": "COMMONWEALTH DRIVE", "POSTAL_COD": "149603", "ADDRESS_TY": "S", "DATA_TYPE_": "extg", "MULTI_ADDR": "n", "X_ADDR": 24171.883853899999, "Y_ADDR": 30873.146316800001, "BUILDING_I": "100000000010104090600030000001", "OID_": 78, "CHURCH_NAM": "BLESSED SACRAMENT CHURCH", "CHURCH_ADD": "1 Commonwealth Drive Singapore 149603", "CHURCH_COD": 149603.0, "PosCode": "149603" }, "geometry": { "type": "Point", "coordinates": [ 103.798921295162543, 1.295480045897612 ] } },
{ "type": "Feature", "properties": { "OBJECTID_1": 11, "OBJECTID": 4526, "FEA_ID": 222093.0, "BUILDING_N": "SAINT ANDREW'S CATHEDRAL", "HOUSE_BLK_": "11", "ROAD_NAME": "ST. ANDREW'S ROAD", "POSTAL_COD": "178959", "ADDRESS_TY": "K", "DATA_TYPE_": "extg", "MULTI_ADDR": "n", "X_ADDR": 30035.120949700002, "Y_ADDR": 30528.376093899999, "BUILDING_I": "100000030928107080905192605003", "OID_": 131, "CHURCH_NAM": "SAINT ANDREW'S CATHEDRAL", "CHURCH_ADD": "11 Saint Andrew's Road Singapore 178959", "CHURCH_COD": 178959.0, "PosCode": "178959" }, "geometry": { "type": "Point", "coordinates": [ 103.851605002435505, 1.292362234422085 ] } },
{ "type": "Feature", "properties": { "OBJECTID_1": 12, "OBJECTID": 4985, "FEA_ID": 100539.0, "BUILDING_N": "BETHANY EVANGELICAL FREE CHURCH", "HOUSE_BLK_": "133", "ROAD_NAME": "FIDELIO STREET", "POSTAL_COD": "458518", "ADDRESS_TY": "S", "DATA_TYPE_": "extg", "MULTI_ADDR": "n", "X_ADDR": 37834.632291200003, "Y_ADDR": 33467.485876899998, "BUILDING_I": "100000000010405080501080010303", "OID_": 265, "CHURCH_NAM": "BETHANY EVANGELICAL FREE CHURCH", "CHURCH_ADD": "133 Fidelio Street Singapore 458518", "CHURCH_COD": 458518.0, "PosCode": "458518" }, "geometry": { "type": "Point", "coordinates": [ 103.921687805335267, 1.318940995673784 ] } },
{ "type": "Feature", "properties": { "OBJECTID_1": 13, "OBJECTID": 5116, "FEA_ID": 37806.0, "BUILDING_N": "SAINT JOHN'S - ST. MARGARET'S CHURCH", "HOUSE_BLK_": "30", "ROAD_NAME": "DOVER AVENUE", "POSTAL_COD": "139790", "ADDRESS_TY": "S", "DATA_TYPE_": "extg", "MULTI_ADDR": "n", "X_ADDR": 22361.624970600002, "Y_ADDR": 32104.296766399999, "BUILDING_I": "100000000030103095799601090907", "OID_": 62, "CHURCH_NAM": "SAINT JOHN'S - SAINT MARGARET'S CHURCH", "CHURCH_ADD": "30 Dover Avenue Singapore 139790", "CHURCH_COD": 139790.0, "PosCode": "139790" }, "geometry": { "type": "Point", "coordinates": [ 103.782655116259278, 1.30661385837022 ] } },
{ "type": "Feature", "properties": { "OBJECTID_1": 14, "OBJECTID": 5163, "FEA_ID": 30924.0, "BUILDING_N": "SPIRITUAL GRACE PRESBYTERIAN CHURCH", "HOUSE_BLK_": "109", "ROAD_NAME": "SEMBAWANG ROAD", "POSTAL_COD": "779105", "ADDRESS_TY": "S", "DATA_TYPE_": "extg", "MULTI_ADDR": "n", "X_ADDR": 26543.538316499998, "Y_ADDR": 43065.808750299999, "BUILDING_I": "100000000113767490160352605003", "OID_": 162, "CHURCH_NAM": "SPIRITUAL GRACE PRESBYTERIAN CHURCH", "CHURCH_ADD": "109 Sembawang Road Singapore 779105", "CHURCH_COD": 779105.0, "PosCode": "779105" }, "geometry": { "type": "Point", "coordinates": [ 103.820231048101419, 1.405746346655526 ] } },
{ "type": "Feature", "properties": { "OBJECTID_1": 15, "OBJECTID": 5215, "FEA_ID": 57394.0, "BUILDING_N": "TAMIL METHODIST CHURCH", "HOUSE_BLK_": "8", "ROAD_NAME": "SHORT STREET", "POSTAL_COD": "188214", "ADDRESS_TY": "U", "DATA_TYPE_": "extg", "MULTI_ADDR": "y", "X_ADDR": 29929.6852736, "Y_ADDR": 31594.291017299998, "BUILDING_I": "101000000010108080201040000008", "OID_": 128, "CHURCH_NAM": "TAMIL METHODIST CHURCH", "CHURCH_ADD": "8 Short Street Singapore 188214", "CHURCH_COD": 188214.0, "PosCode": "188214" }, "geometry": { "type": "Point", "coordinates": [ 103.850657683654703, 1.302002000057538 ] } },
{ "type": "Feature", "properties": { "OBJECTID_1": 16, "OBJECTID": 5324, "FEA_ID": 129947.0, "BUILDING_N": "PASIR PANJANG CHRIST CHURCH", "HOUSE_BLK_": "302", "ROAD_NAME": "PASIR PANJANG ROAD", "POSTAL_COD": "118643", "ADDRESS_TY": "S", "DATA_TYPE_": "extg", "MULTI_ADDR": "n", "X_ADDR": 22061.466880200001, "Y_ADDR": 30001.9094348, "BUILDING_I": "109000000110111580604132605001", "OID_": 37, "CHURCH_NAM": "PASIR PANJANG CHRIST CHURCH", "CHURCH_ADD": "302 Pasir Panjang Road Singapore 118643", "CHURCH_COD": 118643.0, "PosCode": "118643" }, "geometry": { "type": "Point", "coordinates": [ 103.779958453070563, 1.287600558370902 ] } },
{ "type": "Feature", "properties": { "OBJECTID_1": 17, "OBJECTID": 7238, "FEA_ID": 95034.0, "BUILDING_N": "INTERNATIONAL BAPTIST CHURCH", "HOUSE_BLK_": "81", "ROAD_NAME": "KING'S ROAD", "POSTAL_COD": "266358", "ADDRESS_TY": "S", "DATA_TYPE_": "extg", "MULTI_ADDR": "n", "X_ADDR": 24989.802502099999, "Y_ADDR": 33327.691196500004, "BUILDING_I": "100000000010206263305081090908", "OID_": 154, "CHURCH_NAM": "INTERNATIONAL BAPTIST CHURCH KING'S ROAD", "CHURCH_ADD": "81 King's Road Singapore 266358", "CHURCH_COD": 266358.0, "PosCode": "266358" }, "geometry": { "type": "Point", "coordinates": [ 103.806270411200146, 1.317678172097686 ] } },
{ "type": "Feature", "properties": { "OBJECTID_1": 18, "OBJECTID": 7474, "FEA_ID": 136084.0, "BUILDING_N": "MY SAVIOURS' CHURCH", "HOUSE_BLK_": "2", "ROAD_NAME": "PRINCE CHARLES CRESCENT", "POSTAL_COD": "159011", "ADDRESS_TY": "S", "DATA_TYPE_": "extg", "MULTI_ADDR": "n", "X_ADDR": 26908.113093, "Y_ADDR": 30511.1912342, "BUILDING_I": "109000000020105090031117606709", "OID_": 106, "CHURCH_NAM": "MY SAVIOUR'S CHURCH", "CHURCH_ADD": "2 Prince Charles Crescent Singapore 159011", "CHURCH_COD": 159011.0, "PosCode": "159011" }, "geometry": { "type": "Point", "coordinates": [ 103.823507514014054, 1.292206867237656 ] } },
{ "type": "Feature", "properties": { "OBJECTID_1": 19, "OBJECTID": 7643, "FEA_ID": 79214.0, "BUILDING_N": "BETHEL ASSEMBLY OF GOD CHURCH", "HOUSE_BLK_": "81", "ROAD_NAME": "ALJUNIED AVENUE 2", "POSTAL_COD": "389957", "ADDRESS_TY": "S", "DATA_TYPE_": "extg", "MULTI_ADDR": "n", "X_ADDR": 33998.776011599999, "Y_ADDR": 33783.296994600001, "BUILDING_I": "109000000010308090955075656708", "OID_": 236, "CHURCH_NAM": "BETHEL ASSEMBLY OF GOD CHURCH", "CHURCH_ADD": "81 Aljunied Avenue 2 Singapore 389957", "CHURCH_COD": 389957.0, "PosCode": "389957" }, "geometry": { "type": "Point", "coordinates": [ 103.887220739859259, 1.321798069530446 ] } },
{ "type": "Feature", "properties": { "OBJECTID_1": 20, "OBJECTID": 9620, "FEA_ID": 37070.0, "BUILDING_N": "HOLY TRINITY CHURCH", "HOUSE_BLK_": "1", "ROAD_NAME": "HAMILTON ROAD", "POSTAL_COD": "209175", "ADDRESS_TY": "U", "DATA_TYPE_": "extg", "MULTI_ADDR": "y", "X_ADDR": 31008.435789499999, "Y_ADDR": 32624.4430164, "BUILDING_I": "101000000010200090107050000001", "OID_": 158, "CHURCH_NAM": "HOLY TRINITY CHURCH", "CHURCH_ADD": "1 Hamilton Road Singapore 209175", "CHURCH_COD": 209175.0, "PosCode": "209175" }, "geometry": { "type": "Point", "coordinates": [ 103.860350848912191, 1.311318244845015 ] } },
{ "type": "Feature", "properties": { "OBJECTID_1": 21, "OBJECTID": 10325, "FEA_ID": 41211.0, "BUILDING_N": "NEW LIFE BIBLE PRESBYTERIAN CHURCH", "HOUSE_BLK_": "10", "ROAD_NAME": "MARSILING LANE", "POSTAL_COD": "739147", "ADDRESS_TY": "S", "DATA_TYPE_": "extg", "MULTI_ADDR": "n", "X_ADDR": 21775.985493, "Y_ADDR": 47404.110441999997, "BUILDING_I": "100000000010703090104070000100", "OID_": 59, "CHURCH_NAM": "NEW LIFE BIBLE PRESBYTERIAN CHURCH", "CHURCH_ADD": "10 Marsiling Lane Singapore 739147", "CHURCH_COD": 739147.0, "PosCode": "739147" }, "geometry": { "type": "Point", "coordinates": [ 103.777389647413671, 1.444979722211498 ] } },
{ "type": "Feature", "properties": { "OBJECTID_1": 22, "OBJECTID": 10671, "FEA_ID": 150835.0, "BUILDING_N": "GLAD TIDINGS CHURCH", "HOUSE_BLK_": "1", "ROAD_NAME": "VALLEY ROAD", "POSTAL_COD": "534449", "ADDRESS_TY": "S", "DATA_TYPE_": "extg", "MULTI_ADDR": "n", "X_ADDR": 34042.452954300003, "Y_ADDR": 38221.23765, "BUILDING_I": "100000000010503047414291090908", "OID_": 208, "CHURCH_NAM": "GLAD TIDINGS CHURCH", "CHURCH_ADD": "1 Valley Road Singapore 534449", "CHURCH_COD": 534449.0, "PosCode": "534449" }, "geometry": { "type": "Point", "coordinates": [ 103.887614084381894, 1.361933201961913 ] } },
{ "type": "Feature", "properties": { "OBJECTID_1": 23, "OBJECTID": 11286, "FEA_ID": 148846.0, "BUILDING_N": "CALVARY BIBLE-PRESBYTERIAN CHURCH", "HOUSE_BLK_": "1", "ROAD_NAME": "TAO CHING ROAD", "POSTAL_COD": "618720", "ADDRESS_TY": "S", "DATA_TYPE_": "extg", "MULTI_ADDR": "n", "X_ADDR": 15800.0968338, "Y_ADDR": 35039.040059799998, "BUILDING_I": "109000000020601080712201646905", "OID_": 57, "CHURCH_NAM": "CALVARY BIBLE PRESBYTERIAN CHURCH", "CHURCH_ADD": "1 Tao Ching Road Singapore 618720", "CHURCH_COD": 618720.0, "PosCode": "618720" }, "geometry": { "type": "Point", "coordinates": [ 103.723695576415551, 1.333152697652902 ] } },
{ "type": "Feature", "properties": { "OBJECTID_1": 24, "OBJECTID": 12196, "FEA_ID": 66393.0, "BUILDING_N": " ", "HOUSE_BLK_": "3", "ROAD_NAME": "LORONG 25A GEYLANG", "POSTAL_COD": "388219", "ADDRESS_TY": "S", "DATA_TYPE_": "extg", "MULTI_ADDR": "n", "X_ADDR": 33523.768859700001, "Y_ADDR": 32892.189060199998, "BUILDING_I": "100000000010308080201090000003", "OID_": 253, "CHURCH_NAM": "CALVARY MOUNT BAPTIST CHURCH", "CHURCH_ADD": "3 Lorong 25a Geylang Singapore 388219", "CHURCH_COD": 388219.0, "PosCode": "388219" }, "geometry": { "type": "Point", "coordinates": [ 103.882952391723762, 1.31373929702506 ] } },
{ "type": "Feature", "properties": { "OBJECTID_1": 25, "OBJECTID": 12257, "FEA_ID": 152077.0, "BUILDING_N": " ", "HOUSE_BLK_": "4", "ROAD_NAME": "PASIR RIS DRIVE 6", "POSTAL_COD": "519420", "ADDRESS_TY": "S", "DATA_TYPE_": "extg", "MULTI_ADDR": "n", "X_ADDR": 41780.918888, "Y_ADDR": 39252.463224200001, "BUILDING_I": "100000900010501090462108686903", "OID_": 210, "CHURCH_NAM": "PENTECOST METHODIST CHURCH", "CHURCH_ADD": "4 Pasir Ris Drive 6 Singapore 519420", "CHURCH_COD": 519420.0, "PosCode": "519420" }, "geometry": { "type": "Point", "coordinates": [ 103.957149808080047, 1.371256631143349 ] } },
{ "type": "Feature", "properties": { "OBJECTID_1": 26, "OBJECTID": 13036, "FEA_ID": 21828.0, "BUILDING_N": "NEIGHBOURHOOD CHRISTIAN CHURCH", "HOUSE_BLK_": "134", "ROAD_NAME": "BRADDELL ROAD", "POSTAL_COD": "359919", "ADDRESS_TY": "S", "DATA_TYPE_": "extg", "MULTI_ADDR": "n", "X_ADDR": 31351.789652399999, "Y_ADDR": 36264.322546199997, "BUILDING_I": "100000000010305090901090010304", "OID_": 4, "CHURCH_NAM": "NEIGHBOURHOOD CHRISTIAN CHURCH", "CHURCH_ADD": "134 Braddell Road Singapore 359919", "CHURCH_COD": 359919.0, "PosCode": "359919" }, "geometry": { "type": "Point", "coordinates": [ 103.863436448954062, 1.34423598745911 ] } },
{ "type": "Feature", "properties": { "OBJECTID_1": 27, "OBJECTID": 13457, "FEA_ID": 107340.0, "BUILDING_N": "GRACE INDEPENDENT BAPTIST CHURCH", "HOUSE_BLK_": "547", "ROAD_NAME": "UPPER CHANGI ROAD", "POSTAL_COD": "486983", "ADDRESS_TY": "S", "DATA_TYPE_": "extg", "MULTI_ADDR": "n", "X_ADDR": 41552.534752799998, "Y_ADDR": 35408.377110100002, "BUILDING_I": "100000000010408060908030050407", "OID_": 220, "CHURCH_NAM": "GRACE INDEPENDENT BAPTIST CHURCH", "CHURCH_ADD": "547 Upper Changi Road Singapore 486983", "CHURCH_COD": 486983.0, "PosCode": "486983" }, "geometry": { "type": "Point", "coordinates": [ 103.955095884467099, 1.336492269635513 ] } },
{ "type": "Feature", "properties": { "OBJECTID_1": 28, "OBJECTID": 14333, "FEA_ID": 33178.0, "BUILDING_N": "THE CHRISTIAN ASSEMBLY HALL", "HOUSE_BLK_": "17", "ROAD_NAME": "WILKIE TERRACE", "POSTAL_COD": "228029", "ADDRESS_TY": "S", "DATA_TYPE_": "extg", "MULTI_ADDR": "n", "X_ADDR": 29753.2402721, "Y_ADDR": 31718.414963800002, "BUILDING_I": "100000000010202080002090000107", "OID_": 111, "CHURCH_NAM": "CHRISTIAN ASSEMBLY", "CHURCH_ADD": "17 Wilkie Terrace Singapore 228029", "CHURCH_COD": 228029.0, "PosCode": "228029" }, "geometry": { "type": "Point", "coordinates": [ 103.849072251686749, 1.30312454422139 ] } },
{ "type": "Feature", "properties": { "OBJECTID_1": 29, "OBJECTID": 14440, "FEA_ID": 113004.0, "BUILDING_N": "CHURCH OF CHRIST OF MALAYA", "HOUSE_BLK_": "54", "ROAD_NAME": "SOPHIA ROAD", "POSTAL_COD": "228150", "ADDRESS_TY": "S", "DATA_TYPE_": "extg", "MULTI_ADDR": "n", "X_ADDR": 29700.410563500001, "Y_ADDR": 31588.595975100001, "BUILDING_I": "100000000010202080105000000504", "OID_": 90, "CHURCH_NAM": "CHURCH OF CHRIST OF MALAYA", "CHURCH_ADD": "54 Sophia Road Singapore 228150", "CHURCH_COD": 228150.0, "PosCode": "228150" }, "geometry": { "type": "Point", "coordinates": [ 103.84859754542083, 1.301950509883424 ] } },
{ "type": "Feature", "properties": { "OBJECTID_1": 30, "OBJECTID": 15473, "FEA_ID": 152268.0, "BUILDING_N": " ", "HOUSE_BLK_": "30", "ROAD_NAME": "CHAI CHEE STREET", "POSTAL_COD": "468979", "ADDRESS_TY": "S", "DATA_TYPE_": "extg", "MULTI_ADDR": "n", "X_ADDR": 38005.385428699999, "Y_ADDR": 34531.4893772, "BUILDING_I": "100000900010406080967590686903", "OID_": 211, "CHURCH_NAM": "BETHESDA CATHEDRAL", "CHURCH_ADD": "30 Chai Chee Street Singapore 468979", "CHURCH_COD": 468979.0, "PosCode": "468979" }, "geometry": { "type": "Point", "coordinates": [ 103.923222454958832, 1.328563399783766 ] } },
{ "type": "Feature", "properties": { "OBJECTID_1": 31, "OBJECTID": 15619, "FEA_ID": 67344.0, "BUILDING_N": " ", "HOUSE_BLK_": "31", "ROAD_NAME": "TECK WHYE LANE", "POSTAL_COD": "688798", "ADDRESS_TY": "S", "DATA_TYPE_": "extg", "MULTI_ADDR": "n", "X_ADDR": 19136.4080703, "Y_ADDR": 40176.199681799997, "BUILDING_I": "100000000010608080729180696903", "OID_": 45, "CHURCH_NAM": "METHODIST CHURCH OF THE INCARNATION", "CHURCH_ADD": "31 Teck Whye Lane Singapore 688798", "CHURCH_COD": 688798.0, "PosCode": "688798" }, "geometry": { "type": "Point", "coordinates": [ 103.753672670538734, 1.379612454059503 ] } },
{ "type": "Feature", "properties": { "OBJECTID_1": 32, "OBJECTID": 15801, "FEA_ID": 27539.0, "BUILDING_N": "CHURCH OF OUR LADY STAR OF THE SEA", "HOUSE_BLK_": "10", "ROAD_NAME": "YISHUN STREET 22", "POSTAL_COD": "768579", "ADDRESS_TY": "S", "DATA_TYPE_": "extg", "MULTI_ADDR": "n", "X_ADDR": 28511.943056, "Y_ADDR": 46549.222054700003, "BUILDING_I": "100000000010706080507090000100", "OID_": 163, "CHURCH_NAM": "CHURCH OF OUR LADY STAR OF THE SEA", "CHURCH_ADD": "10 Yishun Street 22 Singapore 768579", "CHURCH_COD": 768579.0, "PosCode": "768579" }, "geometry": { "type": "Point", "coordinates": [ 103.837918878189868, 1.437249110069439 ] } },
{ "type": "Feature", "properties": { "OBJECTID_1": 33, "OBJECTID": 16924, "FEA_ID": 80200.0, "BUILDING_N": " ", "HOUSE_BLK_": "365", "ROAD_NAME": "BUKIT TIMAH ROAD", "POSTAL_COD": "259726", "ADDRESS_TY": "S", "DATA_TYPE_": "extg", "MULTI_ADDR": "n", "X_ADDR": 27510.16711, "Y_ADDR": 33465.500145899998, "BUILDING_I": "109000000013295190702662605001", "OID_": 147, "CHURCH_NAM": "LENG KWANG BAPTIST CHURCH", "CHURCH_ADD": "365 Bukit Timah Road Singapore 259726", "CHURCH_COD": 259726.0, "PosCode": "259726" }, "geometry": { "type": "Point", "coordinates": [ 103.82891717701149, 1.3189246119899 ] } },
{ "type": "Feature", "properties": { "OBJECTID_1": 34, "OBJECTID": 18678, "FEA_ID": 211766.0, "BUILDING_N": " ", "HOUSE_BLK_": "167", "ROAD_NAME": "JALAN LOYANG BESAR", "POSTAL_COD": "509421", "ADDRESS_TY": "S", "DATA_TYPE_": "extg", "MULTI_ADDR": "n", "X_ADDR": 42143.363555199998, "Y_ADDR": 40096.781244600003, "BUILDING_I": "100000000114500092402912605003", "OID_": 27, "CHURCH_NAM": "CARMEL CHURCH", "CHURCH_ADD": "167 Jalan Loyang Besar Singapore 509421", "CHURCH_COD": 509421.0, "PosCode": "509421" }, "geometry": { "type": "Point", "coordinates": [ 103.960407025691794, 1.378892151528976 ] } },
{ "type": "Feature", "properties": { "OBJECTID_1": 35, "OBJECTID": 20171, "FEA_ID": 11936.0, "BUILDING_N": "SINGAPORE HAKKA METHODIST CHURCH", "HOUSE_BLK_": "1B", "ROAD_NAME": "EVELYN ROAD", "POSTAL_COD": "309298", "ADDRESS_TY": "S", "DATA_TYPE_": "extg", "MULTI_ADDR": "n", "X_ADDR": 28807.094277100001, "Y_ADDR": 33102.953294, "BUILDING_I": "100000000010300090209080606001", "OID_": 177, "CHURCH_NAM": "SINGAPORE HAKKA METHODIST CHURH", "CHURCH_ADD": "1B Evelyn Road Singapore 309298", "CHURCH_COD": 309298.0, "PosCode": "309298" }, "geometry": { "type": "Point", "coordinates": [ 103.84057072960907, 1.31564585926593 ] } },
{ "type": "Feature", "properties": { "OBJECTID_1": 36, "OBJECTID": 20839, "FEA_ID": 144953.0, "BUILDING_N": "ST. HILDA'S PRIMARY SCHOOL", "HOUSE_BLK_": "2", "ROAD_NAME": "TAMPINES AVENUE 3", "POSTAL_COD": "529706", "ADDRESS_TY": "S", "DATA_TYPE_": "extg", "MULTI_ADDR": "n", "X_ADDR": 39534.798617799999, "Y_ADDR": 36782.228602299998, "BUILDING_I": "109000000044562790700561791909", "OID_": 222, "CHURCH_NAM": "CHAPEL OF CHRIST THE REDEEMER", "CHURCH_ADD": "2 Tampines Avenue 3 Singapore 529706", "CHURCH_COD": 529706.0, "PosCode": "529706" }, "geometry": { "type": "Point", "coordinates": [ 103.936965911997603, 1.348917711445096 ] } },
{ "type": "Feature", "properties": { "OBJECTID_1": 37, "OBJECTID": 21376, "FEA_ID": 55557.0, "BUILDING_N": "BETHESDA CHAPEL", "HOUSE_BLK_": "27", "ROAD_NAME": "LORONG MELAYU", "POSTAL_COD": "416913", "ADDRESS_TY": "S", "DATA_TYPE_": "extg", "MULTI_ADDR": "n", "X_ADDR": 36537.475481000001, "Y_ADDR": 33656.28182, "BUILDING_I": "100000000010401060901030000207", "OID_": 262, "CHURCH_NAM": "BETHESDA CHAPEL LIMITED", "CHURCH_ADD": "27 Lorong Melayu Singapore 416913", "CHURCH_COD": 416913.0, "PosCode": "416913" }, "geometry": { "type": "Point", "coordinates": [ 103.910032244599847, 1.320648786462128 ] } },
{ "type": "Feature", "properties": { "OBJECTID_1": 38, "OBJECTID": 21582, "FEA_ID": 35186.0, "BUILDING_N": "SAINT JOSEPH'S CHURCH (BUKIT TIMAH)", "HOUSE_BLK_": "143", "ROAD_NAME": "VICTORIA STREET", "POSTAL_COD": "188020", "ADDRESS_TY": "U", "DATA_TYPE_": "extg", "MULTI_ADDR": "n", "X_ADDR": 30207.296077, "Y_ADDR": 31191.388952400001, "BUILDING_I": "109000000010108080002000010403", "OID_": 119, "CHURCH_NAM": "SAINT JOSEPH'S CHURCH", "CHURCH_ADD": "143 Victoria Street Singapore 188020", "CHURCH_COD": 188020.0, "PosCode": "188020" }, "geometry": { "type": "Point", "coordinates": [ 103.853152115074977, 1.298358277009287 ] } },
{ "type": "Feature", "properties": { "OBJECTID_1": 39, "OBJECTID": 22246, "FEA_ID": 8040.0, "BUILDING_N": "ANGORA BRETHREN CHAPEL", "HOUSE_BLK_": "3", "ROAD_NAME": "PASIR PANJANG HILL", "POSTAL_COD": "118827", "ADDRESS_TY": "S", "DATA_TYPE_": "extg", "MULTI_ADDR": "n", "X_ADDR": 22707.000068900001, "Y_ADDR": 29197.7682279, "BUILDING_I": "100000000010101080802070000003", "OID_": 68, "CHURCH_NAM": "PASIR PANJANG HILL BRETHREN CHURCH", "CHURCH_ADD": "3 Pasir Panjang Hill Singapore 118827", "CHURCH_COD": 118827.0, "PosCode": "118827" }, "geometry": { "type": "Point", "coordinates": [ 103.785758963456971, 1.280328306467746 ] } },
{ "type": "Feature", "properties": { "OBJECTID_1": 40, "OBJECTID": 22705, "FEA_ID": 143394.0, "BUILDING_N": "GALILEE BIBLE PRESBYTERIAN CHURCH", "HOUSE_BLK_": "202", "ROAD_NAME": "PANDAN GARDENS", "POSTAL_COD": "609338", "ADDRESS_TY": "S", "DATA_TYPE_": "extg", "MULTI_ADDR": "n", "X_ADDR": 18331.170042500002, "Y_ADDR": 33739.144632700001, "BUILDING_I": "100000900010600090303080020002", "OID_": 65, "CHURCH_NAM": "GALILEE BIBLE- PRESBYTERIAN CHURCH", "CHURCH_ADD": "202 Pandan Gardens Singapore 609338", "CHURCH_COD": 609338.0, "PosCode": "609338" }, "geometry": { "type": "Point", "coordinates": [ 103.746439085362354, 1.321397829837176 ] } },
{ "type": "Feature", "properties": { "OBJECTID_1": 41, "OBJECTID": 23109, "FEA_ID": 170058.0, "BUILDING_N": " ", "HOUSE_BLK_": "263", "ROAD_NAME": "JOO CHIAT ROAD", "POSTAL_COD": "427517", "ADDRESS_TY": "U", "DATA_TYPE_": "extg", "MULTI_ADDR": "n", "X_ADDR": 35627.453598100001, "Y_ADDR": 32541.0247862, "BUILDING_I": "100000000010402076551471090908", "OID_": 234, "CHURCH_NAM": "CHURCH OF PRAISE", "CHURCH_ADD": "263 Joo Chiat Road Singapore 427517", "CHURCH_COD": 427517.0, "PosCode": "427517" }, "geometry": { "type": "Point", "coordinates": [ 103.901854952695388, 1.310563043593791 ] } },
{ "type": "Feature", "properties": { "OBJECTID_1": 42, "OBJECTID": 23509, "FEA_ID": 217412.0, "BUILDING_N": "SEMBAWANG PRESBYTERIAN CHURCH", "HOUSE_BLK_": "10B", "ROAD_NAME": "JALAN JERUJU", "POSTAL_COD": "768443", "ADDRESS_TY": "S", "DATA_TYPE_": "extg", "MULTI_ADDR": "n", "X_ADDR": 27143.0611431, "Y_ADDR": 46990.796856599998, "BUILDING_I": "100000080818706080404132605005", "OID_": 161, "CHURCH_NAM": "SEMBAWANG PRESBYTERIAN CHURCH", "CHURCH_ADD": "10B Jalan Jeruju Singapore 768443", "CHURCH_COD": 768443.0, "PosCode": "768443" }, "geometry": { "type": "Point", "coordinates": [ 103.825618145491305, 1.441242544868642 ] } },
{ "type": "Feature", "properties": { "OBJECTID_1": 43, "OBJECTID": 23700, "FEA_ID": 229248.0, "BUILDING_N": "CHURCH OF OUR LADY QUEEN OF PEACE", "HOUSE_BLK_": "4", "ROAD_NAME": "SANDY LANE", "POSTAL_COD": "437321", "ADDRESS_TY": "S", "DATA_TYPE_": "extg", "MULTI_ADDR": "n", "X_ADDR": 34731.782401999997, "Y_ADDR": 32730.210459900001, "BUILDING_I": "100000000010403070302111804003", "OID_": 201, "CHURCH_NAM": "CHURCH OF OUR LADY QUEEN OF PEACE", "CHURCH_ADD": "4 Sandy Lane Singapore 437321", "CHURCH_COD": 437321.0, "PosCode": "437321" }, "geometry": { "type": "Point", "coordinates": [ 103.893806956411737, 1.312274179006852 ] } },
{ "type": "Feature", "properties": { "OBJECTID_1": 44, "OBJECTID": 23914, "FEA_ID": 47315.0, "BUILDING_N": "VICTORY FAMILY CENTRE (CHOA CHU KANG AVE 2)", "HOUSE_BLK_": "21", "ROAD_NAME": "CHOA CHU KANG AVENUE 2", "POSTAL_COD": "689907", "ADDRESS_TY": "S", "DATA_TYPE_": "extg", "MULTI_ADDR": "n", "X_ADDR": 17642.9984057, "Y_ADDR": 39972.272380199996, "BUILDING_I": "109000000015698790930471695909", "OID_": 49, "CHURCH_NAM": "VICTORY FAMILY CENTRE CHURCH", "CHURCH_ADD": "21 Choa Chu Kang Avenue 2 Singapore 689907", "CHURCH_COD": 689907.0, "PosCode": "689907" }, "geometry": { "type": "Point", "coordinates": [ 103.740253365975349, 1.377767720792525 ] } },
{ "type": "Feature", "properties": { "OBJECTID_1": 45, "OBJECTID": 24234, "FEA_ID": 89666.0, "BUILDING_N": "CHURCH OF THE GOOD SHEPHERD", "HOUSE_BLK_": "2", "ROAD_NAME": "DUNDEE ROAD", "POSTAL_COD": "149454", "ADDRESS_TY": "S", "DATA_TYPE_": "extg", "MULTI_ADDR": "n", "X_ADDR": 25128.936190299999, "Y_ADDR": 30827.300915299998, "BUILDING_I": "100000000010104090405040000002", "OID_": 133, "CHURCH_NAM": "CHURCH OF THE GOOD SHEPHERD", "CHURCH_ADD": "2 Dundee Road Singapore 149454", "CHURCH_COD": 149454.0, "PosCode": "149454" }, "geometry": { "type": "Point", "coordinates": [ 103.807520829506018, 1.295065539105329 ] } },
{ "type": "Feature", "properties": { "OBJECTID_1": 46, "OBJECTID": 24830, "FEA_ID": 6946.0, "BUILDING_N": "ZION FULL GOSPEL CHURCH", "HOUSE_BLK_": "44", "ROAD_NAME": "HOOT KIAM ROAD", "POSTAL_COD": "249421", "ADDRESS_TY": "S", "DATA_TYPE_": "extg", "MULTI_ADDR": "n", "X_ADDR": 27665.390804400002, "Y_ADDR": 31071.448979500001, "BUILDING_I": "100000000010204090402010000404", "OID_": 109, "CHURCH_NAM": "ZION FULL GOSPEL CHURCH", "CHURCH_ADD": "44 Hoot Kiam Road Singapore 249421", "CHURCH_COD": 249421.0, "PosCode": "249421" }, "geometry": { "type": "Point", "coordinates": [ 103.830311968181064, 1.297273659105153 ] } },
{ "type": "Feature", "properties": { "OBJECTID_1": 47, "OBJECTID": 26400, "FEA_ID": 19878.0, "BUILDING_N": "TOONG CHAI PRESBYTERIAN CHURCH", "HOUSE_BLK_": "8", "ROAD_NAME": "FOWLIE ROAD", "POSTAL_COD": "428482", "ADDRESS_TY": "S", "DATA_TYPE_": "extg", "MULTI_ADDR": "n", "X_ADDR": 35719.741982, "Y_ADDR": 32176.9662604, "BUILDING_I": "100000000010402080408020000008", "OID_": 115, "CHURCH_NAM": "TOONG CHAI PRESBYTERIAN CHURCH", "CHURCH_ADD": "8 Fowlie Road Singapore 428482", "CHURCH_COD": 428482.0, "PosCode": "428482" }, "geometry": { "type": "Point", "coordinates": [ 103.902684117920785, 1.307270606353054 ] } },
{ "type": "Feature", "properties": { "OBJECTID_1": 48, "OBJECTID": 26908, "FEA_ID": 109927.0, "BUILDING_N": "METHODIST CENTRE (ANGLO-CHINESE SCHOOL (BARKER ROAD))", "HOUSE_BLK_": "48", "ROAD_NAME": "BARKER ROAD", "POSTAL_COD": "309917", "ADDRESS_TY": "K", "DATA_TYPE_": "extg", "MULTI_ADDR": "n", "X_ADDR": 28165.795034499999, "Y_ADDR": 33483.250926000001, "BUILDING_I": "101000000060300090901070000600", "OID_": 171, "CHURCH_NAM": "BARKER ROAD METHODIST CHURCH", "CHURCH_ADD": "48 Barker Road Singapore 309917", "CHURCH_COD": 309917.0, "PosCode": "309917" }, "geometry": { "type": "Point", "coordinates": [ 103.834808333085249, 1.319085146551349 ] } },
{ "type": "Feature", "properties": { "OBJECTID_1": 49, "OBJECTID": 27589, "FEA_ID": 9115.0, "BUILDING_N": "CHURCH OF OUR SAVIOUR", "HOUSE_BLK_": "130", "ROAD_NAME": "MARGARET DRIVE", "POSTAL_COD": "149300", "ADDRESS_TY": "S", "DATA_TYPE_": "extg", "MULTI_ADDR": "n", "X_ADDR": 24622.191816499999, "Y_ADDR": 31268.759306399999, "BUILDING_I": "109000000111144998350601695909", "OID_": 81, "CHURCH_NAM": "CHURCH OF OUR SAVIOUR", "CHURCH_ADD": "130 Margaret Drive Singapore 149300", "CHURCH_COD": 149300.0, "PosCode": "149300" }, "geometry": { "type": "Point", "coordinates": [ 103.802967464755596, 1.299057882243883 ] } },
{ "type": "Feature", "properties": { "OBJECTID_1": 50, "OBJECTID": 28138, "FEA_ID": 181911.0, "BUILDING_N": " ", "HOUSE_BLK_": "166B", "ROAD_NAME": "BEDOK ROAD", "POSTAL_COD": "469413", "ADDRESS_TY": "S", "DATA_TYPE_": "prop", "MULTI_ADDR": "n", "X_ADDR": 41177.469183900001, "Y_ADDR": 34271.644972200003, "BUILDING_I": "300000000017466090401132605003", "OID_": 263, "CHURCH_NAM": "CHURCH OF GOD", "CHURCH_ADD": "166B Bedok Road Singapore 469413", "CHURCH_COD": 469413.0, "PosCode": "469413" }, "geometry": { "type": "Point", "coordinates": [ 103.951725220124516, 1.326212255112906 ] } },
{ "type": "Feature", "properties": { "OBJECTID_1": 51, "OBJECTID": 28997, "FEA_ID": 54942.0, "BUILDING_N": "JURONG CHURCH OF CHRIST", "HOUSE_BLK_": "120", "ROAD_NAME": "BOON LAY DRIVE", "POSTAL_COD": "649924", "ADDRESS_TY": "S", "DATA_TYPE_": "extg", "MULTI_ADDR": "n", "X_ADDR": 14614.612992799999, "Y_ADDR": 36311.842826599997, "BUILDING_I": "100000000010604090902040010200", "OID_": 38, "CHURCH_NAM": "CHURCH OF CHRIST BOON LAY", "CHURCH_ADD": "120 Boon Lay Drive Singapore 649924", "CHURCH_COD": 649924.0, "PosCode": "649924" }, "geometry": { "type": "Point", "coordinates": [ 103.713042790687325, 1.344662947637045 ] } },
{ "type": "Feature", "properties": { "OBJECTID_1": 52, "OBJECTID": 29085, "FEA_ID": 113066.0, "BUILDING_N": "ALDERSGATE METHODIST CHURCH", "HOUSE_BLK_": "98", "ROAD_NAME": "DOVER ROAD", "POSTAL_COD": "139647", "ADDRESS_TY": "S", "DATA_TYPE_": "extg", "MULTI_ADDR": "n", "X_ADDR": 22608.52839, "Y_ADDR": 31433.389654499999, "BUILDING_I": "100000000060103090624176686903", "OID_": 72, "CHURCH_NAM": "ALDERSGATE METHODIST CHURCH", "CHURCH_ADD": "98 Dover Road Singapore 139647", "CHURCH_COD": 139647.0, "PosCode": "139647" }, "geometry": { "type": "Point", "coordinates": [ 103.784873775394345, 1.300546456201745 ] } },
{ "type": "Feature", "properties": { "OBJECTID_1": 53, "OBJECTID": 30671, "FEA_ID": 15639.0, "BUILDING_N": " ", "HOUSE_BLK_": "10", "ROAD_NAME": "TEMBELING LANE", "POSTAL_COD": "423483", "ADDRESS_TY": "K", "DATA_TYPE_": "extg", "MULTI_ADDR": "n", "X_ADDR": 35567.871828900003, "Y_ADDR": 32911.626614499997, "BUILDING_I": "109000000111452230408432605001", "OID_": 25, "CHURCH_NAM": "JOO CHIAT GOSPEL HALL", "CHURCH_ADD": "10 Tembeling Lane Singapore 423483", "CHURCH_COD": 423483.0, "PosCode": "423483" }, "geometry": { "type": "Point", "coordinates": [ 103.901319672040984, 1.313914647809533 ] } },
{ "type": "Feature", "properties": { "OBJECTID_1": 54, "OBJECTID": 33224, "FEA_ID": 228406.0, "BUILDING_N": "CHURCH OF SAINT ANTHONY", "HOUSE_BLK_": "25", "ROAD_NAME": "WOODLANDS AVENUE 1", "POSTAL_COD": "739064", "ADDRESS_TY": "S", "DATA_TYPE_": "extg", "MULTI_ADDR": "n", "X_ADDR": 22023.6362592, "Y_ADDR": 45672.007760499997, "BUILDING_I": "100002080315703095016342609006", "OID_": 51, "CHURCH_NAM": "CHURCH OF SAINT ANTHONY", "CHURCH_ADD": "25 Woodlands Avenue 1 Singapore 739064", "CHURCH_COD": 739064.0, "PosCode": "739064" }, "geometry": { "type": "Point", "coordinates": [ 103.779615400300571, 1.429315274909294 ] } },
{ "type": "Feature", "properties": { "OBJECTID_1": 55, "OBJECTID": 34231, "FEA_ID": 35796.0, "BUILDING_N": "PRINSEP STREET PRESBYTERIAN CHURCH", "HOUSE_BLK_": "77", "ROAD_NAME": "PRINSEP STREET", "POSTAL_COD": "188649", "ADDRESS_TY": "S", "DATA_TYPE_": "extg", "MULTI_ADDR": "n", "X_ADDR": 29979.9958081, "Y_ADDR": 31562.470921600001, "BUILDING_I": "100000000010108080604090000707", "OID_": 124, "CHURCH_NAM": "PRINSEP STREET PRESBYTERIAN CHURCH", "CHURCH_ADD": "77 Prinsep Street Singapore 188649", "CHURCH_COD": 188649.0, "PosCode": "188649" }, "geometry": { "type": "Point", "coordinates": [ 103.851109744463301, 1.301714227124345 ] } },
{ "type": "Feature", "properties": { "OBJECTID_1": 56, "OBJECTID": 34621, "FEA_ID": 120830.0, "BUILDING_N": "JURONG CHRISTIAN CHURCH", "HOUSE_BLK_": "2", "ROAD_NAME": "TAH CHING ROAD", "POSTAL_COD": "618744", "ADDRESS_TY": "S", "DATA_TYPE_": "extg", "MULTI_ADDR": "n", "X_ADDR": 15630.9116082, "Y_ADDR": 35389.111114699997, "BUILDING_I": "100000000010601080704040000002", "OID_": 42, "CHURCH_NAM": "JURONG CHRISTIAN CHURCH", "CHURCH_ADD": "2 Tah Ching Road Singapore 618744", "CHURCH_COD": 618744.0, "PosCode": "618744" }, "geometry": { "type": "Point", "coordinates": [ 103.722175211845183, 1.33631854108731 ] } },
{ "type": "Feature", "properties": { "OBJECTID_1": 57, "OBJECTID": 35111, "FEA_ID": 130903.0, "BUILDING_N": " ", "HOUSE_BLK_": "90", "ROAD_NAME": "JURONG EAST STREET 13", "POSTAL_COD": "609648", "ADDRESS_TY": "S", "DATA_TYPE_": "extg", "MULTI_ADDR": "n", "X_ADDR": 17405.232133900001, "Y_ADDR": 35306.7145198, "BUILDING_I": "100000900010600090604080000900", "OID_": 18, "CHURCH_NAM": "JURONG EAST SEVENTH-DAY ADVENTIST CHURCH", "CHURCH_ADD": "90 Jurong East Street 13 Singapore 609648", "CHURCH_COD": 609648.0, "PosCode": "609648" }, "geometry": { "type": "Point", "coordinates": [ 103.738118513816161, 1.335574050433742 ] } },
{ "type": "Feature", "properties": { "OBJECTID_1": 58, "OBJECTID": 35148, "FEA_ID": 134182.0, "BUILDING_N": "FOOCHOW METHODIST CHURCH", "HOUSE_BLK_": "90", "ROAD_NAME": "RACE COURSE ROAD", "POSTAL_COD": "218577", "ADDRESS_TY": "S", "DATA_TYPE_": "extg", "MULTI_ADDR": "n", "X_ADDR": 30051.375310899999, "Y_ADDR": 32372.6308565, "BUILDING_I": "109000000010201080547071666901", "OID_": 150, "CHURCH_NAM": "FOOCHOW METHODIST CHURCH", "CHURCH_ADD": "90 Race Course Road Singapore 218577", "CHURCH_COD": 218577.0, "PosCode": "218577" }, "geometry": { "type": "Point", "coordinates": [ 103.851751175111175, 1.30904102277918 ] } },
{ "type": "Feature", "properties": { "OBJECTID_1": 59, "OBJECTID": 35229, "FEA_ID": 31061.0, "BUILDING_N": "CALVARY BAPTIST CHURCH", "HOUSE_BLK_": "48", "ROAD_NAME": "WAN THO AVENUE", "POSTAL_COD": "347592", "ADDRESS_TY": "S", "DATA_TYPE_": "extg", "MULTI_ADDR": "y", "X_ADDR": 32544.259404600001, "Y_ADDR": 34950.441100999997, "BUILDING_I": "101000000112344070529222605000", "OID_": 260, "CHURCH_NAM": "CALVARY BAPTIST CHURCH", "CHURCH_ADD": "48 Wan Tho Avenue Singapore 347592", "CHURCH_COD": 347592.0, "PosCode": "347592" }, "geometry": { "type": "Point", "coordinates": [ 103.874151318011883, 1.332353555752786 ] } },
{ "type": "Feature", "properties": { "OBJECTID_1": 60, "OBJECTID": 35469, "FEA_ID": 60507.0, "BUILDING_N": "WOODLANDS EVANGELICAL FREE CHURCH", "HOUSE_BLK_": "1", "ROAD_NAME": "WOODLANDS STREET 83", "POSTAL_COD": "738488", "ADDRESS_TY": "S", "DATA_TYPE_": "extg", "MULTI_ADDR": "n", "X_ADDR": 23375.3217501, "Y_ADDR": 46797.778893000002, "BUILDING_I": "109000000010703189448281090907", "OID_": 43, "CHURCH_NAM": "WOODLANDS EVANGELICAL FREE CHURCH", "CHURCH_ADD": "1 Woodlands Street 83 Singapore 738488", "CHURCH_COD": 738488.0, "PosCode": "738488" }, "geometry": { "type": "Point", "coordinates": [ 103.791761362742605, 1.439496591913455 ] } },
{ "type": "Feature", "properties": { "OBJECTID_1": 61, "OBJECTID": 35976, "FEA_ID": 39323.0, "BUILDING_N": "SHALOM BIBLE-PRESBYTERIAN CHURCH", "HOUSE_BLK_": "4", "ROAD_NAME": "LOYANG BESAR CLOSE", "POSTAL_COD": "509025", "ADDRESS_TY": "S", "DATA_TYPE_": "extg", "MULTI_ADDR": "n", "X_ADDR": 41895.451364400004, "Y_ADDR": 40052.272961499999, "BUILDING_I": "100000000010500090002050000004", "OID_": 218, "CHURCH_NAM": "SHALOM BIBLE PRESBYTERIAN CHURCH", "CHURCH_ADD": "4 Loyang Besar Close Singapore 509025", "CHURCH_COD": 509025.0, "PosCode": "509025" }, "geometry": { "type": "Point", "coordinates": [ 103.958179336192885, 1.378489753959496 ] } },
{ "type": "Feature", "properties": { "OBJECTID_1": 62, "OBJECTID": 36387, "FEA_ID": 137789.0, "BUILDING_N": " ", "HOUSE_BLK_": "25", "ROAD_NAME": "ADAM ROAD", "POSTAL_COD": "289894", "ADDRESS_TY": "S", "DATA_TYPE_": "extg", "MULTI_ADDR": "n", "X_ADDR": 25811.869468299999, "Y_ADDR": 34428.6192457, "BUILDING_I": "100000900010208090879247696902", "OID_": 169, "CHURCH_NAM": "ADAM ROAD PRESBYTERIAN CENTRE CHURCH", "CHURCH_ADD": "25 Adam Road Singapore 289894", "CHURCH_COD": 289894.0, "PosCode": "289894" }, "geometry": { "type": "Point", "coordinates": [ 103.813657025021328, 1.327634645668905 ] } },
{ "type": "Feature", "properties": { "OBJECTID_1": 63, "OBJECTID": 36428, "FEA_ID": 30839.0, "BUILDING_N": "BEDOK BETHESDA MISSION CHURCH", "HOUSE_BLK_": "11", "ROAD_NAME": "PASIR RIS DRIVE 2", "POSTAL_COD": "518458", "ADDRESS_TY": "S", "DATA_TYPE_": "extg", "MULTI_ADDR": "n", "X_ADDR": 42592.7221928, "Y_ADDR": 38886.541673799999, "BUILDING_I": "100000000010501080465385616904", "OID_": 23, "CHURCH_NAM": "BETHESDA MISSION CHURCH PASIR RIS", "CHURCH_ADD": "11 Pasir Ris Drive 2 Singapore 518458", "CHURCH_COD": 518458.0, "PosCode": "518458" }, "geometry": { "type": "Point", "coordinates": [ 103.964444238233924, 1.36794698564214 ] } },
{ "type": "Feature", "properties": { "OBJECTID_1": 64, "OBJECTID": 39373, "FEA_ID": 58056.0, "BUILDING_N": "ST PAUL'S CHURCH", "HOUSE_BLK_": "843", "ROAD_NAME": "UPPER SERANGOON ROAD", "POSTAL_COD": "534683", "ADDRESS_TY": "S", "DATA_TYPE_": "extg", "MULTI_ADDR": "n", "X_ADDR": 33461.280728400001, "Y_ADDR": 37816.777813000001, "BUILDING_I": "100000000010503040608030080403", "OID_": 196, "CHURCH_NAM": "SAINT PAUL'S CHURCH", "CHURCH_ADD": "843 Upper Serangoon Road Singapore 534683", "CHURCH_COD": 534683.0, "PosCode": "534683" }, "geometry": { "type": "Point", "coordinates": [ 103.882391788561065, 1.358275525683156 ] } },
{ "type": "Feature", "properties": { "OBJECTID_1": 65, "OBJECTID": 39635, "FEA_ID": 90793.0, "BUILDING_N": "ANGLICAN HIGH SCHOOL", "HOUSE_BLK_": "600", "ROAD_NAME": "UPPER CHANGI ROAD", "POSTAL_COD": "487012", "ADDRESS_TY": "S", "DATA_TYPE_": "extg", "MULTI_ADDR": "n", "X_ADDR": 40081.594283799997, "Y_ADDR": 34819.0246892, "BUILDING_I": "109000000010408070051026686901", "OID_": 223, "CHURCH_NAM": "ALL SAINTS CHURCH", "CHURCH_ADD": "600 Upper Changi Road Singapore 487012", "CHURCH_COD": 487012.0, "PosCode": "487012" }, "geometry": { "type": "Point", "coordinates": [ 103.941878423799977, 1.33116300863645 ] } },
{ "type": "Feature", "properties": { "OBJECTID_1": 66, "OBJECTID": 40115, "FEA_ID": 76693.0, "BUILDING_N": "CHURCH OF OUR LADY OF PERPETUAL SUCCOUR", "HOUSE_BLK_": "31", "ROAD_NAME": "SIGLAP HILL", "POSTAL_COD": "456085", "ADDRESS_TY": "S", "DATA_TYPE_": "extg", "MULTI_ADDR": "n", "X_ADDR": 37505.645671600003, "Y_ADDR": 33635.622771000002, "BUILDING_I": "109000000010405060058452616905", "OID_": 248, "CHURCH_NAM": "CHURCH OF OUR LADY OF PERPETUAL SUCCOUR", "CHURCH_ADD": "31 Siglap Hill Singapore 456085", "CHURCH_COD": 456085.0, "PosCode": "456085" }, "geometry": { "type": "Point", "coordinates": [ 103.918731744841537, 1.320461668517697 ] } },
{ "type": "Feature", "properties": { "OBJECTID_1": 67, "OBJECTID": 42202, "FEA_ID": 170166.0, "BUILDING_N": "SION CHRISTIAN CHURCH", "HOUSE_BLK_": "42", "ROAD_NAME": "KOON SENG ROAD", "POSTAL_COD": "426980", "ADDRESS_TY": "S", "DATA_TYPE_": "extg", "MULTI_ADDR": "n", "X_ADDR": 35814.625058500002, "Y_ADDR": 32526.6357197, "BUILDING_I": "100000000010402060958506666903", "OID_": 244, "CHURCH_NAM": "SION CHRISTIAN CHURCH", "CHURCH_ADD": "42 Koon Seng Road Singapore 426980", "CHURCH_COD": 426980.0, "PosCode": "426980" }, "geometry": { "type": "Point", "coordinates": [ 103.903536774130558, 1.310432866878519 ] } },
{ "type": "Feature", "properties": { "OBJECTID_1": 68, "OBJECTID": 42387, "FEA_ID": 188450.0, "BUILDING_N": "CENTRAL CHRISTIAN CHURCH", "HOUSE_BLK_": "1", "ROAD_NAME": "EDGEFIELD WALK", "POSTAL_COD": "828850", "ADDRESS_TY": "S", "DATA_TYPE_": "extg", "MULTI_ADDR": "n", "X_ADDR": 36498.293636599999, "Y_ADDR": 42526.414635399997, "BUILDING_I": "100000000010802080815808040500", "OID_": 259, "CHURCH_NAM": "CENTRAL CHRISTIAN CHURCH", "CHURCH_ADD": "1 Edgefield Walk Singapore 828850", "CHURCH_COD": 828850.0, "PosCode": "828850" }, "geometry": { "type": "Point", "coordinates": [ 103.909682697189893, 1.400867045793424 ] } },
{ "type": "Feature", "properties": { "OBJECTID_1": 69, "OBJECTID": 43223, "FEA_ID": 78904.0, "BUILDING_N": "CHOICE RETREAT HOUSE", "HOUSE_BLK_": "47", "ROAD_NAME": "JURONG WEST STREET 42", "POSTAL_COD": "649368", "ADDRESS_TY": "S", "DATA_TYPE_": "extg", "MULTI_ADDR": "n", "X_ADDR": 14976.409501399999, "Y_ADDR": 37034.942475700002, "BUILDING_I": "109000000000604090306080000407", "OID_": 55, "CHURCH_NAM": "SISTERS OF THE INFANT JESUS CHURCH", "CHURCH_ADD": "47 Jurong West Street 42 Singapore 649368", "CHURCH_COD": 649368.0, "PosCode": "649368" }, "geometry": { "type": "Point", "coordinates": [ 103.716293433961297, 1.351202549561797 ] } },
{ "type": "Feature", "properties": { "OBJECTID_1": 70, "OBJECTID": 43673, "FEA_ID": 69283.0, "BUILDING_N": "BETHLEHEM BIBLE-PRESBYTERIAN CHURCH", "HOUSE_BLK_": "1", "ROAD_NAME": "DUNEARN CLOSE", "POSTAL_COD": "299574", "ADDRESS_TY": "S", "DATA_TYPE_": "extg", "MULTI_ADDR": "n", "X_ADDR": 25916.392080400001, "Y_ADDR": 33989.453412100003, "BUILDING_I": "100000000010209090507040000001", "OID_": 174, "CHURCH_NAM": "BETHLEHEM BIBLE PRESBYTERIAN CHURCH", "CHURCH_ADD": "1 Dunearn Close Singapore 299574", "CHURCH_COD": 299574.0, "PosCode": "299574" }, "geometry": { "type": "Point", "coordinates": [ 103.814596248651711, 1.323662992216978 ] } },
{ "type": "Feature", "properties": { "OBJECTID_1": 71, "OBJECTID": 43739, "FEA_ID": 118823.0, "BUILDING_N": "BETHESDA (BEDOK-TAMPINES) CHURCH", "HOUSE_BLK_": "300", "ROAD_NAME": "BEDOK NORTH AVENUE 3", "POSTAL_COD": "469717", "ADDRESS_TY": "S", "DATA_TYPE_": "extg", "MULTI_ADDR": "n", "X_ADDR": 39287.5814102, "Y_ADDR": 34825.200205399997, "BUILDING_I": "100000000010406090701070030000", "OID_": 217, "CHURCH_NAM": "BETHESDA CHURCH BEDOK TAMPINES", "CHURCH_ADD": "300 Bedok North Avenue 3 Singapore 469717", "CHURCH_COD": 469717.0, "PosCode": "469717" }, "geometry": { "type": "Point", "coordinates": [ 103.934743786301638, 1.33121916322626 ] } },
{ "type": "Feature", "properties": { "OBJECTID_1": 72, "OBJECTID": 43906, "FEA_ID": 89714.0, "BUILDING_N": "CHURCH OF ST. IGNATIUS", "HOUSE_BLK_": "120", "ROAD_NAME": "KING'S ROAD", "POSTAL_COD": "268172", "ADDRESS_TY": "S", "DATA_TYPE_": "extg", "MULTI_ADDR": "n", "X_ADDR": 24892.057678500001, "Y_ADDR": 33338.382998499997, "BUILDING_I": "109000000014286080107122605001", "OID_": 80, "CHURCH_NAM": "CATHOLIC CHURCH OF SAINT IGNATIUS", "CHURCH_ADD": "120 King's Road Singapore 268172", "CHURCH_COD": 268172.0, "PosCode": "268172" }, "geometry": { "type": "Point", "coordinates": [ 103.805392123048222, 1.317774855191105 ] } },
{ "type": "Feature", "properties": { "OBJECTID_1": 73, "OBJECTID": 44382, "FEA_ID": 104840.0, "BUILDING_N": "ABUNDANT GRACE PRESBYTERIAN CHURCH", "HOUSE_BLK_": "240", "ROAD_NAME": "JALAN KAYU", "POSTAL_COD": "799464", "ADDRESS_TY": "S", "DATA_TYPE_": "extg", "MULTI_ADDR": "n", "X_ADDR": 32478.430020799999, "Y_ADDR": 42156.627500199997, "BUILDING_I": "100000000010709090446046696706", "OID_": 207, "CHURCH_NAM": "ABUNDANT GRACE PRESBYTERIAN CHURCH", "CHURCH_ADD": "240 Jalan Kayu Singapore 799464", "CHURCH_COD": 799464.0, "PosCode": "799464" }, "geometry": { "type": "Point", "coordinates": [ 103.873560886679073, 1.397523728240349 ] } },
{ "type": "Feature", "properties": { "OBJECTID_1": 74, "OBJECTID": 44731, "FEA_ID": 25793.0, "BUILDING_N": "CHURCH OF THE TRUE LIGHT", "HOUSE_BLK_": "25G", "ROAD_NAME": "PERAK ROAD", "POSTAL_COD": "208142", "ADDRESS_TY": "S", "DATA_TYPE_": "extg", "MULTI_ADDR": "n", "X_ADDR": 30295.1599475, "Y_ADDR": 31955.883065599999, "BUILDING_I": "100000000010200080104020701205", "OID_": 132, "CHURCH_NAM": "CHURCH OF THE GOOD SHEPHERD", "CHURCH_ADD": "25G Perak Road Singapore 208142", "CHURCH_COD": 208142.0, "PosCode": "208142" }, "geometry": { "type": "Point", "coordinates": [ 103.853941666443191, 1.305272086571224 ] } },
{ "type": "Feature", "properties": { "OBJECTID_1": 75, "OBJECTID": 45348, "FEA_ID": 51284.0, "BUILDING_N": "PRAISE EVANGELICAL CHURCH", "HOUSE_BLK_": "3", "ROAD_NAME": "JALAN SENDUDOK", "POSTAL_COD": "769448", "ADDRESS_TY": "S", "DATA_TYPE_": "extg", "MULTI_ADDR": "n", "X_ADDR": 27218.560784400001, "Y_ADDR": 47091.815677099999, "BUILDING_I": "100000000010706090404080000003", "OID_": 7, "CHURCH_NAM": "PRAISE EVANGELICAL CHURCH", "CHURCH_ADD": "3 Jalan Sendudok Singapore 769448", "CHURCH_COD": 769448.0, "PosCode": "769448" }, "geometry": { "type": "Point", "coordinates": [ 103.826296581217207, 1.442156124458674 ] } },
{ "type": "Feature", "properties": { "OBJECTID_1": 76, "OBJECTID": 49248, "FEA_ID": 116363.0, "BUILDING_N": " ", "HOUSE_BLK_": "488", "ROAD_NAME": "PAKISTAN ROAD", "POSTAL_COD": "758656", "ADDRESS_TY": "S", "DATA_TYPE_": "extg", "MULTI_ADDR": "n", "X_ADDR": 27702.9069714, "Y_ADDR": 48470.327682100004, "BUILDING_I": "100000000000705080605060000000", "OID_": 35, "CHURCH_NAM": "SAINT ANDREW'S CHAPEL", "CHURCH_ADD": "488 Pakistan Road Singapore 758656", "CHURCH_COD": 758656.0, "PosCode": "758656" }, "geometry": { "type": "Point", "coordinates": [ 103.83064889097993, 1.454622895580293 ] } },
{ "type": "Feature", "properties": { "OBJECTID_1": 77, "OBJECTID": 50727, "FEA_ID": 134500.0, "BUILDING_N": "ELIM CHURCH", "HOUSE_BLK_": "1079", "ROAD_NAME": "SERANGOON ROAD", "POSTAL_COD": "328182", "ADDRESS_TY": "S", "DATA_TYPE_": "extg", "MULTI_ADDR": "n", "X_ADDR": 31484.2541537, "Y_ADDR": 33996.753141699999, "BUILDING_I": "109000900012342180108122605000", "OID_": 188, "CHURCH_NAM": "ELIM CHURCH", "CHURCH_ADD": "1079 Serangoon Road Singapore 328182", "CHURCH_COD": 328182.0, "PosCode": "328182" }, "geometry": { "type": "Point", "coordinates": [ 103.86462646483389, 1.323728881563851 ] } },
{ "type": "Feature", "properties": { "OBJECTID_1": 78, "OBJECTID": 51140, "FEA_ID": 110317.0, "BUILDING_N": "COVENANT EVANGELICAL FREE CHURCH", "HOUSE_BLK_": "10", "ROAD_NAME": "JELAPANG ROAD", "POSTAL_COD": "677740", "ADDRESS_TY": "K", "DATA_TYPE_": "extg", "MULTI_ADDR": "n", "X_ADDR": 20609.913085, "Y_ADDR": 40899.212613099997, "BUILDING_I": "109000000110657370714101695908", "OID_": 41, "CHURCH_NAM": "COVENANT EVANGELICAL FREE CHURCH JELAPANG ROAD", "CHURCH_ADD": "10 Jelapang Road Singapore 677740", "CHURCH_COD": 677740.0, "PosCode": "677740" }, "geometry": { "type": "Point", "coordinates": [ 103.766913011026574, 1.386151528382023 ] } },
{ "type": "Feature", "properties": { "OBJECTID_1": 79, "OBJECTID": 52060, "FEA_ID": 179995.0, "BUILDING_N": "CHURCH OF THE ASCENSION", "HOUSE_BLK_": "13", "ROAD_NAME": "FRANCIS THOMAS DRIVE", "POSTAL_COD": "359339", "ADDRESS_TY": "S", "DATA_TYPE_": "extg", "MULTI_ADDR": "n", "X_ADDR": 31631.430983499999, "Y_ADDR": 34716.512930700002, "BUILDING_I": "100000000030305090303090000005", "OID_": 156, "CHURCH_NAM": "CHURCH OF THE ASCENSION", "CHURCH_ADD": "13 Francis Thomas Drive Singapore 359339", "CHURCH_COD": 359339.0, "PosCode": "359339" }, "geometry": { "type": "Point", "coordinates": [ 103.865949012141556, 1.330238116238307 ] } },
{ "type": "Feature", "properties": { "OBJECTID_1": 80, "OBJECTID": 54674, "FEA_ID": 32830.0, "BUILDING_N": "BETHANY INDEPENDENT PRESBYTERIAN CHURCH", "HOUSE_BLK_": "301", "ROAD_NAME": "UPPER PAYA LEBAR ROAD", "POSTAL_COD": "534934", "ADDRESS_TY": "S", "DATA_TYPE_": "extg", "MULTI_ADDR": "n", "X_ADDR": 33402.312521499996, "Y_ADDR": 36266.522877299998, "BUILDING_I": "109000000018543048983642605001", "OID_": 213, "CHURCH_NAM": "BETHANY INDEPENDENT PRESBYTERIAN CHURCH", "CHURCH_ADD": "301 Upper Paya Lebar Road Singapore 534934", "CHURCH_COD": 534934.0, "PosCode": "534934" }, "geometry": { "type": "Point", "coordinates": [ 103.881861642283738, 1.34425558766964 ] } },
{ "type": "Feature", "properties": { "OBJECTID_1": 81, "OBJECTID": 55377, "FEA_ID": 65178.0, "BUILDING_N": " ", "HOUSE_BLK_": "11", "ROAD_NAME": "BENG WAN ROAD", "POSTAL_COD": "339843", "ADDRESS_TY": "S", "DATA_TYPE_": "extg", "MULTI_ADDR": "n", "X_ADDR": 31626.296958399998, "Y_ADDR": 34071.314566399997, "BUILDING_I": "100000000010303090804030000101", "OID_": 5, "CHURCH_NAM": "KIM KEAT CHURCH", "CHURCH_ADD": "11 Beng Wan Road Singapore 339843", "CHURCH_COD": 339843.0, "PosCode": "339843" }, "geometry": { "type": "Point", "coordinates": [ 103.86590280395491, 1.324403171843584 ] } },
{ "type": "Feature", "properties": { "OBJECTID_1": 82, "OBJECTID": 55482, "FEA_ID": 149853.0, "BUILDING_N": "YISHUN CHRISTIAN CHURCH", "HOUSE_BLK_": "10", "ROAD_NAME": "YISHUN AVENUE 5", "POSTAL_COD": "768991", "ADDRESS_TY": "K", "DATA_TYPE_": "extg", "MULTI_ADDR": "n", "X_ADDR": 27694.7929119, "Y_ADDR": 45767.720754900001, "BUILDING_I": "109000000120756380909711695909", "OID_": 167, "CHURCH_NAM": "YISHUN CHRISTIAN CHURCH", "CHURCH_ADD": "10 Yishun Avenue 5 Singapore 768991", "CHURCH_COD": 768991.0, "PosCode": "768991" }, "geometry": { "type": "Point", "coordinates": [ 103.830576007757884, 1.43018149914841 ] } },
{ "type": "Feature", "properties": { "OBJECTID_1": 83, "OBJECTID": 55803, "FEA_ID": 126607.0, "BUILDING_N": "CHEN LI CHURCH", "HOUSE_BLK_": "76", "ROAD_NAME": "GUILLEMARD LANE", "POSTAL_COD": "399881", "ADDRESS_TY": "S", "DATA_TYPE_": "estm", "MULTI_ADDR": "n", "X_ADDR": 33258.346519300001, "Y_ADDR": 32465.192499699999, "BUILDING_I": "500000000000309090808010000000", "OID_": 26, "CHURCH_NAM": "CHEN-LI PRESBYTRIAN CHURCH", "CHURCH_ADD": "76 Guillemard Lane Singapore 399881", "CHURCH_COD": 399881.0, "PosCode": "399881" }, "geometry": { "type": "Point", "coordinates": [ 103.880567368368716, 1.309877738265603 ] } },
{ "type": "Feature", "properties": { "OBJECTID_1": 84, "OBJECTID": 57992, "FEA_ID": 19377.0, "BUILDING_N": "ST. MARGARET'S SECONDARY SCHOOL", "HOUSE_BLK_": "111", "ROAD_NAME": "FARRER ROAD", "POSTAL_COD": "259240", "ADDRESS_TY": "S", "DATA_TYPE_": "extg", "MULTI_ADDR": "n", "X_ADDR": 25360.602071099998, "Y_ADDR": 33534.737583499998, "BUILDING_I": "109000000010205293274501090908", "OID_": 152, "CHURCH_NAM": "SAINT JOHN'S CHURCH JURONG", "CHURCH_ADD": "111 Farrer Road Singapore 259240", "CHURCH_COD": 259240.0, "PosCode": "259240" }, "geometry": { "type": "Point", "coordinates": [ 103.809602217784317, 1.319550660605444 ] } },
{ "type": "Feature", "properties": { "OBJECTID_1": 85, "OBJECTID": 60117, "FEA_ID": 112781.0, "BUILDING_N": "THE SINGAPORE BAPTIST CHURCH", "HOUSE_BLK_": "1", "ROAD_NAME": "CAMBRIDGE ROAD", "POSTAL_COD": "219677", "ADDRESS_TY": "S", "DATA_TYPE_": "extg", "MULTI_ADDR": "n", "X_ADDR": 29466.967952200001, "Y_ADDR": 32843.287651699997, "BUILDING_I": "100000000010201090607070000001", "OID_": 0, "CHURCH_NAM": "SINGAPORE BAPTIST CHURCH", "CHURCH_ADD": "1 Cambridge Road Singapore 219677", "CHURCH_COD": 219677.0, "PosCode": "219677" }, "geometry": { "type": "Point", "coordinates": [ 103.846500015257305, 1.313297510911119 ] } },
{ "type": "Feature", "properties": { "OBJECTID_1": 86, "OBJECTID": 60554, "FEA_ID": 108804.0, "BUILDING_N": "AGAPE BAPTIST CHURCH", "HOUSE_BLK_": "1", "ROAD_NAME": "DORSET ROAD", "POSTAL_COD": "219486", "ADDRESS_TY": "S", "DATA_TYPE_": "extg", "MULTI_ADDR": "n", "X_ADDR": 29621.146215600002, "Y_ADDR": 32701.749161399999, "BUILDING_I": "100000000010201090408060000001", "OID_": 13, "CHURCH_NAM": "AGAPE BAPTIST CHURCH", "CHURCH_ADD": "1 Dorset Road Singapore 219486", "CHURCH_COD": 219486.0, "PosCode": "219486" }, "geometry": { "type": "Point", "coordinates": [ 103.84788537652814, 1.312017478975554 ] } },
{ "type": "Feature", "properties": { "OBJECTID_1": 87, "OBJECTID": 61038, "FEA_ID": 82912.0, "BUILDING_N": "EMMANUEL ASSEMBLY OF GOD", "HOUSE_BLK_": "165", "ROAD_NAME": "UPPER EAST COAST ROAD", "POSTAL_COD": "455266", "ADDRESS_TY": "S", "DATA_TYPE_": "extg", "MULTI_ADDR": "y", "X_ADDR": 38979.748630399998, "Y_ADDR": 32974.2918135, "BUILDING_I": "101000000010485050286961090906", "OID_": 235, "CHURCH_NAM": "EMMANUEL ASSEMBLY OF GOD", "CHURCH_ADD": "165 Upper East Coast Road Singapore 455266", "CHURCH_COD": 455266.0, "PosCode": "455266" }, "geometry": { "type": "Point", "coordinates": [ 103.931977078852086, 1.314480340081587 ] } },
{ "type": "Feature", "properties": { "OBJECTID_1": 88, "OBJECTID": 61665, "FEA_ID": 181381.0, "BUILDING_N": "GLORY PRESBYTERIAN CHURCH", "HOUSE_BLK_": "9", "ROAD_NAME": "PEI WAH AVENUE", "POSTAL_COD": "597611", "ADDRESS_TY": "S", "DATA_TYPE_": "extg", "MULTI_ADDR": "n", "X_ADDR": 21583.716722599998, "Y_ADDR": 35603.724679400002, "BUILDING_I": "100000000121529370601612605002", "OID_": 50, "CHURCH_NAM": "THE GLORY PRESBYTERIAN CHURCH", "CHURCH_ADD": "9 Pei Wah Avenue Singapore 597611", "CHURCH_COD": 597611.0, "PosCode": "597611" }, "geometry": { "type": "Point", "coordinates": [ 103.775664514519292, 1.338261279078739 ] } },
{ "type": "Feature", "properties": { "OBJECTID_1": 89, "OBJECTID": 62188, "FEA_ID": 150326.0, "BUILDING_N": "SERANGOON GARDEN ESTATE", "HOUSE_BLK_": "167", "ROAD_NAME": "YIO CHU KANG ROAD", "POSTAL_COD": "545620", "ADDRESS_TY": "S", "DATA_TYPE_": "extg", "MULTI_ADDR": "n", "X_ADDR": 32463.031638100001, "Y_ADDR": 38388.886745199998, "BUILDING_I": "109000000010504050642507656900", "OID_": 197, "CHURCH_NAM": "BETHANY CHRISTIAN CENTRE", "CHURCH_ADD": "167 Yio Chu Kang Road Singapore 545620", "CHURCH_COD": 545620.0, "PosCode": "545620" }, "geometry": { "type": "Point", "coordinates": [ 103.873421948954942, 1.36344963985078 ] } },
{ "type": "Feature", "properties": { "OBJECTID_1": 90, "OBJECTID": 62491, "FEA_ID": 116679.0, "BUILDING_N": "PAYA LEBAR METHODIST CHURCH", "HOUSE_BLK_": "5", "ROAD_NAME": "BOUNDARY ROAD", "POSTAL_COD": "549954", "ADDRESS_TY": "S", "DATA_TYPE_": "extg", "MULTI_ADDR": "n", "X_ADDR": 32709.409605299999, "Y_ADDR": 37196.231359400001, "BUILDING_I": "100000000010584297945541090906", "OID_": 191, "CHURCH_NAM": "PAYA LEBAR METHODIST CHURCH", "CHURCH_ADD": "5 Boundary Road Singapore 549954", "CHURCH_COD": 549954.0, "PosCode": "549954" }, "geometry": { "type": "Point", "coordinates": [ 103.875635634698071, 1.352663655028894 ] } },
{ "type": "Feature", "properties": { "OBJECTID_1": 91, "OBJECTID": 62987, "FEA_ID": 100497.0, "BUILDING_N": "CHURCH OF ST. FRANCIS OF ASSISI", "HOUSE_BLK_": "200", "ROAD_NAME": "BOON LAY AVENUE", "POSTAL_COD": "649964", "ADDRESS_TY": "S", "DATA_TYPE_": "extg", "MULTI_ADDR": "n", "X_ADDR": 14409.5130187, "Y_ADDR": 36704.796683100001, "BUILDING_I": "109000000016654096976241695909", "OID_": 3, "CHURCH_NAM": "CHURCH OF SAINT FRANCIS OF ASSISI", "CHURCH_ADD": "200 Boon Lay Avenue Singapore 649964", "CHURCH_COD": 649964.0, "PosCode": "649964" }, "geometry": { "type": "Point", "coordinates": [ 103.711199669218743, 1.348216582852392 ] } },
{ "type": "Feature", "properties": { "OBJECTID_1": 92, "OBJECTID": 63041, "FEA_ID": 12984.0, "BUILDING_N": "TRUE WAY PRESBYTERIAN CHURCH", "HOUSE_BLK_": "156B", "ROAD_NAME": "STIRLING ROAD", "POSTAL_COD": "148947", "ADDRESS_TY": "S", "DATA_TYPE_": "extg", "MULTI_ADDR": "n", "X_ADDR": 24975.566803400001, "Y_ADDR": 30699.6774148, "BUILDING_I": "100000000020104080904070616506", "OID_": 77, "CHURCH_NAM": "THE TRUE WAY PRESBYTERIAN CHURCH", "CHURCH_ADD": "156B Stirling Road Singapore 148947", "CHURCH_COD": 148947.0, "PosCode": "148947" }, "geometry": { "type": "Point", "coordinates": [ 103.806142751522984, 1.293911342671805 ] } },
{ "type": "Feature", "properties": { "OBJECTID_1": 93, "OBJECTID": 64482, "FEA_ID": 25593.0, "BUILDING_N": "LUTHERAN CHURCH OF OUR REDEEMER", "HOUSE_BLK_": "30", "ROAD_NAME": "DUKE'S ROAD", "POSTAL_COD": "268912", "ADDRESS_TY": "S", "DATA_TYPE_": "extg", "MULTI_ADDR": "n", "X_ADDR": 25476.768655399999, "Y_ADDR": 33762.076534899999, "BUILDING_I": "100000000112246080901221695909", "OID_": 176, "CHURCH_NAM": "LUTHERAN CHURCH OF OUR REDEEMER", "CHURCH_ADD": "30 Duke's Road Singapore 268912", "CHURCH_COD": 268912.0, "PosCode": "268912" }, "geometry": { "type": "Point", "coordinates": [ 103.810646015438792, 1.321606642898794 ] } },
{ "type": "Feature", "properties": { "OBJECTID_1": 94, "OBJECTID": 65466, "FEA_ID": 143396.0, "BUILDING_N": "CALVARY PANDAN YOUTH CENTRE", "HOUSE_BLK_": "201", "ROAD_NAME": "PANDAN GARDENS", "POSTAL_COD": "609337", "ADDRESS_TY": "S", "DATA_TYPE_": "extg", "MULTI_ADDR": "n", "X_ADDR": 18300.5823986, "Y_ADDR": 33703.733604000001, "BUILDING_I": "109000000010600090313275616905", "OID_": 64, "CHURCH_NAM": "CALVARY PANDAN BIBLE - PRESBYTERIAN CHURCH", "CHURCH_ADD": "201 Pandan Gardens Singapore 609337", "CHURCH_COD": 609337.0, "PosCode": "609337" }, "geometry": { "type": "Point", "coordinates": [ 103.746164251156202, 1.321077575954666 ] } },
{ "type": "Feature", "properties": { "OBJECTID_1": 95, "OBJECTID": 66771, "FEA_ID": 97441.0, "BUILDING_N": "CHURCH OF THE SACRED HEART", "HOUSE_BLK_": "111", "ROAD_NAME": "TANK ROAD", "POSTAL_COD": "238069", "ADDRESS_TY": "S", "DATA_TYPE_": "extg", "MULTI_ADDR": "n", "X_ADDR": 29152.502912299999, "Y_ADDR": 30922.7689508, "BUILDING_I": "109000000000203080006090010101", "OID_": 84, "CHURCH_NAM": "CHURCH OF THE SACRED HEART", "CHURCH_ADD": "111 Tank Road Singapore 238069", "CHURCH_COD": 238069.0, "PosCode": "238069" }, "geometry": { "type": "Point", "coordinates": [ 103.843674319970333, 1.295929030053227 ] } },
{ "type": "Feature", "properties": { "OBJECTID_1": 96, "OBJECTID": 66847, "FEA_ID": 227795.0, "BUILDING_N": "CHURCH OF THE HOLY CROSS", "HOUSE_BLK_": "450", "ROAD_NAME": "CLEMENTI AVENUE 1", "POSTAL_COD": "129955", "ADDRESS_TY": "S", "DATA_TYPE_": "extg", "MULTI_ADDR": "n", "X_ADDR": 21040.189817099999, "Y_ADDR": 32244.267848700001, "BUILDING_I": "100001000713102090905152605006", "OID_": 79, "CHURCH_NAM": "CHURCH OF THE HOLY CROSS", "CHURCH_ADD": "450 Clementi Avenue 1 Singapore 129955", "CHURCH_COD": 129955.0, "PosCode": "129955" }, "geometry": { "type": "Point", "coordinates": [ 103.770781369720254, 1.307879436727051 ] } },
{ "type": "Feature", "properties": { "OBJECTID_1": 97, "OBJECTID": 66999, "FEA_ID": 98864.0, "BUILDING_N": "CHURCH OF SAINT STEPHEN", "HOUSE_BLK_": "30", "ROAD_NAME": "SALLIM ROAD", "POSTAL_COD": "387639", "ADDRESS_TY": "S", "DATA_TYPE_": "extg", "MULTI_ADDR": "n", "X_ADDR": 33573.090508900001, "Y_ADDR": 34223.382793199999, "BUILDING_I": "100000000020308070603090000300", "OID_": 252, "CHURCH_NAM": "CHURCH OF SAINT STEPHEN", "CHURCH_ADD": "30 Sallim Road Singapore 387639", "CHURCH_COD": 387639.0, "PosCode": "387639" }, "geometry": { "type": "Point", "coordinates": [ 103.883395812356028, 1.325778128876347 ] } },
{ "type": "Feature", "properties": { "OBJECTID_1": 98, "OBJECTID": 68485, "FEA_ID": 150465.0, "BUILDING_N": "LIM AH PIN CHURCH OF CHRIST", "HOUSE_BLK_": "20", "ROAD_NAME": "LIM AH PIN ROAD", "POSTAL_COD": "547839", "ADDRESS_TY": "S", "DATA_TYPE_": "extg", "MULTI_ADDR": "n", "X_ADDR": 33827.762963000001, "Y_ADDR": 38514.975658900003, "BUILDING_I": "109000000010504070883098606905", "OID_": 193, "CHURCH_NAM": "CHURCH OF CHRIST LIM AH PIN", "CHURCH_ADD": "20 Lim Ah Pin Road Singapore 547839", "CHURCH_COD": 547839.0, "PosCode": "547839" }, "geometry": { "type": "Point", "coordinates": [ 103.885685009083915, 1.364589706407896 ] } },
{ "type": "Feature", "properties": { "OBJECTID_1": 99, "OBJECTID": 68964, "FEA_ID": 7722.0, "BUILDING_N": "WESLEY METHODIST CHURCH", "HOUSE_BLK_": "5", "ROAD_NAME": "FORT CANNING ROAD", "POSTAL_COD": "179493", "ADDRESS_TY": "S", "DATA_TYPE_": "extg", "MULTI_ADDR": "n", "X_ADDR": 29573.637775, "Y_ADDR": 31064.046823000001, "BUILDING_I": "100000000010107090439133666707", "OID_": 92, "CHURCH_NAM": "WESLEY METHODIST CHURCH", "CHURCH_ADD": "5 Fort Canning Road Singapore 179493", "CHURCH_COD": 179493.0, "PosCode": "179493" }, "geometry": { "type": "Point", "coordinates": [ 103.847458407557383, 1.297206678355628 ] } },
{ "type": "Feature", "properties": { "OBJECTID_1": 100, "OBJECTID": 69817, "FEA_ID": 59332.0, "BUILDING_N": "BEDOK LUTHERAN CHURCH", "HOUSE_BLK_": "485", "ROAD_NAME": "BEDOK SOUTH AVENUE 2", "POSTAL_COD": "469315", "ADDRESS_TY": "S", "DATA_TYPE_": "extg", "MULTI_ADDR": "n", "X_ADDR": 39661.836130099997, "Y_ADDR": 33710.502826700002, "BUILDING_I": "100000000010406090301050040805", "OID_": 266, "CHURCH_NAM": "BEDOK LUTHERAN CHURCH", "CHURCH_ADD": "485 Bedok South Avenue 2 Singapore 469315", "CHURCH_COD": 469315.0, "PosCode": "469315" }, "geometry": { "type": "Point", "coordinates": [ 103.938106245660023, 1.321138109889282 ] } },
{ "type": "Feature", "properties": { "OBJECTID_1": 101, "OBJECTID": 70633, "FEA_ID": 69429.0, "BUILDING_N": "EVANGEL FAMILY CHURCH", "HOUSE_BLK_": "577", "ROAD_NAME": "YISHUN RING ROAD", "POSTAL_COD": "768693", "ADDRESS_TY": "S", "DATA_TYPE_": "extg", "MULTI_ADDR": "n", "X_ADDR": 29486.513411799999, "Y_ADDR": 45417.599939400003, "BUILDING_I": "109000000112746081619232605000", "OID_": 125, "CHURCH_NAM": "EVANGEL FAMILY CHURCH", "CHURCH_ADD": "577 Yishun Ring Road Singapore 768693", "CHURCH_COD": 768693.0, "PosCode": "768693" }, "geometry": { "type": "Point", "coordinates": [ 103.846676270451809, 1.427015095085869 ] } },
{ "type": "Feature", "properties": { "OBJECTID_1": 102, "OBJECTID": 73908, "FEA_ID": 49420.0, "BUILDING_N": "KATONG PRESBYTERIAN CHURCH", "HOUSE_BLK_": "42", "ROAD_NAME": "JOO CHIAT LANE", "POSTAL_COD": "428102", "ADDRESS_TY": "S", "DATA_TYPE_": "extg", "MULTI_ADDR": "n", "X_ADDR": 35802.991437899997, "Y_ADDR": 32732.8344822, "BUILDING_I": "100000000010402080100020000402", "OID_": 247, "CHURCH_NAM": "KATONG PRESBYTERIAN CHURCH", "CHURCH_ADD": "42 Joo Chiat Lane Singapore 428102", "CHURCH_COD": 428102.0, "PosCode": "428102" }, "geometry": { "type": "Point", "coordinates": [ 103.903432292523533, 1.312297657621123 ] } },
{ "type": "Feature", "properties": { "OBJECTID_1": 103, "OBJECTID": 73933, "FEA_ID": 67454.0, "BUILDING_N": " ", "HOUSE_BLK_": "7", "ROAD_NAME": "LORONG 25A GEYLANG", "POSTAL_COD": "388221", "ADDRESS_TY": "S", "DATA_TYPE_": "extg", "MULTI_ADDR": "n", "X_ADDR": 33522.253977400003, "Y_ADDR": 32902.286671399997, "BUILDING_I": "100000000010308080202010000007", "OID_": 255, "CHURCH_NAM": "CORONATION BAPTIST CHURCH", "CHURCH_ADD": "7 Lorong 25a Geylang Singapore 388221", "CHURCH_COD": 388221.0, "PosCode": "388221" }, "geometry": { "type": "Point", "coordinates": [ 103.882938782296137, 1.313830616392835 ] } },
{ "type": "Feature", "properties": { "OBJECTID_1": 104, "OBJECTID": 74462, "FEA_ID": 126005.0, "BUILDING_N": " ", "HOUSE_BLK_": "39D", "ROAD_NAME": "HARDING ROAD", "POSTAL_COD": "249542", "ADDRESS_TY": "S", "DATA_TYPE_": "estm", "MULTI_ADDR": "n", "X_ADDR": 25873.292196800001, "Y_ADDR": 31910.1471131, "BUILDING_I": "500000000000204090504020000000", "OID_": 110, "CHURCH_NAM": "EBENEZER CHAPEL", "CHURCH_ADD": "39D Harding Road Singapore 249542", "CHURCH_COD": 249542.0, "PosCode": "249542" }, "geometry": { "type": "Point", "coordinates": [ 103.814209116068184, 1.304858478122808 ] } },
{ "type": "Feature", "properties": { "OBJECTID_1": 105, "OBJECTID": 76363, "FEA_ID": 45256.0, "BUILDING_N": " ", "HOUSE_BLK_": "49", "ROAD_NAME": "HOLLAND ROAD", "POSTAL_COD": "258849", "ADDRESS_TY": "S", "DATA_TYPE_": "extg", "MULTI_ADDR": "n", "X_ADDR": 25297.224061100002, "Y_ADDR": 32231.092498000002, "BUILDING_I": "100000000010205080804090000409", "OID_": 83, "CHURCH_NAM": "FRANCISCAN MISSIONARIES OF MARY HAI SING DEWASA INSTITUTE", "CHURCH_ADD": "49 Holland Road Singapore 258849", "CHURCH_COD": 258849.0, "PosCode": "258849" }, "geometry": { "type": "Point", "coordinates": [ 103.809032847460713, 1.30776094999001 ] } },
{ "type": "Feature", "properties": { "OBJECTID_1": 106, "OBJECTID": 77375, "FEA_ID": 143261.0, "BUILDING_N": "CHURCH OF ST. MARY OF ANGELS", "HOUSE_BLK_": "5", "ROAD_NAME": "BUKIT BATOK EAST AVENUE 2", "POSTAL_COD": "659918", "ADDRESS_TY": "S", "DATA_TYPE_": "extg", "MULTI_ADDR": "n", "X_ADDR": 19735.439496200001, "Y_ADDR": 36567.220161500001, "BUILDING_I": "100000000010605090901080000005", "OID_": 52, "CHURCH_NAM": "CHURCH OF SAINT MARY OF THE ANGELS", "CHURCH_ADD": "5 Bukit Batok East Avenue 2 Singapore 659918", "CHURCH_COD": 659918.0, "PosCode": "659918" }, "geometry": { "type": "Point", "coordinates": [ 103.759056406396141, 1.346974333383534 ] } },
{ "type": "Feature", "properties": { "OBJECTID_1": 107, "OBJECTID": 77733, "FEA_ID": 42680.0, "BUILDING_N": "BETHESDA (SERANGOON) CHURCH", "HOUSE_BLK_": "785", "ROAD_NAME": "UPPER SERANGOON ROAD", "POSTAL_COD": "534652", "ADDRESS_TY": "S", "DATA_TYPE_": "extg", "MULTI_ADDR": "n", "X_ADDR": 33089.7808793, "Y_ADDR": 37501.893258900003, "BUILDING_I": "100000000010503040655327676803", "OID_": 195, "CHURCH_NAM": "BETHESDA SERANGOON CHURCH", "CHURCH_ADD": "785 Upper Serangoon Road Singapore 534652", "CHURCH_COD": 534652.0, "PosCode": "534652" }, "geometry": { "type": "Point", "coordinates": [ 103.879053565070691, 1.355427889193342 ] } },
{ "type": "Feature", "properties": { "OBJECTID_1": 108, "OBJECTID": 78700, "FEA_ID": 153556.0, "BUILDING_N": "GRACE ASSEMBLY OF GOD CHURCH", "HOUSE_BLK_": "355", "ROAD_NAME": "TANGLIN ROAD", "POSTAL_COD": "247960", "ADDRESS_TY": "S", "DATA_TYPE_": "extg", "MULTI_ADDR": "n", "X_ADDR": 26103.533696499999, "Y_ADDR": 30731.287692800001, "BUILDING_I": "109000000020204070936304616808", "OID_": 103, "CHURCH_NAM": "GRACE ASSEMBLY OF GOD CHURCH", "CHURCH_ADD": "355 Tanglin Road Singapore 247960", "CHURCH_COD": 247960.0, "PosCode": "247960" }, "geometry": { "type": "Point", "coordinates": [ 103.816278014953269, 1.294197304041473 ] } },
{ "type": "Feature", "properties": { "OBJECTID_1": 109, "OBJECTID": 79866, "FEA_ID": 145453.0, "BUILDING_N": "CALVARY ASSEMBLY OF GOD", "HOUSE_BLK_": "490", "ROAD_NAME": "UPPER EAST COAST ROAD", "POSTAL_COD": "466521", "ADDRESS_TY": "S", "DATA_TYPE_": "extg", "MULTI_ADDR": "n", "X_ADDR": 40204.745114600002, "Y_ADDR": 33058.441106300001, "BUILDING_I": "100000900010406060502010040900", "OID_": 233, "CHURCH_NAM": "CALVARY ASSEMBLY OF GOD", "CHURCH_ADD": "490 Upper East Coast Road Singapore 466521", "CHURCH_COD": 466521.0, "PosCode": "466521" }, "geometry": { "type": "Point", "coordinates": [ 103.942984301754933, 1.315240893286928 ] } },
{ "type": "Feature", "properties": { "OBJECTID_1": 110, "OBJECTID": 80165, "FEA_ID": 15687.0, "BUILDING_N": "PASIR PANJANG CHURCH OF CHRIST", "HOUSE_BLK_": "347", "ROAD_NAME": "PASIR PANJANG ROAD", "POSTAL_COD": "118688", "ADDRESS_TY": "S", "DATA_TYPE_": "extg", "MULTI_ADDR": "n", "X_ADDR": 21622.855435099998, "Y_ADDR": 30185.956149599999, "BUILDING_I": "100000000010101080608080030407", "OID_": 69, "CHURCH_NAM": "CHURCH OF CHRIST PASIR PANJANG", "CHURCH_ADD": "347 Pasir Panjang Road Singapore 118688", "CHURCH_COD": 118688.0, "PosCode": "118688" }, "geometry": { "type": "Point", "coordinates": [ 103.776017315095899, 1.289264926064397 ] } },
{ "type": "Feature", "properties": { "OBJECTID_1": 111, "OBJECTID": 80930, "FEA_ID": 180983.0, "BUILDING_N": "EDEN BIBLE-PRESBYTERIAN CHURCH", "HOUSE_BLK_": "15", "ROAD_NAME": "GREEN LANE", "POSTAL_COD": "438917", "ADDRESS_TY": "S", "DATA_TYPE_": "extg", "MULTI_ADDR": "n", "X_ADDR": 34479.922872700001, "Y_ADDR": 32604.416477399998, "BUILDING_I": "100001000215403081901472605004", "OID_": 258, "CHURCH_NAM": "CHIN LIEN BIBLE SEMINARY", "CHURCH_ADD": "15 Green Lane Singapore 438917", "CHURCH_COD": 438917.0, "PosCode": "438917" }, "geometry": { "type": "Point", "coordinates": [ 103.891543849387659, 1.311136597070671 ] } },
{ "type": "Feature", "properties": { "OBJECTID_1": 112, "OBJECTID": 81681, "FEA_ID": 94316.0, "BUILDING_N": "TECHNOPARK @ CHAI CHEE", "HOUSE_BLK_": "750A", "ROAD_NAME": "CHAI CHEE ROAD", "POSTAL_COD": "469001", "ADDRESS_TY": "I", "DATA_TYPE_": "extg", "MULTI_ADDR": "n", "X_ADDR": 37888.139276100002, "Y_ADDR": 33913.533469499998, "BUILDING_I": "100000000010406090060017646903", "OID_": 17, "CHURCH_NAM": "FAITH COMMUNITY BAPTIST CHURCH", "CHURCH_ADD": "750A Chai Chee Road Singapore 469001", "CHURCH_COD": 469001.0, "PosCode": "469001" }, "geometry": { "type": "Point", "coordinates": [ 103.922168736102691, 1.32297486948577 ] } },
{ "type": "Feature", "properties": { "OBJECTID_1": 113, "OBJECTID": 81797, "FEA_ID": 19459.0, "BUILDING_N": "QUEENSTOWN BAPTIST CHURCH", "HOUSE_BLK_": "495", "ROAD_NAME": "MARGARET DRIVE", "POSTAL_COD": "149305", "ADDRESS_TY": "S", "DATA_TYPE_": "extg", "MULTI_ADDR": "n", "X_ADDR": 25240.860293000002, "Y_ADDR": 31054.297081699999, "BUILDING_I": "100000000010104090330354656900", "OID_": 101, "CHURCH_NAM": "QUEENSTOWN BAPTIST CHURCH", "CHURCH_ADD": "495 Margaret Drive Singapore 149305", "CHURCH_COD": 149305.0, "PosCode": "149305" }, "geometry": { "type": "Point", "coordinates": [ 103.808526495903294, 1.29711842281738 ] } },
{ "type": "Feature", "properties": { "OBJECTID_1": 114, "OBJECTID": 82018, "FEA_ID": 142368.0, "BUILDING_N": "BEDOK CHURCH OF CHRIST", "HOUSE_BLK_": "1260", "ROAD_NAME": "BEDOK RESERVOIR ROAD", "POSTAL_COD": "479222", "ADDRESS_TY": "S", "DATA_TYPE_": "extg", "MULTI_ADDR": "n", "X_ADDR": 37220.653838799997, "Y_ADDR": 35008.727279500003, "BUILDING_I": "100000900010407090202021020600", "OID_": 212, "CHURCH_NAM": "CHURCH OF CHRIST BEDOK RESERVOIR", "CHURCH_ADD": "1260 Bedok Reservoir Road Singapore 479222", "CHURCH_COD": 479222.0, "PosCode": "479222" }, "geometry": { "type": "Point", "coordinates": [ 103.916171360240654, 1.332879613792553 ] } },
{ "type": "Feature", "properties": { "OBJECTID_1": 115, "OBJECTID": 84700, "FEA_ID": 34014.0, "BUILDING_N": "MORIAH BIBLE-PRESBYTERIAN CHURCH", "HOUSE_BLK_": "31", "ROAD_NAME": "SIMEI ROAD", "POSTAL_COD": "529974", "ADDRESS_TY": "S", "DATA_TYPE_": "extg", "MULTI_ADDR": "n", "X_ADDR": 41795.017745099998, "Y_ADDR": 36174.530907799999, "BUILDING_I": "100000000010502094987141090907", "OID_": 221, "CHURCH_NAM": "MORIAH BIBLE PRESBYTERIAN CHURCH", "CHURCH_ADD": "31 Simei Road Singapore 529974", "CHURCH_COD": 529974.0, "PosCode": "529974" }, "geometry": { "type": "Point", "coordinates": [ 103.957275078295453, 1.343420966712327 ] } },
{ "type": "Feature", "properties": { "OBJECTID_1": 116, "OBJECTID": 84804, "FEA_ID": 86641.0, "BUILDING_N": " ", "HOUSE_BLK_": "694", "ROAD_NAME": "UPPER CHANGI ROAD EAST", "POSTAL_COD": "486824", "ADDRESS_TY": "S", "DATA_TYPE_": "extg", "MULTI_ADDR": "n", "X_ADDR": 42338.841518900001, "Y_ADDR": 35988.3067142, "BUILDING_I": "109000000000408060802040060904", "OID_": 231, "CHURCH_NAM": "CHANGI BETHANY CHURCH", "CHURCH_ADD": "694 Upper Changi Road East Singapore 486824", "CHURCH_COD": 486824.0, "PosCode": "486824" }, "geometry": { "type": "Point", "coordinates": [ 103.962161564677359, 1.341736571113116 ] } },
{ "type": "Feature", "properties": { "OBJECTID_1": 117, "OBJECTID": 85098, "FEA_ID": 8756.0, "BUILDING_N": "FAITH METHODIST CHURCH", "HOUSE_BLK_": "400", "ROAD_NAME": "COMMONWEALTH DRIVE", "POSTAL_COD": "149604", "ADDRESS_TY": "S", "DATA_TYPE_": "extg", "MULTI_ADDR": "n", "X_ADDR": 23991.195402099998, "Y_ADDR": 31661.220581699999, "BUILDING_I": "109000000017164090600342605001", "OID_": 74, "CHURCH_NAM": "FAITH METHODIST CHURCH", "CHURCH_ADD": "400 Commonwealth Drive Singapore 149604", "CHURCH_COD": 149604.0, "PosCode": "149604" }, "geometry": { "type": "Point", "coordinates": [ 103.797297630778033, 1.302607088409349 ] } },
{ "type": "Feature", "properties": { "OBJECTID_1": 118, "OBJECTID": 85233, "FEA_ID": 99064.0, "BUILDING_N": " ", "HOUSE_BLK_": "4", "ROAD_NAME": "MALAN ROAD", "POSTAL_COD": "109434", "ADDRESS_TY": "S", "DATA_TYPE_": "extg", "MULTI_ADDR": "n", "X_ADDR": 24619.958160400001, "Y_ADDR": 28868.113654500001, "BUILDING_I": "109000000000100090403040000004", "OID_": 40, "CHURCH_NAM": "CHAPEL OF THE RESURRECTION", "CHURCH_ADD": "4 Malan Road Singapore 109434", "CHURCH_COD": 109434.0, "PosCode": "109434" }, "geometry": { "type": "Point", "coordinates": [ 103.80294765114698, 1.27734728920445 ] } },
{ "type": "Feature", "properties": { "OBJECTID_1": 119, "OBJECTID": 87304, "FEA_ID": 90533.0, "BUILDING_N": "BUKIT BATOK PRESBYTERIAN CHURCH", "HOUSE_BLK_": "21", "ROAD_NAME": "BUKIT BATOK STREET 11", "POSTAL_COD": "659673", "ADDRESS_TY": "S", "DATA_TYPE_": "extg", "MULTI_ADDR": "n", "X_ADDR": 17961.4462279, "Y_ADDR": 36829.050963499998, "BUILDING_I": "100000000010605090627435656903", "OID_": 48, "CHURCH_NAM": "BUKIT BATOK PRESBYTERIAN CHURCH", "CHURCH_ADD": "21 Bukit Batok Street 11 Singapore 659673", "CHURCH_COD": 659673.0, "PosCode": "659673" }, "geometry": { "type": "Point", "coordinates": [ 103.743115907574932, 1.349341692833798 ] } },
{ "type": "Feature", "properties": { "OBJECTID_1": 120, "OBJECTID": 90455, "FEA_ID": 183271.0, "BUILDING_N": "CLEMENTI BIBLE CENTRE", "HOUSE_BLK_": "152", "ROAD_NAME": "WEST COAST ROAD", "POSTAL_COD": "127370", "ADDRESS_TY": "S", "DATA_TYPE_": "extg", "MULTI_ADDR": "n", "X_ADDR": 20486.929673400002, "Y_ADDR": 31690.560559000001, "BUILDING_I": "100000000111152270307502605002", "OID_": 66, "CHURCH_NAM": "THE BIBLE CHURCH SINGAPORE", "CHURCH_ADD": "152 West Coast Road Singapore 127370", "CHURCH_COD": 127370.0, "PosCode": "127370" }, "geometry": { "type": "Point", "coordinates": [ 103.765810200023665, 1.302871777780119 ] } },
{ "type": "Feature", "properties": { "OBJECTID_1": 121, "OBJECTID": 91315, "FEA_ID": 154314.0, "BUILDING_N": " ", "HOUSE_BLK_": "3", "ROAD_NAME": "YISHUN STREET 11", "POSTAL_COD": "768645", "ADDRESS_TY": "S", "DATA_TYPE_": "extg", "MULTI_ADDR": "n", "X_ADDR": 27992.684989699999, "Y_ADDR": 45856.438545800003, "BUILDING_I": "100000900010706089634851090907", "OID_": 166, "CHURCH_NAM": "SMYRNA ASSEMBLY", "CHURCH_ADD": "3 Yishun Street 11 Singapore 768645", "CHURCH_COD": 768645.0, "PosCode": "768645" }, "geometry": { "type": "Point", "coordinates": [ 103.833252846299587, 1.430983831591456 ] } },
{ "type": "Feature", "properties": { "OBJECTID_1": 122, "OBJECTID": 93206, "FEA_ID": 39824.0, "BUILDING_N": "GRACE BIBLE-PRESBYTERIAN CHURCH", "HOUSE_BLK_": "5", "ROAD_NAME": "JALAN HAJI SALAM", "POSTAL_COD": "468745", "ADDRESS_TY": "S", "DATA_TYPE_": "extg", "MULTI_ADDR": "n", "X_ADDR": 41356.576466500002, "Y_ADDR": 33568.875964600003, "BUILDING_I": "100000000010406080704050000005", "OID_": 202, "CHURCH_NAM": "GRACE BIBLE PRESBYTERIAN CHURCH", "CHURCH_ADD": "5 Jalan Haji Salam Singapore 468745", "CHURCH_COD": 468745.0, "PosCode": "468745" }, "geometry": { "type": "Point", "coordinates": [ 103.95333428772372, 1.319856596847962 ] } },
{ "type": "Feature", "properties": { "OBJECTID_1": 123, "OBJECTID": 93631, "FEA_ID": 10295.0, "BUILDING_N": "THE PEOPLE'S BIBLE CHURCH", "HOUSE_BLK_": "20", "ROAD_NAME": "LORONG AH SOO", "POSTAL_COD": "536698", "ADDRESS_TY": "S", "DATA_TYPE_": "extg", "MULTI_ADDR": "n", "X_ADDR": 33246.910881600001, "Y_ADDR": 36951.517495699998, "BUILDING_I": "100000000010503060609080000200", "OID_": 240, "CHURCH_NAM": "THE PEOPLE BIBLE CHURCH", "CHURCH_ADD": "20 Lorong Ah Soo Singapore 536698", "CHURCH_COD": 536698.0, "PosCode": "536698" }, "geometry": { "type": "Point", "coordinates": [ 103.880465383774464, 1.350450460771286 ] } },
{ "type": "Feature", "properties": { "OBJECTID_1": 124, "OBJECTID": 95467, "FEA_ID": 208792.0, "BUILDING_N": "THE FISHERMAN OF CHRIST FELLOWSHIP", "HOUSE_BLK_": "132", "ROAD_NAME": "MARGARET DRIVE", "POSTAL_COD": "149301", "ADDRESS_TY": "S", "DATA_TYPE_": "extg", "MULTI_ADDR": "n", "X_ADDR": 24681.438458600001, "Y_ADDR": 31267.046108300001, "BUILDING_I": "100001010017104091330212605003", "OID_": 76, "CHURCH_NAM": "THE FISHERMEN OF CHRIST FELLOWSHIP LIMITED QUEENSTOWN CENTRE", "CHURCH_ADD": "132 Margaret Drive Singapore 149301", "CHURCH_COD": 149301.0, "PosCode": "149301" }, "geometry": { "type": "Point", "coordinates": [ 103.803499822934654, 1.299042395049485 ] } },
{ "type": "Feature", "properties": { "OBJECTID_1": 125, "OBJECTID": 95965, "FEA_ID": 16158.0, "BUILDING_N": "LIAN SOON BUILDING", "HOUSE_BLK_": "48", "ROAD_NAME": "HORNE ROAD", "POSTAL_COD": "209069", "ADDRESS_TY": "U", "DATA_TYPE_": "extg", "MULTI_ADDR": "y", "X_ADDR": 31187.766086600001, "Y_ADDR": 32419.812498700001, "BUILDING_I": "101000000010200090006090000408", "OID_": 187, "CHURCH_NAM": "CATHEDRAL OF GLORY", "CHURCH_ADD": "48 Horne Road Singapore 209069", "CHURCH_COD": 209069.0, "PosCode": "209069" }, "geometry": { "type": "Point", "coordinates": [ 103.861962198385299, 1.309467620990272 ] } },
{ "type": "Feature", "properties": { "OBJECTID_1": 126, "OBJECTID": 96222, "FEA_ID": 112104.0, "BUILDING_N": "LIGHTHOUSE EVANGELISM (WOODLANDS)", "HOUSE_BLK_": "81", "ROAD_NAME": "WOODLANDS CIRCLE", "POSTAL_COD": "738909", "ADDRESS_TY": "S", "DATA_TYPE_": "extg", "MULTI_ADDR": "n", "X_ADDR": 24071.6784248, "Y_ADDR": 47392.398336500002, "BUILDING_I": "109000000112763881900391695909", "OID_": 54, "CHURCH_NAM": "LIGHTHOUSE EVANGELISM WOODLANDS", "CHURCH_ADD": "81 Woodlands Circle Singapore 738909", "CHURCH_COD": 738909.0, "PosCode": "738909" }, "geometry": { "type": "Point", "coordinates": [ 103.798018718673873, 1.444874219186879 ] } },
{ "type": "Feature", "properties": { "OBJECTID_1": 127, "OBJECTID": 96798, "FEA_ID": 53338.0, "BUILDING_N": "LIVING SANCTUARY BRETHREN CHURCH", "HOUSE_BLK_": "2", "ROAD_NAME": "HOUGANG STREET 22", "POSTAL_COD": "538728", "ADDRESS_TY": "K", "DATA_TYPE_": "extg", "MULTI_ADDR": "n", "X_ADDR": 34464.648134700001, "Y_ADDR": 37563.693610800001, "BUILDING_I": "100000000010503580712781090906", "OID_": 24, "CHURCH_NAM": "LIVING SANCTUARY BRETHREN CHURCH", "CHURCH_ADD": "2 Hougang Street 22 Singapore 538728", "CHURCH_COD": 538728.0, "PosCode": "538728" }, "geometry": { "type": "Point", "coordinates": [ 103.891407649070629, 1.355986522409619 ] } },
{ "type": "Feature", "properties": { "OBJECTID_1": 128, "OBJECTID": 97384, "FEA_ID": 99809.0, "BUILDING_N": " ", "HOUSE_BLK_": "140", "ROAD_NAME": "MACKENZIE ROAD", "POSTAL_COD": "228720", "ADDRESS_TY": "S", "DATA_TYPE_": "extg", "MULTI_ADDR": "n", "X_ADDR": 29504.452247000001, "Y_ADDR": 32139.991254699999, "BUILDING_I": "100000000010202080702000010400", "OID_": 91, "CHURCH_NAM": "THE FREE CHRISTIAN CHURCH OF SINGAPORE", "CHURCH_ADD": "140 Mackenzie Road Singapore 228720", "CHURCH_COD": 228720.0, "PosCode": "228720" }, "geometry": { "type": "Point", "coordinates": [ 103.8468367962749, 1.306937143789153 ] } },
{ "type": "Feature", "properties": { "OBJECTID_1": 129, "OBJECTID": 97470, "FEA_ID": 22737.0, "BUILDING_N": "DESKER ROAD CONSERVATION AREA", "HOUSE_BLK_": "213", "ROAD_NAME": "JALAN BESAR", "POSTAL_COD": "208897", "ADDRESS_TY": "K", "DATA_TYPE_": "extg", "MULTI_ADDR": "n", "X_ADDR": 30684.926554999998, "Y_ADDR": 32376.0463261, "BUILDING_I": "100000000010200382859471090907", "OID_": 127, "CHURCH_NAM": "LIGHT OF CHRIST CITY CHURCH", "CHURCH_ADD": "213 Jalan Besar Singapore 208897", "CHURCH_COD": 208897.0, "PosCode": "208897" }, "geometry": { "type": "Point", "coordinates": [ 103.857443938044227, 1.309071862775429 ] } },
{ "type": "Feature", "properties": { "OBJECTID_1": 130, "OBJECTID": 98880, "FEA_ID": 54220.0, "BUILDING_N": "BETHANY PRESBYTERIAN CHURCH", "HOUSE_BLK_": "364A", "ROAD_NAME": "UPPER PAYA LEBAR ROAD", "POSTAL_COD": "534965", "ADDRESS_TY": "S", "DATA_TYPE_": "extg", "MULTI_ADDR": "n", "X_ADDR": 33284.268625899997, "Y_ADDR": 36715.973317700002, "BUILDING_I": "100000000010503040906050635604", "OID_": 205, "CHURCH_NAM": "BETHANY PRESBYTERIAN CHURCH", "CHURCH_ADD": "364A Upper Paya Lebar Road Singapore 534965", "CHURCH_COD": 534965.0, "PosCode": "534965" }, "geometry": { "type": "Point", "coordinates": [ 103.880801024909459, 1.348320276946505 ] } },
{ "type": "Feature", "properties": { "OBJECTID_1": 131, "OBJECTID": 99580, "FEA_ID": 75092.0, "BUILDING_N": "CHURCH OF ST. VINCENT DE PAUL", "HOUSE_BLK_": "301", "ROAD_NAME": "YIO CHU KANG ROAD", "POSTAL_COD": "805910", "ADDRESS_TY": "S", "DATA_TYPE_": "extg", "MULTI_ADDR": "n", "X_ADDR": 32821.933407600001, "Y_ADDR": 40460.696209399997, "BUILDING_I": "100000900010800050941007696905", "OID_": 239, "CHURCH_NAM": "CHURCH OF SAINT VINCENT DE PAUL", "CHURCH_ADD": "301 Yio Chu Kang Road Singapore 805910", "CHURCH_COD": 805910.0, "PosCode": "805910" }, "geometry": { "type": "Point", "coordinates": [ 103.876647261963683, 1.382186282996335 ] } },
{ "type": "Feature", "properties": { "OBJECTID_1": 132, "OBJECTID": 100485, "FEA_ID": 211008.0, "BUILDING_N": "SAINT JOSEPH'S CHURCH (BUKIT TIMAH)", "HOUSE_BLK_": "620", "ROAD_NAME": "UPPER BUKIT TIMAH ROAD", "POSTAL_COD": "678116", "ADDRESS_TY": " ", "DATA_TYPE_": "extg", "MULTI_ADDR": "n", "X_ADDR": 20582.202806500001, "Y_ADDR": 38894.248871000003, "BUILDING_I": "100000000010607080171060646808", "OID_": 53, "CHURCH_NAM": "CHURCH OF SAINT JOSEPH", "CHURCH_ADD": "620 Upper Bukit Timah Road Singapore 678116", "CHURCH_COD": 678116.0, "PosCode": "678116" }, "geometry": { "type": "Point", "coordinates": [ 103.766664516757501, 1.368019359130697 ] } },
{ "type": "Feature", "properties": { "OBJECTID_1": 133, "OBJECTID": 101009, "FEA_ID": 93830.0, "BUILDING_N": "THOMSON ROAD BAPTIST CHURCH", "HOUSE_BLK_": "45", "ROAD_NAME": "THOMSON ROAD", "POSTAL_COD": "307584", "ADDRESS_TY": "S", "DATA_TYPE_": "extg", "MULTI_ADDR": "n", "X_ADDR": 29203.909571600001, "Y_ADDR": 33013.224764300001, "BUILDING_I": "109000000000300070508040000405", "OID_": 183, "CHURCH_NAM": "THE SINGAPORE THOMSON ROAD BAPTIST CHURCH", "CHURCH_ADD": "45 Thomson Road Singapore 307584", "CHURCH_COD": 307584.0, "PosCode": "307584" }, "geometry": { "type": "Point", "coordinates": [ 103.844136312245581, 1.314834373435405 ] } },
{ "type": "Feature", "properties": { "OBJECTID_1": 134, "OBJECTID": 102167, "FEA_ID": 20589.0, "BUILDING_N": "BUKIT TIMAH SHOPPING CENTRE", "HOUSE_BLK_": "170", "ROAD_NAME": "UPPER BUKIT TIMAH ROAD", "POSTAL_COD": "588179", "ADDRESS_TY": "K", "DATA_TYPE_": "extg", "MULTI_ADDR": "n", "X_ADDR": 21604.835451499999, "Y_ADDR": 36163.179263700004, "BUILDING_I": "100000000010508080107090010700", "OID_": 58, "CHURCH_NAM": "CHURCH OF SINGAPORE BUKIT TIMAH", "CHURCH_ADD": "170 Upper Bukit Timah Road Singapore 588179", "CHURCH_COD": 588179.0, "PosCode": "588179" }, "geometry": { "type": "Point", "coordinates": [ 103.775854161241355, 1.343320789821237 ] } },
{ "type": "Feature", "properties": { "OBJECTID_1": 135, "OBJECTID": 102896, "FEA_ID": 153431.0, "BUILDING_N": " ", "HOUSE_BLK_": "1", "ROAD_NAME": "TAMPINES STREET 82", "POSTAL_COD": "528985", "ADDRESS_TY": "S", "DATA_TYPE_": "extg", "MULTI_ADDR": "n", "X_ADDR": 39384.4149253, "Y_ADDR": 36877.967203300002, "BUILDING_I": "100000000020502080908050000001", "OID_": 209, "CHURCH_NAM": "LIGHTHOUSE EVANGELISM TAMPINES", "CHURCH_ADD": "1 Tampines Street 82 Singapore 528985", "CHURCH_COD": 528985.0, "PosCode": "528985" }, "geometry": { "type": "Point", "coordinates": [ 103.9356146586248, 1.349783593441858 ] } },
{ "type": "Feature", "properties": { "OBJECTID_1": 136, "OBJECTID": 103174, "FEA_ID": 17977.0, "BUILDING_N": "HARVESTER BAPTIST CHURCH", "HOUSE_BLK_": "4", "ROAD_NAME": "EDEN GROVE", "POSTAL_COD": "539056", "ADDRESS_TY": "S", "DATA_TYPE_": "extg", "MULTI_ADDR": "n", "X_ADDR": 32291.250388100001, "Y_ADDR": 36286.187199300002, "BUILDING_I": "100000000010503090005060000004", "OID_": 199, "CHURCH_NAM": "HARVESTER BAPTIST CHURCH", "CHURCH_ADD": "4 Eden Grove Singapore 539056", "CHURCH_COD": 539056.0, "PosCode": "539056" }, "geometry": { "type": "Point", "coordinates": [ 103.871878078106533, 1.344433603688429 ] } },
{ "type": "Feature", "properties": { "OBJECTID_1": 137, "OBJECTID": 103861, "FEA_ID": 135306.0, "BUILDING_N": "CHURCH OF GOD (SINGAPORE)", "HOUSE_BLK_": "229", "ROAD_NAME": "ALEXANDRA ROAD", "POSTAL_COD": "159927", "ADDRESS_TY": "S", "DATA_TYPE_": "extg", "MULTI_ADDR": "n", "X_ADDR": 26071.794688800001, "Y_ADDR": 30410.506087900001, "BUILDING_I": "100000900010105090902070020209", "OID_": 15, "CHURCH_NAM": "CHURCH OF GOD SINGAPORE", "CHURCH_ADD": "229 Alexandra Road Singapore 159927", "CHURCH_COD": 159927.0, "PosCode": "159927" }, "geometry": { "type": "Point", "coordinates": [ 103.815992846094673, 1.291296266178294 ] } },
{ "type": "Feature", "properties": { "OBJECTID_1": 138, "OBJECTID": 105535, "FEA_ID": 229104.0, "BUILDING_N": "GLORY JOY CHRISTIAN CHURCH", "HOUSE_BLK_": "589A", "ROAD_NAME": "SEMBAWANG PLACE", "POSTAL_COD": "757778", "ADDRESS_TY": "S", "DATA_TYPE_": "prop", "MULTI_ADDR": "n", "X_ADDR": 27019.3423941, "Y_ADDR": 46831.378049899999, "BUILDING_I": "300000050917705071707482605007", "OID_": 2, "CHURCH_NAM": "GLORY JOY CHRISTIAN CHURCH", "CHURCH_ADD": "589A Sembawang Place Singapore 757778", "CHURCH_COD": 757778.0, "PosCode": "757778" }, "geometry": { "type": "Point", "coordinates": [ 103.824506417709543, 1.439800815004894 ] } },
{ "type": "Feature", "properties": { "OBJECTID_1": 139, "OBJECTID": 106059, "FEA_ID": 33767.0, "BUILDING_N": "SINGAPORE GOSPEL HALLS", "HOUSE_BLK_": "140", "ROAD_NAME": "YIO CHU KANG ROAD", "POSTAL_COD": "545587", "ADDRESS_TY": "S", "DATA_TYPE_": "extg", "MULTI_ADDR": "n", "X_ADDR": 32571.380183900001, "Y_ADDR": 37919.772709099998, "BUILDING_I": "100000000020504050508070010400", "OID_": 238, "CHURCH_NAM": "TAI SENG CHRISTIAN CHURCH", "CHURCH_ADD": "140 Yio Chu Kang Road Singapore 545587", "CHURCH_COD": 545587.0, "PosCode": "545587" }, "geometry": { "type": "Point", "coordinates": [ 103.874395462776974, 1.3592071246527 ] } },
{ "type": "Feature", "properties": { "OBJECTID_1": 140, "OBJECTID": 107830, "FEA_ID": 38262.0, "BUILDING_N": "GRACE (SCC) CHURCH", "HOUSE_BLK_": "14", "ROAD_NAME": "QUEEN STREET", "POSTAL_COD": "188536", "ADDRESS_TY": "S", "DATA_TYPE_": "extg", "MULTI_ADDR": "n", "X_ADDR": 30128.2100125, "Y_ADDR": 31128.878331899999, "BUILDING_I": "100000000010108080503060000104", "OID_": 117, "CHURCH_NAM": "GRACE CHURCH", "CHURCH_ADD": "14 Queen Street Singapore 188536", "CHURCH_COD": 188536.0, "PosCode": "188536" }, "geometry": { "type": "Point", "coordinates": [ 103.852441487123428, 1.297792958673123 ] } },
{ "type": "Feature", "properties": { "OBJECTID_1": 141, "OBJECTID": 108548, "FEA_ID": 31838.0, "BUILDING_N": "CALVARY ASSEMBLY OF GOD", "HOUSE_BLK_": "490", "ROAD_NAME": "UPPER EAST COAST ROAD", "POSTAL_COD": "466521", "ADDRESS_TY": "S", "DATA_TYPE_": "extg", "MULTI_ADDR": "n", "X_ADDR": 40205.426840400003, "Y_ADDR": 33027.406041100003, "BUILDING_I": "100000000010406060502010040900", "OID_": 233, "CHURCH_NAM": "CALVARY ASSEMBLY OF GOD", "CHURCH_ADD": "490 Upper East Coast Road Singapore 466521", "CHURCH_COD": 466521.0, "PosCode": "466521" }, "geometry": { "type": "Point", "coordinates": [ 103.942990414912742, 1.31496022304659 ] } },
{ "type": "Feature", "properties": { "OBJECTID_1": 142, "OBJECTID": 109674, "FEA_ID": 59701.0, "BUILDING_N": "ZION PRESBYTERIAN CHURCH", "HOUSE_BLK_": "535", "ROAD_NAME": "UPPER CHANGI ROAD", "POSTAL_COD": "486975", "ADDRESS_TY": "S", "DATA_TYPE_": "extg", "MULTI_ADDR": "n", "X_ADDR": 41433.671200299999, "Y_ADDR": 35369.915825399999, "BUILDING_I": "100000000010408060957056636904", "OID_": 230, "CHURCH_NAM": "ZION PRESBYTERIAN CHURCH", "CHURCH_ADD": "535 Upper Changi Road Singapore 486975", "CHURCH_COD": 486975.0, "PosCode": "486975" }, "geometry": { "type": "Point", "coordinates": [ 103.954027812294797, 1.33614449310352 ] } },
{ "type": "Feature", "properties": { "OBJECTID_1": 143, "OBJECTID": 109769, "FEA_ID": 102115.0, "BUILDING_N": "HEBRON BIBLE PRESBYTERIAN CHURCH", "HOUSE_BLK_": "10", "ROAD_NAME": "CHOA CHU KANG STREET 52", "POSTAL_COD": "689284", "ADDRESS_TY": "S", "DATA_TYPE_": "extg", "MULTI_ADDR": "n", "X_ADDR": 18085.376398799999, "Y_ADDR": 41838.579215400001, "BUILDING_I": "100000000010608090228340656904", "OID_": 11, "CHURCH_NAM": "MOUNT GERIZIM BIBLE PRESBYTERIAN CHURCH", "CHURCH_ADD": "10 Choa Chu Kang Street 52 Singapore 689284", "CHURCH_COD": 689284.0, "PosCode": "689284" }, "geometry": { "type": "Point", "coordinates": [ 103.744227820703458, 1.394646063038564 ] } },
{ "type": "Feature", "properties": { "OBJECTID_1": 144, "OBJECTID": 110174, "FEA_ID": 208228.0, "BUILDING_N": "KUM YAN METHODIST CHURCH", "HOUSE_BLK_": "1", "ROAD_NAME": "QUEEN STREET", "POSTAL_COD": "188534", "ADDRESS_TY": "S", "DATA_TYPE_": "extg", "MULTI_ADDR": "n", "X_ADDR": 30054.2024012, "Y_ADDR": 31041.609620700001, "BUILDING_I": "100000080516108080503242605004", "OID_": 129, "CHURCH_NAM": "THE CANTONESE KUM-YAM CHURCH", "CHURCH_ADD": "1 Queen Street Singapore 188534", "CHURCH_COD": 188534.0, "PosCode": "188534" }, "geometry": { "type": "Point", "coordinates": [ 103.851776490421713, 1.297003736258841 ] } },
{ "type": "Feature", "properties": { "OBJECTID_1": 145, "OBJECTID": 110967, "FEA_ID": 110290.0, "BUILDING_N": "CITY HARVEST CHURCH", "HOUSE_BLK_": "1", "ROAD_NAME": "JURONG WEST STREET 91", "POSTAL_COD": "649041", "ADDRESS_TY": "S", "DATA_TYPE_": "extg", "MULTI_ADDR": "n", "X_ADDR": 12257.3749892, "Y_ADDR": 36103.8875223, "BUILDING_I": "109000000113664590044411695909", "OID_": 44, "CHURCH_NAM": "CITY HARVEST CHURCH JURONG", "CHURCH_ADD": "1 Jurong West Street 91 Singapore 649041", "CHURCH_COD": 649041.0, "PosCode": "649041" }, "geometry": { "type": "Point", "coordinates": [ 103.691861731562582, 1.342781136783303 ] } },
{ "type": "Feature", "properties": { "OBJECTID_1": 146, "OBJECTID": 111631, "FEA_ID": 11260.0, "BUILDING_N": "NAZARETH BIBLE-PRESBYTERIAN CHURCH", "HOUSE_BLK_": "368", "ROAD_NAME": "PASIR PANJANG ROAD", "POSTAL_COD": "118705", "ADDRESS_TY": "S", "DATA_TYPE_": "extg", "MULTI_ADDR": "n", "X_ADDR": 21446.4857706, "Y_ADDR": 30346.9850314, "BUILDING_I": "100000000010101080700050030608", "OID_": 67, "CHURCH_NAM": "NAZARETH BIBLE - PRESBYTERIAN CHURCH", "CHURCH_ADD": "368 Pasir Panjang Road Singapore 118705", "CHURCH_COD": 118705.0, "PosCode": "118705" }, "geometry": { "type": "Point", "coordinates": [ 103.774432528849246, 1.290721176797577 ] } },
{ "type": "Feature", "properties": { "OBJECTID_1": 147, "OBJECTID": 112285, "FEA_ID": 133616.0, "BUILDING_N": "CHURCH OF OUR LADY OF LOURDES", "HOUSE_BLK_": "50", "ROAD_NAME": "PRINCESS ANN HILL", "POSTAL_COD": "188690", "ADDRESS_TY": "S", "DATA_TYPE_": "extg", "MULTI_ADDR": "n", "X_ADDR": 30488.772677000001, "Y_ADDR": 31750.269080599999, "BUILDING_I": "109000000060108080639202656802", "OID_": 122, "CHURCH_NAM": "CHURCH OF OUR LADY OF LOURDES", "CHURCH_ADD": "50 Ophir Road Singapore 188690", "CHURCH_COD": 188690.0, "PosCode": "188690" }, "geometry": { "type": "Point", "coordinates": [ 103.855681351692112, 1.303412571180545 ] } },
{ "type": "Feature", "properties": { "OBJECTID_1": 148, "OBJECTID": 112431, "FEA_ID": 39515.0, "BUILDING_N": "SEMBAWANG HILLS ESTATE", "HOUSE_BLK_": "140", "ROAD_NAME": "CASUARINA ROAD", "POSTAL_COD": "579528", "ADDRESS_TY": "S", "DATA_TYPE_": "extg", "MULTI_ADDR": "y", "X_ADDR": 27415.7921422, "Y_ADDR": 39918.681492399999, "BUILDING_I": "101000000010507090502080010400", "OID_": 165, "CHURCH_NAM": "SEMBAWANG BAPTIST CHURCH", "CHURCH_ADD": "140 Casuarina Road Singapore 579528", "CHURCH_COD": 579528.0, "PosCode": "579528" }, "geometry": { "type": "Point", "coordinates": [ 103.828069043456793, 1.377284887636044 ] } },
{ "type": "Feature", "properties": { "OBJECTID_1": 149, "OBJECTID": 113090, "FEA_ID": 59288.0, "BUILDING_N": "CHURCH OF SINGAPORE", "HOUSE_BLK_": "145", "ROAD_NAME": "MARINE PARADE ROAD", "POSTAL_COD": "449274", "ADDRESS_TY": "S", "DATA_TYPE_": "extg", "MULTI_ADDR": "n", "X_ADDR": 36129.9584263, "Y_ADDR": 31872.814461000002, "BUILDING_I": "109000000010404090237547708000", "OID_": 116, "CHURCH_NAM": "CHURCH OF SINGAPORE", "CHURCH_ADD": "145 Marine Parade Road Singapore 449274", "CHURCH_COD": 449274.0, "PosCode": "449274" }, "geometry": { "type": "Point", "coordinates": [ 103.906370025239454, 1.304519861738529 ] } },
{ "type": "Feature", "properties": { "OBJECTID_1": 150, "OBJECTID": 113339, "FEA_ID": 66921.0, "BUILDING_N": "ST. JAMES CHURCH", "HOUSE_BLK_": "1", "ROAD_NAME": "LEEDON ROAD", "POSTAL_COD": "267828", "ADDRESS_TY": "S", "DATA_TYPE_": "extg", "MULTI_ADDR": "n", "X_ADDR": 23850.437715399999, "Y_ADDR": 32796.846182699999, "BUILDING_I": "100000000020206070802080000001", "OID_": 60, "CHURCH_NAM": "SAINT JAMES CHURCH", "CHURCH_ADD": "1 Leedon Road Singapore 267828", "CHURCH_COD": 267828.0, "PosCode": "267828" }, "geometry": { "type": "Point", "coordinates": [ 103.796032706834708, 1.312877265282011 ] } },
{ "type": "Feature", "properties": { "OBJECTID_1": 151, "OBJECTID": 114192, "FEA_ID": 107585.0, "BUILDING_N": "CHURCH OF ST. MICHAEL", "HOUSE_BLK_": "17", "ROAD_NAME": "ST. MICHAEL'S ROAD", "POSTAL_COD": "327976", "ADDRESS_TY": "S", "DATA_TYPE_": "extg", "MULTI_ADDR": "n", "X_ADDR": 31287.7292204, "Y_ADDR": 34263.099624199996, "BUILDING_I": "100000000010302070967466616905", "OID_": 185, "CHURCH_NAM": "CHURCH OF SAINT MICHAEL", "CHURCH_ADD": "17 Saint Michael's Road Singapore 327976", "CHURCH_COD": 327976.0, "PosCode": "327976" }, "geometry": { "type": "Point", "coordinates": [ 103.862860611379091, 1.326137645646774 ] } },
{ "type": "Feature", "properties": { "OBJECTID_1": 152, "OBJECTID": 115757, "FEA_ID": 69941.0, "BUILDING_N": "GOSPEL LIGHT CHRISTIAN CHURCH", "HOUSE_BLK_": "360", "ROAD_NAME": "DUNEARN ROAD", "POSTAL_COD": "299552", "ADDRESS_TY": "S", "DATA_TYPE_": "extg", "MULTI_ADDR": "n", "X_ADDR": 25902.512212099999, "Y_ADDR": 34002.9804162, "BUILDING_I": "100000000010209090575229676904", "OID_": 1, "CHURCH_NAM": "GOSPEL LIGHT CHRISTIAN CHURCH", "CHURCH_ADD": "360 Dunearn Road Singapore 299552", "CHURCH_COD": 299552.0, "PosCode": "299552" }, "geometry": { "type": "Point", "coordinates": [ 103.814471529413154, 1.32378532466247 ] } },
{ "type": "Feature", "properties": { "OBJECTID_1": 153, "OBJECTID": 115873, "FEA_ID": 106761.0, "BUILDING_N": "CHARIS METHODIST CHURCH", "HOUSE_BLK_": "91", "ROAD_NAME": "KOON SENG ROAD", "POSTAL_COD": "427032", "ADDRESS_TY": "S", "DATA_TYPE_": "extg", "MULTI_ADDR": "n", "X_ADDR": 35951.696710099997, "Y_ADDR": 32736.841297300001, "BUILDING_I": "100000000010402070003020000901", "OID_": 136, "CHURCH_NAM": "CHARIS ASSEMBLY OF GOD CHURCH", "CHURCH_ADD": "91 Koon Seng Road Singapore 427032", "CHURCH_COD": 427032.0, "PosCode": "427032" }, "geometry": { "type": "Point", "coordinates": [ 103.904768483078797, 1.312333855637272 ] } },
{ "type": "Feature", "properties": { "OBJECTID_1": 154, "OBJECTID": 121206, "FEA_ID": 17144.0, "BUILDING_N": "NORWEGIAN SEAMEN'S MISSION", "HOUSE_BLK_": "300", "ROAD_NAME": "PASIR PANJANG ROAD", "POSTAL_COD": "118640", "ADDRESS_TY": "S", "DATA_TYPE_": "extg", "MULTI_ADDR": "n", "X_ADDR": 22037.818746699999, "Y_ADDR": 29956.5652711, "BUILDING_I": "100000000010101080604000030000", "OID_": 75, "CHURCH_NAM": "NORWEIGIAN SEAMEN'S MISSION", "CHURCH_ADD": "300 Pasir Panjang Road Singapore 118640", "CHURCH_COD": 118640.0, "PosCode": "118640" }, "geometry": { "type": "Point", "coordinates": [ 103.779745973933558, 1.28719047703987 ] } },
{ "type": "Feature", "properties": { "OBJECTID_1": 155, "OBJECTID": 121401, "FEA_ID": 99000.0, "BUILDING_N": "KAY POH ROAD BAPTIST CHURCH", "HOUSE_BLK_": "7", "ROAD_NAME": "KAY POH ROAD", "POSTAL_COD": "248963", "ADDRESS_TY": "S", "DATA_TYPE_": "extg", "MULTI_ADDR": "n", "X_ADDR": 27540.0709699, "Y_ADDR": 30983.688807099999, "BUILDING_I": "100000000020284082976331090905", "OID_": 102, "CHURCH_NAM": "KAY POH ROAD BAPTIST CHURCH", "CHURCH_ADD": "7 Kay Poh Road Singapore 248963", "CHURCH_COD": 248963.0, "PosCode": "248963" }, "geometry": { "type": "Point", "coordinates": [ 103.829185915867839, 1.296479985122725 ] } },
{ "type": "Feature", "properties": { "OBJECTID_1": 156, "OBJECTID": 122958, "FEA_ID": 117100.0, "BUILDING_N": "ALL SAINTS PRESBYTERIAN CHURCH", "HOUSE_BLK_": "5", "ROAD_NAME": "POH HUAT ROAD", "POSTAL_COD": "546703", "ADDRESS_TY": "S", "DATA_TYPE_": "extg", "MULTI_ADDR": "n", "X_ADDR": 33636.24387, "Y_ADDR": 38601.647152500002, "BUILDING_I": "100000000112584460700132605002", "OID_": 206, "CHURCH_NAM": "ALL SAINTS MEMORIAL CHAPEL", "CHURCH_ADD": "5 Poh Huat Road Singapore 546703", "CHURCH_COD": 546703.0, "PosCode": "546703" }, "geometry": { "type": "Point", "coordinates": [ 103.883964096037843, 1.365373569293219 ] } },
{ "type": "Feature", "properties": { "OBJECTID_1": 157, "OBJECTID": 123923, "FEA_ID": 62390.0, "BUILDING_N": "SHARON BIBLE-PRESBYTERIAN CHURCH", "HOUSE_BLK_": "9", "ROAD_NAME": "GILSTEAD ROAD", "POSTAL_COD": "309062", "ADDRESS_TY": "S", "DATA_TYPE_": "extg", "MULTI_ADDR": "n", "X_ADDR": 28551.974492500001, "Y_ADDR": 33111.771992100003, "BUILDING_I": "100000000010300090006020000009", "OID_": 181, "CHURCH_NAM": "SHARON BIBLE-PRESBYTERIAN CHURCH", "CHURCH_ADD": "9 Gilstead Road Singapore 309062", "CHURCH_COD": 309062.0, "PosCode": "309062" }, "geometry": { "type": "Point", "coordinates": [ 103.838278349342346, 1.315725618106286 ] } },
{ "type": "Feature", "properties": { "OBJECTID_1": 158, "OBJECTID": 124079, "FEA_ID": 149517.0, "BUILDING_N": "ANG MO KIO METHODIST CHURCH", "HOUSE_BLK_": "1", "ROAD_NAME": "ANG MO KIO STREET 21", "POSTAL_COD": "569383", "ADDRESS_TY": "S", "DATA_TYPE_": "extg", "MULTI_ADDR": "n", "X_ADDR": 28219.5720401, "Y_ADDR": 38774.730107399999, "BUILDING_I": "109000000030506090348135686905", "OID_": 8, "CHURCH_NAM": "ANG MO KIO METHODIST CHURCH", "CHURCH_ADD": "1 Ang Mo Kio Street 21 Singapore 569383", "CHURCH_COD": 569383.0, "PosCode": "569383" }, "geometry": { "type": "Point", "coordinates": [ 103.835291585379423, 1.366939404956232 ] } },
{ "type": "Feature", "properties": { "OBJECTID_1": 159, "OBJECTID": 124666, "FEA_ID": 206383.0, "BUILDING_N": "TRINITY @ PAYA LEBAR", "HOUSE_BLK_": "247", "ROAD_NAME": "PAYA LEBAR ROAD", "POSTAL_COD": "409045", "ADDRESS_TY": "S", "DATA_TYPE_": "extg", "MULTI_ADDR": "n", "X_ADDR": 34139.067995099998, "Y_ADDR": 34856.774373699998, "BUILDING_I": "100001030710400090004152605004", "OID_": 16, "CHURCH_NAM": "TRINITY CHRISTIAN CENTRE PAYA LEBAR ROAD", "CHURCH_ADD": "247 Paya Lebar Road Singapore 409045", "CHURCH_COD": 409045.0, "PosCode": "409045" }, "geometry": { "type": "Point", "coordinates": [ 103.888481551908143, 1.331506186848077 ] } },
{ "type": "Feature", "properties": { "OBJECTID_1": 160, "OBJECTID": 126602, "FEA_ID": 91477.0, "BUILDING_N": "METHODIST CHURCH", "HOUSE_BLK_": "93", "ROAD_NAME": "KITCHENER ROAD", "POSTAL_COD": "208510", "ADDRESS_TY": "S", "DATA_TYPE_": "extg", "MULTI_ADDR": "n", "X_ADDR": 30807.7914442, "Y_ADDR": 32298.584017900001, "BUILDING_I": "100000000010200080501000000903", "OID_": 151, "CHURCH_NAM": "HINGHWA METHODIST CHURCH", "CHURCH_ADD": "93 Kitchener Road Singapore 208510", "CHURCH_COD": 208510.0, "PosCode": "208510" }, "geometry": { "type": "Point", "coordinates": [ 103.858547931331628, 1.308371310189104 ] } },
{ "type": "Feature", "properties": { "OBJECTID_1": 161, "OBJECTID": 126626, "FEA_ID": 108390.0, "BUILDING_N": "CHURCH OF THE NATIVITY OF THE BLESSED VIRGIN MARY", "HOUSE_BLK_": "1259", "ROAD_NAME": "UPPER SERANGOON ROAD", "POSTAL_COD": "534795", "ADDRESS_TY": "S", "DATA_TYPE_": "extg", "MULTI_ADDR": "n", "X_ADDR": 35233.858211799998, "Y_ADDR": 39560.428032999997, "BUILDING_I": "109000000010503040709061020601", "OID_": 228, "CHURCH_NAM": "CHURCH OF THE NATIVITY OF THE BLESSED VIRGIN MARY", "CHURCH_ADD": "1259 Upper Serangoon Road Singapore 534795", "CHURCH_COD": 534795.0, "PosCode": "534795" }, "geometry": { "type": "Point", "coordinates": [ 103.898319984351502, 1.374044087480552 ] } },
{ "type": "Feature", "properties": { "OBJECTID_1": 162, "OBJECTID": 126739, "FEA_ID": 34587.0, "BUILDING_N": "SAINT FRANCIS XAVIER MAJOR SEMINARY", "HOUSE_BLK_": "199", "ROAD_NAME": "PONGGOL SEVENTEENTH AVENUE", "POSTAL_COD": "829645", "ADDRESS_TY": "S", "DATA_TYPE_": "extg", "MULTI_ADDR": "n", "X_ADDR": 35921.169814100002, "Y_ADDR": 43961.380849100002, "BUILDING_I": "100000000010802291694751090907", "OID_": 226, "CHURCH_NAM": "SAINT FRANCIS XAVIER MAJOR SEMINARY", "CHURCH_ADD": "199 Ponggol Seventeenth Avenue Singapore 829645", "CHURCH_COD": 829645.0, "PosCode": "829645" }, "geometry": { "type": "Point", "coordinates": [ 103.904497163958681, 1.413844517682598 ] } },
{ "type": "Feature", "properties": { "OBJECTID_1": 163, "OBJECTID": 127992, "FEA_ID": 153764.0, "BUILDING_N": " ", "HOUSE_BLK_": "55", "ROAD_NAME": "SEMBAWANG DRIVE", "POSTAL_COD": "757614", "ADDRESS_TY": "S", "DATA_TYPE_": "extg", "MULTI_ADDR": "n", "X_ADDR": 25917.121024200002, "Y_ADDR": 48482.749783599997, "BUILDING_I": "100000000015795770641042605000", "OID_": 34, "CHURCH_NAM": "VICTORY FAMILY CENTRE SEMBAWANG DRIVE", "CHURCH_ADD": "55 Sembawang Drive Singapore 757614", "CHURCH_COD": 757614.0, "PosCode": "757614" }, "geometry": { "type": "Point", "coordinates": [ 103.814601766012444, 1.454735159908519 ] } },
{ "type": "Feature", "properties": { "OBJECTID_1": 164, "OBJECTID": 128620, "FEA_ID": 81664.0, "BUILDING_N": "BETHESDA CHURCH", "HOUSE_BLK_": "114", "ROAD_NAME": "SERANGOON AVENUE 3", "POSTAL_COD": "556110", "ADDRESS_TY": "S", "DATA_TYPE_": "extg", "MULTI_ADDR": "n", "X_ADDR": 31809.635220799999, "Y_ADDR": 36866.215386199998, "BUILDING_I": "109000000000505060101000010104", "OID_": 139, "CHURCH_NAM": "BETHESDA CHURCH BUKIT ARANG", "CHURCH_ADD": "114 Serangoon Avenue 3 Singapore 556110", "CHURCH_COD": 556110.0, "PosCode": "556110" }, "geometry": { "type": "Point", "coordinates": [ 103.867550545849156, 1.349679236524842 ] } },
{ "type": "Feature", "properties": { "OBJECTID_1": 165, "OBJECTID": 130256, "FEA_ID": 97487.0, "BUILDING_N": "MARINE PARADE CHRISTIAN CENTRE", "HOUSE_BLK_": "100", "ROAD_NAME": "TEMBELING ROAD", "POSTAL_COD": "423597", "ADDRESS_TY": "S", "DATA_TYPE_": "extg", "MULTI_ADDR": "n", "X_ADDR": 35614.644187400001, "Y_ADDR": 32661.4985652, "BUILDING_I": "101000000010402030509070010000", "OID_": 232, "CHURCH_NAM": "MARINE PARADE CHRISTIAN CENTRE", "CHURCH_ADD": "100 Tembeling Road Singapore 423597", "CHURCH_COD": 423597.0, "PosCode": "423597" }, "geometry": { "type": "Point", "coordinates": [ 103.90173988364532, 1.311652568525168 ] } },
{ "type": "Feature", "properties": { "OBJECTID_1": 166, "OBJECTID": 130421, "FEA_ID": 60524.0, "BUILDING_N": "NATIVITY CHURCH/PARISH CENTRE", "HOUSE_BLK_": "2", "ROAD_NAME": "LORONG LOW KOON", "POSTAL_COD": "536449", "ADDRESS_TY": "S", "DATA_TYPE_": "extg", "MULTI_ADDR": "y", "X_ADDR": 34611.341705899998, "Y_ADDR": 38657.171105000001, "BUILDING_I": "101000000020503060404090000002", "OID_": 254, "CHURCH_NAM": "NATIVITY CHURCH CENTRE", "CHURCH_ADD": "2 Lorong Low Koon Singapore 536449", "CHURCH_COD": 536449.0, "PosCode": "536449" }, "geometry": { "type": "Point", "coordinates": [ 103.892726027963747, 1.365875505612543 ] } },
{ "type": "Feature", "properties": { "OBJECTID_1": 167, "OBJECTID": 131047, "FEA_ID": 134420.0, "BUILDING_N": "FAITH ASSEMBLY OF GOD CHURCH", "HOUSE_BLK_": "1A", "ROAD_NAME": "KIM KEAT ROAD", "POSTAL_COD": "328803", "ADDRESS_TY": "S", "DATA_TYPE_": "extg", "MULTI_ADDR": "n", "X_ADDR": 30109.902755499999, "Y_ADDR": 34019.8714645, "BUILDING_I": "109000000020302080860034606707", "OID_": 155, "CHURCH_NAM": "FAITH ASSEMBLY OF GOD CHURCH", "CHURCH_ADD": "1A Kim Keat Road Singapore 328803", "CHURCH_COD": 328803.0, "PosCode": "328803" }, "geometry": { "type": "Point", "coordinates": [ 103.85227718442917, 1.323938081158641 ] } },
{ "type": "Feature", "properties": { "OBJECTID_1": 168, "OBJECTID": 131759, "FEA_ID": 138992.0, "BUILDING_N": " ", "HOUSE_BLK_": "6", "ROAD_NAME": "CHAPEL ROAD", "POSTAL_COD": "429509", "ADDRESS_TY": "S", "DATA_TYPE_": "extg", "MULTI_ADDR": "n", "X_ADDR": 36220.382362900003, "Y_ADDR": 32091.471525500001, "BUILDING_I": "109000000020402090550493626903", "OID_": 114, "CHURCH_NAM": "CHURCH OF THE HOLY FAMILY", "CHURCH_ADD": "6 Chapel Road Singapore 429509", "CHURCH_COD": 429509.0, "PosCode": "429509" }, "geometry": { "type": "Point", "coordinates": [ 103.907182583155446, 1.306497293985202 ] } },
{ "type": "Feature", "properties": { "OBJECTID_1": 169, "OBJECTID": 131841, "FEA_ID": 26076.0, "BUILDING_N": "MOULMEIN CHURCH OF CHRIST", "HOUSE_BLK_": "131", "ROAD_NAME": "MOULMEIN ROAD", "POSTAL_COD": "308082", "ADDRESS_TY": "S", "DATA_TYPE_": "extg", "MULTI_ADDR": "n", "X_ADDR": 29721.367964100002, "Y_ADDR": 33422.664259700003, "BUILDING_I": "100000000010300080008020010301", "OID_": 180, "CHURCH_NAM": "CHURCH OF CHRIST MOULMEIN", "CHURCH_ADD": "131 Moulmein Road Singapore 308082", "CHURCH_COD": 308082.0, "PosCode": "308082" }, "geometry": { "type": "Point", "coordinates": [ 103.848785957963926, 1.318537174928559 ] } },
{ "type": "Feature", "properties": { "OBJECTID_1": 170, "OBJECTID": 132867, "FEA_ID": 30935.0, "BUILDING_N": "SAINT PETER'S CHURCH", "HOUSE_BLK_": "1", "ROAD_NAME": "TAVISTOCK AVENUE", "POSTAL_COD": "555104", "ADDRESS_TY": "S", "DATA_TYPE_": "extg", "MULTI_ADDR": "y", "X_ADDR": 31191.695748599999, "Y_ADDR": 38772.240444700001, "BUILDING_I": "101000000013525050110641695909", "OID_": 184, "CHURCH_NAM": "SAINT PETER'S CHURCH", "CHURCH_ADD": "1 Tavistock Avenue Singapore 555104", "CHURCH_COD": 555104.0, "PosCode": "555104" }, "geometry": { "type": "Point", "coordinates": [ 103.861998175542013, 1.366916718552042 ] } },
{ "type": "Feature", "properties": { "OBJECTID_1": 171, "OBJECTID": 133287, "FEA_ID": 171737.0, "BUILDING_N": "BEDOK METHODIST CHURCH", "HOUSE_BLK_": "86", "ROAD_NAME": "BEDOK ROAD", "POSTAL_COD": "469371", "ADDRESS_TY": "S", "DATA_TYPE_": "extg", "MULTI_ADDR": "n", "X_ADDR": 41461.444375699997, "Y_ADDR": 34023.627933099997, "BUILDING_I": "100000000030406090367312646901", "OID_": 241, "CHURCH_NAM": "BEDOK METHODIST CHURCH", "CHURCH_ADD": "86 Bedok Road Singapore 469371", "CHURCH_COD": 469371.0, "PosCode": "469371" }, "geometry": { "type": "Point", "coordinates": [ 103.954276777314703, 1.323969157092973 ] } },
{ "type": "Feature", "properties": { "OBJECTID_1": 172, "OBJECTID": 134360, "FEA_ID": 157381.0, "BUILDING_N": "CANAAN CENTRE", "HOUSE_BLK_": "84", "ROAD_NAME": "ST. FRANCIS ROAD", "POSTAL_COD": "328069", "ADDRESS_TY": "S", "DATA_TYPE_": "extg", "MULTI_ADDR": "n", "X_ADDR": 31363.794025499999, "Y_ADDR": 34016.274689700003, "BUILDING_I": "100000000010382285006591090906", "OID_": 186, "CHURCH_NAM": "SINGAPORE CHRISTIAN CANAAN CHURCH", "CHURCH_ADD": "84 Saint Francis Road Singapore 328069", "CHURCH_COD": 328069.0, "PosCode": "328069" }, "geometry": { "type": "Point", "coordinates": [ 103.86354406870889, 1.323905440587869 ] } },
{ "type": "Feature", "properties": { "OBJECTID_1": 173, "OBJECTID": 134385, "FEA_ID": 170132.0, "BUILDING_N": "KHOO'S MATERNITY CLINIC", "HOUSE_BLK_": "64", "ROAD_NAME": "TANJONG KATONG ROAD", "POSTAL_COD": "436956", "ADDRESS_TY": "S", "DATA_TYPE_": "extg", "MULTI_ADDR": "n", "X_ADDR": 34686.426585100002, "Y_ADDR": 32831.509229000003, "BUILDING_I": "100000000010483363985561090906", "OID_": 249, "CHURCH_NAM": "THE CHARIS TABERNACLE CHURCH", "CHURCH_ADD": "64 Tanjong Katong Road Singapore 436956", "CHURCH_COD": 436956.0, "PosCode": "436956" }, "geometry": { "type": "Point", "coordinates": [ 103.893399434243108, 1.313190298981067 ] } },
{ "type": "Feature", "properties": { "OBJECTID_1": 174, "OBJECTID": 134592, "FEA_ID": 186132.0, "BUILDING_N": "HOLY GRACE PRESBYTERIAN CHURCH", "HOUSE_BLK_": "408B", "ROAD_NAME": "UPPER EAST COAST ROAD", "POSTAL_COD": "466484", "ADDRESS_TY": "S", "DATA_TYPE_": "extg", "MULTI_ADDR": "n", "X_ADDR": 39816.022461, "Y_ADDR": 32933.671939799999, "BUILDING_I": "100000000113466560488642605000", "OID_": 246, "CHURCH_NAM": "HOLY GRACE PRESBYTERIAN CHURCH", "CHURCH_ADD": "408B Upper East Coast Road Singapore 466484", "CHURCH_COD": 466484.0, "PosCode": "466484" }, "geometry": { "type": "Point", "coordinates": [ 103.939491391727856, 1.314112678605079 ] } },
{ "type": "Feature", "properties": { "OBJECTID_1": 175, "OBJECTID": 135050, "FEA_ID": 227657.0, "BUILDING_N": "QUEENSTOWN LUTHERAN CHURCH", "HOUSE_BLK_": "709", "ROAD_NAME": "COMMONWEALTH DRIVE", "POSTAL_COD": "149601", "ADDRESS_TY": "S", "DATA_TYPE_": "extg", "MULTI_ADDR": "n", "X_ADDR": 24193.044019699999, "Y_ADDR": 32067.833410700001, "BUILDING_I": "100001090714104090600112605007", "OID_": 73, "CHURCH_NAM": "QUEENSTOWN LUTHERAN CHURCH", "CHURCH_ADD": "709 Commonwealth Drive Singapore 149601", "CHURCH_COD": 149601.0, "PosCode": "149601" }, "geometry": { "type": "Point", "coordinates": [ 103.799111283148434, 1.306284376108332 ] } },
{ "type": "Feature", "properties": { "OBJECTID_1": 176, "OBJECTID": 135658, "FEA_ID": 87672.0, "BUILDING_N": "KOREAN CHURCH KINDERGARTEN", "HOUSE_BLK_": "16", "ROAD_NAME": "BARKER ROAD", "POSTAL_COD": "309891", "ADDRESS_TY": "S", "DATA_TYPE_": "extg", "MULTI_ADDR": "n", "X_ADDR": 28167.444609300001, "Y_ADDR": 33667.326788899998, "BUILDING_I": "109000000000300090809010000106", "OID_": 135, "CHURCH_NAM": "KOREAN CHURCH IN SINGAPORE", "CHURCH_ADD": "16 Barker Road Singapore 309891", "CHURCH_COD": 309891.0, "PosCode": "309891" }, "geometry": { "type": "Point", "coordinates": [ 103.834823156586594, 1.320749863926262 ] } },
{ "type": "Feature", "properties": { "OBJECTID_1": 177, "OBJECTID": 135799, "FEA_ID": 20500.0, "BUILDING_N": "HEPHZIBAH CHRISTIAN FELLOWSHIP", "HOUSE_BLK_": "350", "ROAD_NAME": "ALEXANDRA ROAD", "POSTAL_COD": "159946", "ADDRESS_TY": "S", "DATA_TYPE_": "extg", "MULTI_ADDR": "n", "X_ADDR": 25229.994329000001, "Y_ADDR": 30560.019031, "BUILDING_I": "100000000010105090904060030500", "OID_": 100, "CHURCH_NAM": "HEPHZIBAH CHRISTIAN FELLOWSHIP", "CHURCH_ADD": "350 Alexandra Road Singapore 159946", "CHURCH_COD": 159946.0, "PosCode": "159946" }, "geometry": { "type": "Point", "coordinates": [ 103.808428903746972, 1.292648344931778 ] } },
{ "type": "Feature", "properties": { "OBJECTID_1": 178, "OBJECTID": 136609, "FEA_ID": 88000.0, "BUILDING_N": " ", "HOUSE_BLK_": "83", "ROAD_NAME": "GEYLANG ROAD", "POSTAL_COD": "389200", "ADDRESS_TY": "U", "DATA_TYPE_": "extg", "MULTI_ADDR": "y", "X_ADDR": 32412.555023199999, "Y_ADDR": 32568.635452899998, "BUILDING_I": "101000000010308090200000000803", "OID_": 257, "CHURCH_NAM": "FAITH SANCTURY", "CHURCH_ADD": "83 Geylang Road Singapore 389200", "CHURCH_COD": 389200.0, "PosCode": "389200" }, "geometry": { "type": "Point", "coordinates": [ 103.872967538281429, 1.310813372597726 ] } },
{ "type": "Feature", "properties": { "OBJECTID_1": 179, "OBJECTID": 137115, "FEA_ID": 108018.0, "BUILDING_N": "CHANGI BAPTIST CHURCH", "HOUSE_BLK_": "1069", "ROAD_NAME": "UPPER CHANGI ROAD NORTH", "POSTAL_COD": "507692", "ADDRESS_TY": "S", "DATA_TYPE_": "extg", "MULTI_ADDR": "n", "X_ADDR": 43791.143266200001, "Y_ADDR": 38686.941937099997, "BUILDING_I": "100000000010500070669120676905", "OID_": 219, "CHURCH_NAM": "CHANGI BAPTIST CHURCH", "CHURCH_ADD": "1069 Upper Changi Road North Singapore 507692", "CHURCH_COD": 507692.0, "PosCode": "507692" }, "geometry": { "type": "Point", "coordinates": [ 103.975212749918853, 1.366141266381792 ] } },
{ "type": "Feature", "properties": { "OBJECTID_1": 180, "OBJECTID": 137581, "FEA_ID": 109455.0, "BUILDING_N": "KIM TIAN CHURCH", "HOUSE_BLK_": "811", "ROAD_NAME": "UPPER SERANGOON ROAD", "POSTAL_COD": "534675", "ADDRESS_TY": "S", "DATA_TYPE_": "extg", "MULTI_ADDR": "n", "X_ADDR": 33284.235966799999, "Y_ADDR": 37654.383300300004, "BUILDING_I": "100000000010503040607050080101", "OID_": 214, "CHURCH_NAM": "KIM TIAN CHRISTIAN CHURCH", "CHURCH_ADD": "811 Upper Serangoon Road Singapore 534675", "CHURCH_COD": 534675.0, "PosCode": "534675" }, "geometry": { "type": "Point", "coordinates": [ 103.880800896874106, 1.356806920147645 ] } },
{ "type": "Feature", "properties": { "OBJECTID_1": 181, "OBJECTID": 138201, "FEA_ID": 135075.0, "BUILDING_N": " ", "HOUSE_BLK_": "21", "ROAD_NAME": "WEST COAST ROAD", "POSTAL_COD": "127309", "ADDRESS_TY": "S", "DATA_TYPE_": "extg", "MULTI_ADDR": "n", "X_ADDR": 20594.1814519, "Y_ADDR": 30601.166902000001, "BUILDING_I": "100000000020102070310394656902", "OID_": 36, "CHURCH_NAM": "CHURCH IN SINGAPORE CHRISTIAN STEWARDS", "CHURCH_ADD": "21 West Coast Road Singapore 127309", "CHURCH_COD": 127309.0, "PosCode": "127309" }, "geometry": { "type": "Point", "coordinates": [ 103.766774162828867, 1.293019716930863 ] } },
{ "type": "Feature", "properties": { "OBJECTID_1": 182, "OBJECTID": 138732, "FEA_ID": 14627.0, "BUILDING_N": " ", "HOUSE_BLK_": "165", "ROAD_NAME": "YIO CHU KANG ROAD", "POSTAL_COD": "545617", "ADDRESS_TY": "S", "DATA_TYPE_": "extg", "MULTI_ADDR": "n", "X_ADDR": 32434.879447, "Y_ADDR": 38333.357586500002, "BUILDING_I": "100000000010504050601070010605", "OID_": 189, "CHURCH_NAM": "ASSEMBLY OF CHRISTIAN CHURCH", "CHURCH_ADD": "165 Yio Chu Kang Road Singapore 545617", "CHURCH_COD": 545617.0, "PosCode": "545617" }, "geometry": { "type": "Point", "coordinates": [ 103.873168974105766, 1.362947458821013 ] } },
{ "type": "Feature", "properties": { "OBJECTID_1": 183, "OBJECTID": 139515, "FEA_ID": 180345.0, "BUILDING_N": "CHURCH OF THE RISEN CHRIST", "HOUSE_BLK_": "91", "ROAD_NAME": "TOA PAYOH CENTRAL", "POSTAL_COD": "319193", "ADDRESS_TY": "S", "DATA_TYPE_": "extg", "MULTI_ADDR": "n", "X_ADDR": 29932.378095, "Y_ADDR": 35249.410507200002, "BUILDING_I": "100000000027391290109732605002", "OID_": 145, "CHURCH_NAM": "CHURCH OF THE RISEN CHRIST", "CHURCH_ADD": "91 Toa Payoh Central Singapore 319193", "CHURCH_COD": 319193.0, "PosCode": "319193" }, "geometry": { "type": "Point", "coordinates": [ 103.850682108524879, 1.33505760770852 ] } },
{ "type": "Feature", "properties": { "OBJECTID_1": 184, "OBJECTID": 140498, "FEA_ID": 154431.0, "BUILDING_N": "YIO CHU KANG CHAPEL", "HOUSE_BLK_": "242", "ROAD_NAME": "YIO CHU KANG ROAD", "POSTAL_COD": "545671", "ADDRESS_TY": "S", "DATA_TYPE_": "extg", "MULTI_ADDR": "n", "X_ADDR": 32795.907663400001, "Y_ADDR": 38900.670738300003, "BUILDING_I": "109000000010504050657516616903", "OID_": 194, "CHURCH_NAM": "YIO CHU KANG CHAPEL", "CHURCH_ADD": "242 Yio Chu Kang Road Singapore 545671", "CHURCH_COD": 545671.0, "PosCode": "545671" }, "geometry": { "type": "Point", "coordinates": [ 103.876413148660561, 1.368077978426381 ] } },
{ "type": "Feature", "properties": { "OBJECTID_1": 185, "OBJECTID": 141109, "FEA_ID": 35201.0, "BUILDING_N": "TRUE JESUS CHURCH", "HOUSE_BLK_": "32", "ROAD_NAME": "LORONG H TELOK KURAU", "POSTAL_COD": "426020", "ADDRESS_TY": "S", "DATA_TYPE_": "extg", "MULTI_ADDR": "n", "X_ADDR": 36276.355159400002, "Y_ADDR": 33067.575439, "BUILDING_I": "100000000010402060052305656902", "OID_": 245, "CHURCH_NAM": "THE TRUE JESUS CHURCH SINGAPORE", "CHURCH_ADD": "32 Lorong H Telok Kurau Singapore 426020", "CHURCH_COD": 426020.0, "PosCode": "426020" }, "geometry": { "type": "Point", "coordinates": [ 103.907685785212919, 1.315324810012122 ] } },
{ "type": "Feature", "properties": { "OBJECTID_1": 186, "OBJECTID": 141214, "FEA_ID": 80724.0, "BUILDING_N": "FIRST EVANGELICAL REFORMED CHURCH", "HOUSE_BLK_": "652", "ROAD_NAME": "YIO CHU KANG ROAD", "POSTAL_COD": "787076", "ADDRESS_TY": "S", "DATA_TYPE_": "extg", "MULTI_ADDR": "n", "X_ADDR": 28011.245650299999, "Y_ADDR": 40390.718992000002, "BUILDING_I": "100000000010708070007060060502", "OID_": 159, "CHURCH_NAM": "FIRST EVANGELICAL REFORMED CHURCH", "CHURCH_ADD": "652 Yio Chu Kang Road Singapore 787076", "CHURCH_COD": 787076.0, "PosCode": "787076" }, "geometry": { "type": "Point", "coordinates": [ 103.833419628857541, 1.381553831712921 ] } },
{ "type": "Feature", "properties": { "OBJECTID_1": 187, "OBJECTID": 142726, "FEA_ID": 37748.0, "BUILDING_N": "SENGKANG METHODIST CHURCH", "HOUSE_BLK_": "31", "ROAD_NAME": "ANCHORVALE ROAD", "POSTAL_COD": "545056", "ADDRESS_TY": "S", "DATA_TYPE_": "extg", "MULTI_ADDR": "n", "X_ADDR": 33911.687001500002, "Y_ADDR": 41569.541666999998, "BUILDING_I": "109000000111594450015262605001", "OID_": 190, "CHURCH_NAM": "SENGKANG METHODIST CHURCH", "CHURCH_ADD": "31 Anchorvale Road Singapore 545056", "CHURCH_COD": 545056.0, "PosCode": "545056" }, "geometry": { "type": "Point", "coordinates": [ 103.886439735296804, 1.392214078962395 ] } },
{ "type": "Feature", "properties": { "OBJECTID_1": 188, "OBJECTID": 143555, "FEA_ID": 5172.0, "BUILDING_N": "CHURCH OF ST BERNADETTE", "HOUSE_BLK_": "12", "ROAD_NAME": "ZION ROAD", "POSTAL_COD": "247731", "ADDRESS_TY": "S", "DATA_TYPE_": "extg", "MULTI_ADDR": "n", "X_ADDR": 27664.1495144, "Y_ADDR": 30833.527523799999, "BUILDING_I": "100000000010204070703010000102", "OID_": 86, "CHURCH_NAM": "CHURCH OF SAINT BERNADETTE", "CHURCH_ADD": "12 Zion Road Singapore 247731", "CHURCH_COD": 247731.0, "PosCode": "247731" }, "geometry": { "type": "Point", "coordinates": [ 103.83030081711334, 1.295121980725582 ] } },
{ "type": "Feature", "properties": { "OBJECTID_1": 189, "OBJECTID": 143225, "FEA_ID": 62731.0, "BUILDING_N": "FAR EASTERN BIBLE COLLEGE", "HOUSE_BLK_": "9A", "ROAD_NAME": "GILSTEAD ROAD", "POSTAL_COD": "309063", "ADDRESS_TY": "S", "DATA_TYPE_": "extg", "MULTI_ADDR": "n", "X_ADDR": 28520.928772899999, "Y_ADDR": 33101.638483000002, "BUILDING_I": "100000000010300090006030605009", "OID_": 182, "CHURCH_NAM": "LIFE BIBLE-PRESBYTERIAN CHURCH", "CHURCH_ADD": "9A Gilstead Road Singapore 309063", "CHURCH_COD": 309063.0, "PosCode": "309063" }, "geometry": { "type": "Point", "coordinates": [ 103.837999387847489, 1.315633974851506 ] } },
{ "type": "Feature", "properties": { "OBJECTID_1": 190, "OBJECTID": 144411, "FEA_ID": 211904.0, "BUILDING_N": " ", "HOUSE_BLK_": "1", "ROAD_NAME": "TAI GIN ROAD", "POSTAL_COD": "327872", "ADDRESS_TY": "S", "DATA_TYPE_": "extg", "MULTI_ADDR": "n", "X_ADDR": 29447.254777599999, "Y_ADDR": 34449.610879300002, "BUILDING_I": "100000000112372671857722605002", "OID_": 164, "CHURCH_NAM": "PENTECOSTAL CHURCH OF SINGAPORE", "CHURCH_ADD": "1 Tai Gin Road Singapore 327872", "CHURCH_COD": 327872.0, "PosCode": "327872" }, "geometry": { "type": "Point", "coordinates": [ 103.846322958666505, 1.327824530713375 ] } },
{ "type": "Feature", "properties": { "OBJECTID_1": 191, "OBJECTID": 144415, "FEA_ID": 212129.0, "BUILDING_N": " ", "HOUSE_BLK_": "488", "ROAD_NAME": "UPPER BUKIT TIMAH ROAD", "POSTAL_COD": "678091", "ADDRESS_TY": "S", "DATA_TYPE_": "extg", "MULTI_ADDR": "n", "X_ADDR": 20671.143763200002, "Y_ADDR": 38124.788962, "BUILDING_I": "100001030113607080009912605003", "OID_": 46, "CHURCH_NAM": "BUKIT PANJANG METHODIST CHURCH", "CHURCH_ADD": "488 Upper Bukit Timah Road Singapore 678091", "CHURCH_COD": 678091.0, "PosCode": "678091" }, "geometry": { "type": "Point", "coordinates": [ 103.767463901474713, 1.361060664218729 ] } },
{ "type": "Feature", "properties": { "OBJECTID_1": 192, "OBJECTID": 145288, "FEA_ID": 42846.0, "BUILDING_N": "CHRIST METHODIST CHURCH", "HOUSE_BLK_": "597", "ROAD_NAME": "EAST COAST ROAD", "POSTAL_COD": "429082", "ADDRESS_TY": "S", "DATA_TYPE_": "extg", "MULTI_ADDR": "n", "X_ADDR": 37231.331081900003, "Y_ADDR": 32503.6692515, "BUILDING_I": "100000000010402090008020050907", "OID_": 243, "CHURCH_NAM": "CHRIST METHODIST CHURCH", "CHURCH_ADD": "597 East Coast Road Singapore 429082", "CHURCH_COD": 429082.0, "PosCode": "429082" }, "geometry": { "type": "Point", "coordinates": [ 103.916266550306645, 1.310224774607104 ] } },
{ "type": "Feature", "properties": { "OBJECTID_1": 193, "OBJECTID": 145455, "FEA_ID": 141042.0, "BUILDING_N": " ", "HOUSE_BLK_": "17", "ROAD_NAME": "MATTAR ROAD", "POSTAL_COD": "387722", "ADDRESS_TY": "S", "DATA_TYPE_": "extg", "MULTI_ADDR": "n", "X_ADDR": 33448.4802165, "Y_ADDR": 34176.898737199997, "BUILDING_I": "100000900010308070702020000107", "OID_": 256, "CHURCH_NAM": "GRACE BAPTIST CHURCH LIMITED", "CHURCH_ADD": "17 Mattar Road Singapore 387722", "CHURCH_COD": 387722.0, "PosCode": "387722" }, "geometry": { "type": "Point", "coordinates": [ 103.882276113417831, 1.325357766709607 ] } },
{ "type": "Feature", "properties": { "OBJECTID_1": 194, "OBJECTID": 145906, "FEA_ID": 102632.0, "BUILDING_N": "ARMENIAN CHURCH", "HOUSE_BLK_": "60", "ROAD_NAME": "HILL STREET", "POSTAL_COD": "179366", "ADDRESS_TY": "S", "DATA_TYPE_": "extg", "MULTI_ADDR": "n", "X_ADDR": 29753.479328599999, "Y_ADDR": 30599.171182499998, "BUILDING_I": "100000000010107090306060000600", "OID_": 82, "CHURCH_NAM": "ARMENIAN CHURCH OF SAINT GREGORY", "CHURCH_ADD": "60 Hill Street Singapore 179366", "CHURCH_COD": 179366.0, "PosCode": "179366" }, "geometry": { "type": "Point", "coordinates": [ 103.849074336621015, 1.293002497452536 ] } },
{ "type": "Feature", "properties": { "OBJECTID_1": 195, "OBJECTID": 147034, "FEA_ID": 19616.0, "BUILDING_N": "ST. JOHN'S HOME FOR ELDERLY PERSONS", "HOUSE_BLK_": "69", "ROAD_NAME": "WAN THO AVENUE", "POSTAL_COD": "347601", "ADDRESS_TY": "S", "DATA_TYPE_": "extg", "MULTI_ADDR": "n", "X_ADDR": 32483.584597900001, "Y_ADDR": 35029.0805311, "BUILDING_I": "100000000030304070600010000609", "OID_": 31, "CHURCH_NAM": "SAINT JOHN CHAPEL", "CHURCH_ADD": "69 Wan Tho Avenue Singapore 347601", "CHURCH_COD": 347601.0, "PosCode": "347601" }, "geometry": { "type": "Point", "coordinates": [ 103.873606132285275, 1.333064751472131 ] } },
{ "type": "Feature", "properties": { "OBJECTID_1": 196, "OBJECTID": 147262, "FEA_ID": 18694.0, "BUILDING_N": "GEYLANG CHINESE METHODIST CHURCH", "HOUSE_BLK_": "52", "ROAD_NAME": "ALJUNIED ROAD", "POSTAL_COD": "389820", "ADDRESS_TY": "S", "DATA_TYPE_": "extg", "MULTI_ADDR": "n", "X_ADDR": 33427.464156499998, "Y_ADDR": 33084.865419299997, "BUILDING_I": "100000000030308090812102696608", "OID_": 250, "CHURCH_NAM": "GEYLANG CHINESE METHODIST CHURCH", "CHURCH_ADD": "52 Aljunied Road Singapore 389820", "CHURCH_COD": 389820.0, "PosCode": "389820" }, "geometry": { "type": "Point", "coordinates": [ 103.882087080061012, 1.315481809968951 ] } },
{ "type": "Feature", "properties": { "OBJECTID_1": 197, "OBJECTID": 147307, "FEA_ID": 45710.0, "BUILDING_N": " ", "HOUSE_BLK_": "23", "ROAD_NAME": "TAVISTOCK AVENUE", "POSTAL_COD": "555125", "ADDRESS_TY": "S", "DATA_TYPE_": "extg", "MULTI_ADDR": "n", "X_ADDR": 31251.117733200001, "Y_ADDR": 38987.027626499999, "BUILDING_I": "109000000114585850102152605001", "OID_": 157, "CHURCH_NAM": "CHRIST CHURCH OF SINGAPORE", "CHURCH_ADD": "23 Tavistock Avenue Singapore 555125", "CHURCH_COD": 555125.0, "PosCode": "555125" }, "geometry": { "type": "Point", "coordinates": [ 103.862532145891052, 1.368859170586793 ] } },
{ "type": "Feature", "properties": { "OBJECTID_1": 198, "OBJECTID": 147673, "FEA_ID": 105774.0, "BUILDING_N": "ETERNAL LIFE BAPTIST CHURCH", "HOUSE_BLK_": "28", "ROAD_NAME": "KIM KEAT ROAD", "POSTAL_COD": "328808", "ADDRESS_TY": "U", "DATA_TYPE_": "extg", "MULTI_ADDR": "y", "X_ADDR": 30220.81167, "Y_ADDR": 34076.080502600002, "BUILDING_I": "101000000010302080800080000208", "OID_": 149, "CHURCH_NAM": "ETERNAL LIFE BAPTIST CHURCH", "CHURCH_ADD": "28 Kim Keat Road Singapore 328808", "CHURCH_COD": 328808.0, "PosCode": "328808" }, "geometry": { "type": "Point", "coordinates": [ 103.853273765194487, 1.324446407577048 ] } },
{ "type": "Feature", "properties": { "OBJECTID_1": 199, "OBJECTID": 147770, "FEA_ID": 30313.0, "BUILDING_N": "CHURCH OF THE RESURRECTED LIVING CHRIST", "HOUSE_BLK_": "69", "ROAD_NAME": "TANJONG RHU ROAD", "POSTAL_COD": "436902", "ADDRESS_TY": "S", "DATA_TYPE_": "extg", "MULTI_ADDR": "n", "X_ADDR": 33004.989057799998, "Y_ADDR": 31081.058216900001, "BUILDING_I": "100000000020403060900020000609", "OID_": 108, "CHURCH_NAM": "SINGAPORE GOSPEL CHURCH", "CHURCH_ADD": "69 Tanjong Rhu Road Singapore 436902", "CHURCH_COD": 436902.0, "PosCode": "436902" }, "geometry": { "type": "Point", "coordinates": [ 103.878290607928164, 1.297360161212921 ] } },
{ "type": "Feature", "properties": { "OBJECTID_1": 200, "OBJECTID": 148544, "FEA_ID": 50899.0, "BUILDING_N": "JUBILEE PRESBYTERIAN CHURCH", "HOUSE_BLK_": "256", "ROAD_NAME": "OUTRAM ROAD", "POSTAL_COD": "169053", "ADDRESS_TY": "S", "DATA_TYPE_": "extg", "MULTI_ADDR": "n", "X_ADDR": 28291.5466418, "Y_ADDR": 29797.377681499998, "BUILDING_I": "100000000010106090005030020506", "OID_": 89, "CHURCH_NAM": "THE JUBILEE PRESBYTERIAN CHURCH", "CHURCH_ADD": "256 Outram Road Singapore 169053", "CHURCH_COD": 169053.0, "PosCode": "169053" }, "geometry": { "type": "Point", "coordinates": [ 103.835938242137189, 1.285751406408993 ] } },
{ "type": "Feature", "properties": { "OBJECTID_1": 201, "OBJECTID": 148633, "FEA_ID": 97151.0, "BUILDING_N": "THE CHURCH IN SINGAPORE (CHRISTIAN STEWARDS)", "HOUSE_BLK_": "1", "ROAD_NAME": "DERBYSHIRE ROAD", "POSTAL_COD": "309457", "ADDRESS_TY": "S", "DATA_TYPE_": "extg", "MULTI_ADDR": "n", "X_ADDR": 29342.254930200001, "Y_ADDR": 33146.903738100002, "BUILDING_I": "100000000010300090405070000001", "OID_": 172, "CHURCH_NAM": "THE CHURCH IN SINGAPORE", "CHURCH_ADD": "1 Derbyshire Road Singapore 309457", "CHURCH_COD": 309457.0, "PosCode": "309457" }, "geometry": { "type": "Point", "coordinates": [ 103.845379420109111, 1.316043312455119 ] } },
{ "type": "Feature", "properties": { "OBJECTID_1": 202, "OBJECTID": 149163, "FEA_ID": 190514.0, "BUILDING_N": "THE CATHOLIC SPIRITUALITY CENTRE", "HOUSE_BLK_": "1261", "ROAD_NAME": "UPPER SERANGOON ROAD", "POSTAL_COD": "534796", "ADDRESS_TY": "S", "DATA_TYPE_": "extg", "MULTI_ADDR": "n", "X_ADDR": 35293.334678699997, "Y_ADDR": 39586.2508303, "BUILDING_I": "100000000010503040719960050104", "OID_": 33, "CHURCH_NAM": "SAINT FRANCIS XAVIER SEMINARY", "CHURCH_ADD": "1261 Upper Serangoon Road Singapore 534796", "CHURCH_COD": 534796.0, "PosCode": "534796" }, "geometry": { "type": "Point", "coordinates": [ 103.898854429502691, 1.374277604809954 ] } },
{ "type": "Feature", "properties": { "OBJECTID_1": 203, "OBJECTID": 150582, "FEA_ID": 4165.0, "BUILDING_N": "TRUE JESUS CHURCH", "HOUSE_BLK_": "17D", "ROAD_NAME": "ADAM ROAD", "POSTAL_COD": "289890", "ADDRESS_TY": "S", "DATA_TYPE_": "extg", "MULTI_ADDR": "n", "X_ADDR": 25767.435856299999, "Y_ADDR": 34308.267234799998, "BUILDING_I": "109000000010208090879008616807", "OID_": 175, "CHURCH_NAM": "TRUE JESUS CHURCH", "CHURCH_ADD": "17D Adam Road Singapore 289890", "CHURCH_COD": 289890.0, "PosCode": "289890" }, "geometry": { "type": "Point", "coordinates": [ 103.81325777353716, 1.326546221615778 ] } },
{ "type": "Feature", "properties": { "OBJECTID_1": 204, "OBJECTID": 151115, "FEA_ID": 132092.0, "BUILDING_N": "SEVENTH-DAY ADVENTIST CHURCH", "HOUSE_BLK_": "120", "ROAD_NAME": "BALESTIER ROAD", "POSTAL_COD": "329680", "ADDRESS_TY": "S", "DATA_TYPE_": "extg", "MULTI_ADDR": "n", "X_ADDR": 30332.433758800002, "Y_ADDR": 33526.847022900001, "BUILDING_I": "109000000312372990618302609000", "OID_": 19, "CHURCH_NAM": "BALESTIER ROAD SEVENTH-DAY ADVENTIST CHURCH", "CHURCH_ADD": "120 Balestier Road Singapore 329680", "CHURCH_COD": 329680.0, "PosCode": "329680" }, "geometry": { "type": "Point", "coordinates": [ 103.854276707164161, 1.319479326002066 ] } },
{ "type": "Feature", "properties": { "OBJECTID_1": 205, "OBJECTID": 151185, "FEA_ID": 32738.0, "BUILDING_N": "GEYLANG BAHRU VILLE", "HOUSE_BLK_": "66", "ROAD_NAME": "KALLANG BAHRU", "POSTAL_COD": "330066", "ADDRESS_TY": "H", "DATA_TYPE_": "extg", "MULTI_ADDR": "n", "X_ADDR": 32047.872311, "Y_ADDR": 33644.058336900001, "BUILDING_I": "100000000000303000006060000000", "OID_": 126, "CHURCH_NAM": "THE SALVATION ARMY KALLANG BAHRU CORPS", "CHURCH_ADD": "66 Kallang Bahru Singapore 330066", "CHURCH_COD": 330066.0, "PosCode": "330066" }, "geometry": { "type": "Point", "coordinates": [ 103.869690827585501, 1.320539165627837 ] } },
{ "type": "Feature", "properties": { "OBJECTID_1": 206, "OBJECTID": 151220, "FEA_ID": 53177.0, "BUILDING_N": "ORCHARD ROAD PRESBYTERIAN CHURCH", "HOUSE_BLK_": "3", "ROAD_NAME": "ORCHARD ROAD", "POSTAL_COD": "238825", "ADDRESS_TY": "S", "DATA_TYPE_": "extg", "MULTI_ADDR": "n", "X_ADDR": 29561.255506099998, "Y_ADDR": 31131.767592600001, "BUILDING_I": "100000000010203080802050000003", "OID_": 88, "CHURCH_NAM": "ORCHARD ROAD PRESBYTERIAN CHURCH", "CHURCH_ADD": "3 Orchard Road Singapore 238825", "CHURCH_COD": 238825.0, "PosCode": "238825" }, "geometry": { "type": "Point", "coordinates": [ 103.847347150513826, 1.29781912205115 ] } },
{ "type": "Feature", "properties": { "OBJECTID_1": 207, "OBJECTID": 151958, "FEA_ID": 38932.0, "BUILDING_N": " ", "HOUSE_BLK_": "226", "ROAD_NAME": "YIO CHU KANG ROAD", "POSTAL_COD": "545664", "ADDRESS_TY": "S", "DATA_TYPE_": "extg", "MULTI_ADDR": "n", "X_ADDR": 32756.676179499998, "Y_ADDR": 38806.947046599998, "BUILDING_I": "100000000017524650606342605000", "OID_": 22, "CHURCH_NAM": "CHUAN HOE SEVENTH-DAY ADVENTIST CHURCH", "CHURCH_ADD": "226 Yio Chu Kang Road Singapore 545664", "CHURCH_COD": 545664.0, "PosCode": "545664" }, "geometry": { "type": "Point", "coordinates": [ 103.876060611394394, 1.367230382224123 ] } },
{ "type": "Feature", "properties": { "OBJECTID_1": 208, "OBJECTID": 152284, "FEA_ID": 48997.0, "BUILDING_N": "BUKIT PANJANG GOSPEL CHAPEL", "HOUSE_BLK_": "12", "ROAD_NAME": "GALISTAN AVENUE", "POSTAL_COD": "669686", "ADDRESS_TY": "S", "DATA_TYPE_": "extg", "MULTI_ADDR": "n", "X_ADDR": 19757.13819, "Y_ADDR": 39965.438081400003, "BUILDING_I": "100000000010606090608060000102", "OID_": 39, "CHURCH_NAM": "BUKIT PANJANG GOSPEL CHAPEL", "CHURCH_ADD": "12 Galistan Avenue Singapore 669686", "CHURCH_COD": 669686.0, "PosCode": "669686" }, "geometry": { "type": "Point", "coordinates": [ 103.759250443809208, 1.37770658449896 ] } },
{ "type": "Feature", "properties": { "OBJECTID_1": 209, "OBJECTID": 154323, "FEA_ID": 211815.0, "BUILDING_N": " ", "HOUSE_BLK_": "300", "ROAD_NAME": "THOMSON ROAD", "POSTAL_COD": "307653", "ADDRESS_TY": "S", "DATA_TYPE_": "extg", "MULTI_ADDR": "n", "X_ADDR": 29075.077833700001, "Y_ADDR": 33806.937803200002, "BUILDING_I": "100000000039360471665032605002", "OID_": 146, "CHURCH_NAM": "NOVENA CHURCH", "CHURCH_ADD": "300 Thomson Road Singapore 307653", "CHURCH_COD": 307653.0, "PosCode": "307653" }, "geometry": { "type": "Point", "coordinates": [ 103.842978721379453, 1.322012438051859 ] } },
{ "type": "Feature", "properties": { "OBJECTID_1": 210, "OBJECTID": 155723, "FEA_ID": 156994.0, "BUILDING_N": "THE PRESBYTERIAN CHURCH IN SINGAPORE", "HOUSE_BLK_": "132A", "ROAD_NAME": "SOPHIA ROAD", "POSTAL_COD": "228186", "ADDRESS_TY": "S", "DATA_TYPE_": "extg", "MULTI_ADDR": "y", "X_ADDR": 29415.668199399999, "Y_ADDR": 31744.588809199999, "BUILDING_I": "101000000010202080108060615302", "OID_": 87, "CHURCH_NAM": "PRESBYTERIAN CHURCH IN SINGAPORE", "CHURCH_ADD": "132 Sophia Road Singapore 228186", "CHURCH_COD": 228186.0, "PosCode": "228186" }, "geometry": { "type": "Point", "coordinates": [ 103.846039011962489, 1.303361268078062 ] } },
{ "type": "Feature", "properties": { "OBJECTID_1": 211, "OBJECTID": 156178, "FEA_ID": 179994.0, "BUILDING_N": "DIOCESAN CENTRE BUILDING", "HOUSE_BLK_": "1", "ROAD_NAME": "FRANCIS THOMAS DRIVE", "POSTAL_COD": "359340", "ADDRESS_TY": "K", "DATA_TYPE_": "extg", "MULTI_ADDR": "y", "X_ADDR": 31608.562704600001, "Y_ADDR": 34644.3884722, "BUILDING_I": "101000000010305090304000000005", "OID_": 29, "CHURCH_NAM": "THE DIOCESE OF SINGAPORE", "CHURCH_ADD": "1 Francis Thomas Drive Singapore 359340", "CHURCH_COD": 359340.0, "PosCode": "359340" }, "geometry": { "type": "Point", "coordinates": [ 103.865743519224196, 1.329585850632525 ] } },
{ "type": "Feature", "properties": { "OBJECTID_1": 212, "OBJECTID": 158305, "FEA_ID": 12257.0, "BUILDING_N": "BETHESDA HALL (ANG MO KIO)", "HOUSE_BLK_": "601", "ROAD_NAME": "ANG MO KIO AVENUE 4", "POSTAL_COD": "569898", "ADDRESS_TY": "S", "DATA_TYPE_": "extg", "MULTI_ADDR": "n", "X_ADDR": 28444.637714600001, "Y_ADDR": 39633.639112099998, "BUILDING_I": "100000000010506090809080060001", "OID_": 6, "CHURCH_NAM": "BETHESDA HALL ANG MO KIO", "CHURCH_ADD": "601 Ang Mo Kio Avenue 4 Singapore 569898", "CHURCH_COD": 569898.0, "PosCode": "569898" }, "geometry": { "type": "Point", "coordinates": [ 103.837313969459615, 1.374707068611922 ] } },
{ "type": "Feature", "properties": { "OBJECTID_1": 213, "OBJECTID": 158306, "FEA_ID": 57563.0, "BUILDING_N": " ", "HOUSE_BLK_": "4", "ROAD_NAME": "PALM GROVE AVENUE", "POSTAL_COD": "547286", "ADDRESS_TY": "S", "DATA_TYPE_": "extg", "MULTI_ADDR": "n", "X_ADDR": 33055.5889542, "Y_ADDR": 38164.8195509, "BUILDING_I": "100000000010504070208060000004", "OID_": 198, "CHURCH_NAM": "BETHEL ASSEMBLY OF GOD", "CHURCH_ADD": "4 Palm Grove Avenue Singapore 547286", "CHURCH_COD": 547286.0, "PosCode": "547286" }, "geometry": { "type": "Point", "coordinates": [ 103.878746439744702, 1.36142316148835 ] } },
{ "type": "Feature", "properties": { "OBJECTID_1": 214, "OBJECTID": 158365, "FEA_ID": 211974.0, "BUILDING_N": "BETHESDA HALL (DEPOT WALK)", "HOUSE_BLK_": "10", "ROAD_NAME": "DEPOT WALK", "POSTAL_COD": "109590", "ADDRESS_TY": "S", "DATA_TYPE_": "extg", "MULTI_ADDR": "n", "X_ADDR": 25847.827954, "Y_ADDR": 29394.2736081, "BUILDING_I": "100000000113170090509202605003", "OID_": 113, "CHURCH_NAM": "BETHESDA DEPOT WALK", "CHURCH_ADD": "10 Depot Walk Singapore 109590", "CHURCH_COD": 109590.0, "PosCode": "109590" }, "geometry": { "type": "Point", "coordinates": [ 103.8139804807101, 1.282105802079142 ] } },
{ "type": "Feature", "properties": { "OBJECTID_1": 215, "OBJECTID": 158387, "FEA_ID": 32052.0, "BUILDING_N": "RIVERLIFE CHURCH", "HOUSE_BLK_": "6", "ROAD_NAME": "LOYANG BESAR CLOSE", "POSTAL_COD": "509026", "ADDRESS_TY": "S", "DATA_TYPE_": "extg", "MULTI_ADDR": "n", "X_ADDR": 41858.228191499999, "Y_ADDR": 40067.510681799999, "BUILDING_I": "100000000010500090002060000006", "OID_": 215, "CHURCH_NAM": "RIVERLIFE CHURCH", "CHURCH_ADD": "6 Loyang Besar Close Singapore 509026", "CHURCH_COD": 509026.0, "PosCode": "509026" }, "geometry": { "type": "Point", "coordinates": [ 103.957844867199441, 1.378627575561179 ] } },
{ "type": "Feature", "properties": { "OBJECTID_1": 216, "OBJECTID": 158938, "FEA_ID": 81016.0, "BUILDING_N": "CHURCH OF THE IMMACULATE HEART OF MARY", "HOUSE_BLK_": "24", "ROAD_NAME": "HIGHLAND ROAD", "POSTAL_COD": "549115", "ADDRESS_TY": "S", "DATA_TYPE_": "extg", "MULTI_ADDR": "n", "X_ADDR": 32962.601258800001, "Y_ADDR": 37578.595053800003, "BUILDING_I": "109000000000504090101050000204", "OID_": 203, "CHURCH_NAM": "CHURCH OF THE IMMACULATE HEART", "CHURCH_ADD": "24 Highland Road Singapore 549115", "CHURCH_COD": 549115.0, "PosCode": "549115" }, "geometry": { "type": "Point", "coordinates": [ 103.877910786709791, 1.356121574188781 ] } },
{ "type": "Feature", "properties": { "OBJECTID_1": 217, "OBJECTID": 159296, "FEA_ID": 240336.0, "BUILDING_N": "TOA PAYOH METHODIST CHURCH", "HOUSE_BLK_": "480", "ROAD_NAME": "LORONG 2 TOA PAYOH", "POSTAL_COD": "319641", "ADDRESS_TY": "S", "DATA_TYPE_": "extg", "MULTI_ADDR": "n", "X_ADDR": 29464.323165999998, "Y_ADDR": 35130.203201099997, "BUILDING_I": "100000000010301090604010040800", "OID_": 9, "CHURCH_NAM": "TOA PAYOH METHODIST CHURCH", "CHURCH_ADD": "480 Lorong 2 Toa Payoh Singapore 319641", "CHURCH_COD": 319641.0, "PosCode": "319641" }, "geometry": { "type": "Point", "coordinates": [ 103.846476359300723, 1.333979565416047 ] } },
{ "type": "Feature", "properties": { "OBJECTID_1": 218, "OBJECTID": 159754, "FEA_ID": 211934.0, "BUILDING_N": "CHURCH OF EPIPHANY", "HOUSE_BLK_": "407", "ROAD_NAME": "JALAN KAYU", "POSTAL_COD": "799512", "ADDRESS_TY": "S", "DATA_TYPE_": "extg", "MULTI_ADDR": "n", "X_ADDR": 32195.153323300001, "Y_ADDR": 42630.847139700003, "BUILDING_I": "100000000016719390501222605003", "OID_": 200, "CHURCH_NAM": "CHURCH OF EPIPHANY", "CHURCH_ADD": "407 Jalan Kayu Singapore 799512", "CHURCH_COD": 799512.0, "PosCode": "799512" }, "geometry": { "type": "Point", "coordinates": [ 103.871015486636438, 1.40181244140854 ] } },
{ "type": "Feature", "properties": { "OBJECTID_1": 219, "OBJECTID": 160130, "FEA_ID": 98431.0, "BUILDING_N": "MARANATHA BIBLE PRESBYTERIAN CHURCH", "HOUSE_BLK_": "63", "ROAD_NAME": "CRANWELL ROAD", "POSTAL_COD": "509851", "ADDRESS_TY": "S", "DATA_TYPE_": "estm", "MULTI_ADDR": "n", "X_ADDR": 44474.0778154, "Y_ADDR": 41028.501518600002, "BUILDING_I": "500000000010500090805918040301", "OID_": 224, "CHURCH_NAM": "SAINT GEORGE'S CHAPEL", "CHURCH_ADD": "63 Cranwell Road Singapore 509851", "CHURCH_COD": 509851.0, "PosCode": "509851" }, "geometry": { "type": "Point", "coordinates": [ 103.981350673747556, 1.387317049381637 ] } },
{ "type": "Feature", "properties": { "OBJECTID_1": 220, "OBJECTID": 160193, "FEA_ID": 208447.0, "BUILDING_N": "ZION SERANGOON BIBLE-PRESBYTERIAN CHURCH", "HOUSE_BLK_": "5", "ROAD_NAME": "TAVISTOCK AVENUE", "POSTAL_COD": "555108", "ADDRESS_TY": "S", "DATA_TYPE_": "extg", "MULTI_ADDR": "y", "X_ADDR": 31214.837256700001, "Y_ADDR": 38829.358521100003, "BUILDING_I": "101001000818505050100182605004", "OID_": 137, "CHURCH_NAM": "FAITH BIBLE PRESBYTERIAN CHURCH", "CHURCH_ADD": "5 Tavistock Avenue Singapore 555108", "CHURCH_COD": 555108.0, "PosCode": "555108" }, "geometry": { "type": "Point", "coordinates": [ 103.862206124096119, 1.367433270784319 ] } },
{ "type": "Feature", "properties": { "OBJECTID_1": 221, "OBJECTID": 160213, "FEA_ID": 16702.0, "BUILDING_N": "CHRISTALITE METHODIST HOME", "HOUSE_BLK_": "51", "ROAD_NAME": "MARSILING DRIVE", "POSTAL_COD": "739297", "ADDRESS_TY": "S", "DATA_TYPE_": "extg", "MULTI_ADDR": "n", "X_ADDR": 21551.414034199999, "Y_ADDR": 46984.316087799998, "BUILDING_I": "100000000040703090209273771905", "OID_": 47, "CHURCH_NAM": "CHRISTALITE METHODIST HOME", "CHURCH_ADD": "51 Marsiling Drive Singapore 739297", "CHURCH_COD": 739297.0, "PosCode": "739297" }, "geometry": { "type": "Point", "coordinates": [ 103.775371746986849, 1.441183205922458 ] } },
{ "type": "Feature", "properties": { "OBJECTID_1": 222, "OBJECTID": 160304, "FEA_ID": 35517.0, "BUILDING_N": "EMMANUEL EVANGELICAL FREE CHURCH", "HOUSE_BLK_": "307", "ROAD_NAME": "PASIR PANJANG ROAD", "POSTAL_COD": "118647", "ADDRESS_TY": "S", "DATA_TYPE_": "extg", "MULTI_ADDR": "n", "X_ADDR": 21918.182846, "Y_ADDR": 29972.1769523, "BUILDING_I": "100000000010101080614273656902", "OID_": 70, "CHURCH_NAM": "EMMANUEL EVANGELICAL CHURCH", "CHURCH_ADD": "307 Pasir Panjang Road Singapore 118647", "CHURCH_COD": 118647.0, "PosCode": "118647" }, "geometry": { "type": "Point", "coordinates": [ 103.778670993488191, 1.287331641654152 ] } },
{ "type": "Feature", "properties": { "OBJECTID_1": 223, "OBJECTID": 160312, "FEA_ID": 240782.0, "BUILDING_N": "BARTLEY CHRISTIAN CHURCH", "HOUSE_BLK_": "4", "ROAD_NAME": "HOW SUN DRIVE", "POSTAL_COD": "538526", "ADDRESS_TY": "S", "DATA_TYPE_": "extg", "MULTI_ADDR": "n", "X_ADDR": 33035.119745900003, "Y_ADDR": 36235.705923200003, "BUILDING_I": "100001000313503080502362605006", "OID_": 204, "CHURCH_NAM": "BARTLEY CHRISTIAN CHURCH", "CHURCH_ADD": "4 How Sun Drive Singapore 538526", "CHURCH_COD": 538526.0, "PosCode": "538526" }, "geometry": { "type": "Point", "coordinates": [ 103.878562188147882, 1.343976953494707 ] } },
{ "type": "Feature", "properties": { "OBJECTID_1": 224, "OBJECTID": 160638, "FEA_ID": 91860.0, "BUILDING_N": "ZION BISHAN BIBLE PRESBYTERIAN CHURCH", "HOUSE_BLK_": "4", "ROAD_NAME": "BISHAN STREET 13", "POSTAL_COD": "579792", "ADDRESS_TY": "S", "DATA_TYPE_": "extg", "MULTI_ADDR": "n", "X_ADDR": 30405.083397, "Y_ADDR": 36576.061348800002, "BUILDING_I": "100000000010507090749623676902", "OID_": 138, "CHURCH_NAM": "ZION BIBLE - PRESBYTERIAN CHURCH", "CHURCH_ADD": "4 Bishan Street 13 Singapore 579792", "CHURCH_COD": 579792.0, "PosCode": "579792" }, "geometry": { "type": "Point", "coordinates": [ 103.854929742711207, 1.347055332816366 ] } },
{ "type": "Feature", "properties": { "OBJECTID_1": 225, "OBJECTID": 160727, "FEA_ID": 2054.0, "BUILDING_N": " ", "HOUSE_BLK_": "6", "ROAD_NAME": "MCNAIR ROAD", "POSTAL_COD": "328515", "ADDRESS_TY": "S", "DATA_TYPE_": "extg", "MULTI_ADDR": "n", "X_ADDR": 30687.1934454, "Y_ADDR": 33313.138925, "BUILDING_I": "100000000010302080501052000504", "OID_": 14, "CHURCH_NAM": "LIVING SPRING FELLOWSHIP", "CHURCH_ADD": "6 Mcnair Road Singapore 328515", "CHURCH_COD": 328515.0, "PosCode": "328515" }, "geometry": { "type": "Point", "coordinates": [ 103.857464388512327, 1.317546596563941 ] } },
{ "type": "Feature", "properties": { "OBJECTID_1": 226, "OBJECTID": 161080, "FEA_ID": 223013.0, "BUILDING_N": "COVENANT EVANGELICAL FREE CHURCH", "HOUSE_BLK_": "90", "ROAD_NAME": "WOODLANDS DRIVE 16", "POSTAL_COD": "737878", "ADDRESS_TY": "S", "DATA_TYPE_": "extg", "MULTI_ADDR": "n", "X_ADDR": 23656.181004400001, "Y_ADDR": 45764.981320699997, "BUILDING_I": "100000050319703070807482605005", "OID_": 12, "CHURCH_NAM": "COVENANT EVANGELICAL FREE CHURCH WOODLANDS DRIVE 16", "CHURCH_ADD": "90 Woodlands Drive 16 Singapore 737878", "CHURCH_COD": 737878.0, "PosCode": "737878" }, "geometry": { "type": "Point", "coordinates": [ 103.794285313662172, 1.430156391541348 ] } },
{ "type": "Feature", "properties": { "OBJECTID_1": 227, "OBJECTID": 162166, "FEA_ID": 238458.0, "BUILDING_N": "REVIVAL CENTRE CHURCH", "HOUSE_BLK_": "19", "ROAD_NAME": "MOULMEIN RISE", "POSTAL_COD": "308134", "ADDRESS_TY": "S", "DATA_TYPE_": "PROP", "MULTI_ADDR": "n", "X_ADDR": 29449.547759000001, "Y_ADDR": 33478.6577292, "BUILDING_I": "300000050319300080133042605007", "OID_": 178, "CHURCH_NAM": "REVIVAL CENTRE CHURCH", "CHURCH_ADD": "19 Moulmein Rise Singapore 308134", "CHURCH_COD": 308134.0, "PosCode": "308134" }, "geometry": { "type": "Point", "coordinates": [ 103.846343516775434, 1.319043573490872 ] } },
{ "type": "Feature", "properties": { "OBJECTID_1": 228, "OBJECTID": 162687, "FEA_ID": 232371.0, "BUILDING_N": "SAINT HILDA'S CHURCH", "HOUSE_BLK_": "41", "ROAD_NAME": "CEYLON ROAD", "POSTAL_COD": "429630", "ADDRESS_TY": "S", "DATA_TYPE_": "extg", "MULTI_ADDR": "n", "X_ADDR": 35611.186312400001, "Y_ADDR": 32097.9077096, "BUILDING_I": "100001070314402097613102609007", "OID_": 107, "CHURCH_NAM": "SAINT HILDA'S CHURCH", "CHURCH_ADD": "41 Ceylon Road Singapore 429630", "CHURCH_COD": 429630.0, "PosCode": "429630" }, "geometry": { "type": "Point", "coordinates": [ 103.901708674667447, 1.30655565567242 ] } },
{ "type": "Feature", "properties": { "OBJECTID_1": 229, "OBJECTID": 163398, "FEA_ID": 227617.0, "BUILDING_N": "ST. ANNE'S CHURCH", "HOUSE_BLK_": "66", "ROAD_NAME": "SENGKANG EAST WAY", "POSTAL_COD": "548593", "ADDRESS_TY": "S", "DATA_TYPE_": "extg", "MULTI_ADDR": "n", "X_ADDR": 35608.643589899999, "Y_ADDR": 41466.607700300003, "BUILDING_I": "100003020613504080549632609007", "OID_": 229, "CHURCH_NAM": "CHURCH OF SAINT ANNE", "CHURCH_ADD": "66 Sengkang East Way Singapore 548593", "CHURCH_COD": 548593.0, "PosCode": "548593" }, "geometry": { "type": "Point", "coordinates": [ 103.901688191552736, 1.391282787149731 ] } },
{ "type": "Feature", "properties": { "OBJECTID_1": 230, "OBJECTID": 163499, "FEA_ID": 231346.0, "BUILDING_N": "BETHEL PRESBYTERIAN CHURCH", "HOUSE_BLK_": "12", "ROAD_NAME": "JALAN LATEH", "POSTAL_COD": "359110", "ADDRESS_TY": "S", "DATA_TYPE_": "extg", "MULTI_ADDR": "n", "X_ADDR": 31959.622886900001, "Y_ADDR": 36498.435986900004, "BUILDING_I": "100003020016305590101102609008", "OID_": 141, "CHURCH_NAM": "ALL SAINTS PRESBYTERIAN CHURCH", "CHURCH_ADD": "12 Jalan Lateh Singapore 359110", "CHURCH_COD": 359110.0, "PosCode": "359110" }, "geometry": { "type": "Point", "coordinates": [ 103.868898231183536, 1.346353151561381 ] } },
{ "type": "Feature", "properties": { "OBJECTID_1": 231, "OBJECTID": 164519, "FEA_ID": 97833.0, "BUILDING_N": "BREAKTHROUGH MISSIONS", "HOUSE_BLK_": "24", "ROAD_NAME": "YEW SIANG ROAD", "POSTAL_COD": "117758", "ADDRESS_TY": "S", "DATA_TYPE_": "extg", "MULTI_ADDR": "n", "X_ADDR": 23482.179295000002, "Y_ADDR": 28993.122939500001, "BUILDING_I": "109000000000101070705080000204", "OID_": 28, "CHURCH_NAM": "BREAKTHROUGH MISSION CHURCH", "CHURCH_ADD": "24 Yew Siang Road Singapore 117758", "CHURCH_COD": 117758.0, "PosCode": "117758" }, "geometry": { "type": "Point", "coordinates": [ 103.792724271025705, 1.278477686210209 ] } },
{ "type": "Feature", "properties": { "OBJECTID_1": 232, "OBJECTID": 164564, "FEA_ID": 62381.0, "BUILDING_N": "CHURCH OF THE HOLY SPIRIT", "HOUSE_BLK_": "248", "ROAD_NAME": "UPPER THOMSON ROAD", "POSTAL_COD": "574371", "ADDRESS_TY": "S", "DATA_TYPE_": "extg", "MULTI_ADDR": "n", "X_ADDR": 28021.702421400001, "Y_ADDR": 37409.9139717, "BUILDING_I": "100000000020507040307010020408", "OID_": 160, "CHURCH_NAM": "CHURCH OF THE HOLY SPIRIT", "CHURCH_ADD": "248 Upper Thomson Road Singapore 574371", "CHURCH_COD": 574371.0, "PosCode": "574371" }, "geometry": { "type": "Point", "coordinates": [ 103.833513589009968, 1.354596495424788 ] } },
{ "type": "Feature", "properties": { "OBJECTID_1": 233, "OBJECTID": 165527, "FEA_ID": 47351.0, "BUILDING_N": "MARYMOUNT CENTRE", "HOUSE_BLK_": "790", "ROAD_NAME": "THOMSON ROAD", "POSTAL_COD": "298142", "ADDRESS_TY": "S", "DATA_TYPE_": "extg", "MULTI_ADDR": "n", "X_ADDR": 28514.494162800002, "Y_ADDR": 35676.473778200001, "BUILDING_I": "100000000010209080104020070900", "OID_": 168, "CHURCH_NAM": "GOOD SHEPHERD CONVENT MARYMOUNT CENTRE", "CHURCH_ADD": "790 Thomson Road Singapore 298142", "CHURCH_COD": 298142.0, "PosCode": "298142" }, "geometry": { "type": "Point", "coordinates": [ 103.837941612815541, 1.3389198739606 ] } },
{ "type": "Feature", "properties": { "OBJECTID_1": 234, "OBJECTID": 165666, "FEA_ID": 13371.0, "BUILDING_N": "MARANATHA SEVENTH-DAY ADVENTIST CHURCH", "HOUSE_BLK_": "730", "ROAD_NAME": "DUNMAN ROAD", "POSTAL_COD": "439237", "ADDRESS_TY": "S", "DATA_TYPE_": "extg", "MULTI_ADDR": "n", "X_ADDR": 35372.610826099997, "Y_ADDR": 32382.8115837, "BUILDING_I": "100000000010403090203070070300", "OID_": 20, "CHURCH_NAM": "MARANATHA SEVENTH-DAY ADVENTIST CHURCH", "CHURCH_ADD": "730 Dunman Road Singapore 439237", "CHURCH_COD": 439237.0, "PosCode": "439237" }, "geometry": { "type": "Point", "coordinates": [ 103.89956502989746, 1.309132282161433 ] } }
]
}
