{
"type": "FeatureCollection",
"name": "sg_religious_chinesetemples_main",
"crs": { "type": "name", "properties": { "name": "urn:ogc:def:crs:OGC:1.3:CRS84" } },
"features": [
{ "type": "Feature", "properties": { "OBJECTID_1": 1, "OBJECTID": 13, "FEA_ID": 6530.0, "BUILDING_N": "CHEE GHEE DEANG CHIANG CHING MEOW", "HOUSE_BLK_": "3302", "ROAD_NAME": "COMMONWEALTH AVENUE WEST", "POSTAL_COD": "129582", "ADDRESS_TY": "S", "DATA_TYPE_": "extg", "MULTI_ADDR": "n", "X_ADDR": 20024.790857, "Y_ADDR": 33838.797882899999, "BUILDING_I": "100000000010102090508023030002", "Temple_Nam": "Chee Ghee Deang Chiang Chin Meow Temple", "Address": "3302 Clementi Service Rd / \n3302 Commonwealth Avenue West", "Postal_C_1": "129582", "Temple_Cat": 1 }, "geometry": { "type": "Point", "coordinates": [ 103.761657119641541, 1.322299546999554 ] } },
{ "type": "Feature", "properties": { "OBJECTID_1": 2, "OBJECTID": 206, "FEA_ID": 106802.0, "BUILDING_N": " ", "HOUSE_BLK_": "567", "ROAD_NAME": "BALESTIER ROAD", "POSTAL_COD": "329884", "ADDRESS_TY": "U", "DATA_TYPE_": "extg", "MULTI_ADDR": "n", "X_ADDR": 29224.741632400001, "Y_ADDR": 34293.557902699999, "BUILDING_I": "100000000010302090808040050607", "Temple_Nam": "BUDDHA DHAMMA MANDALA SOCIETY", "Address": "567-A Balestier Road", "Postal_C_1": "329884", "Temple_Cat": 5 }, "geometry": { "type": "Point", "coordinates": [ 103.844323549449911, 1.326413252296706 ] } },
{ "type": "Feature", "properties": { "OBJECTID_1": 3, "OBJECTID": 1092, "FEA_ID": 109595.0, "BUILDING_N": " ", "HOUSE_BLK_": "35", "ROAD_NAME": "LORONG 34 GEYLANG", "POSTAL_COD": "398232", "ADDRESS_TY": "U", "DATA_TYPE_": "extg", "MULTI_ADDR": "y", "X_ADDR": 34094.361426399999, "Y_ADDR": 32784.5871348, "BUILDING_I": "101000000010309080203020000305", "Temple_Nam": "Hang Shan Gong", "Address": "35 Geylang Lor 24", "Postal_C_1": "398232", "Temple_Cat": 2 }, "geometry": { "type": "Point", "coordinates": [ 103.888079427801259, 1.312766075527815 ] } },
{ "type": "Feature", "properties": { "OBJECTID_1": 4, "OBJECTID": 1038, "FEA_ID": 82902.0, "BUILDING_N": "KWAN IMM SEE TEMPLE", "HOUSE_BLK_": "39", "ROAD_NAME": "LORONG 31 GEYLANG", "POSTAL_COD": "388035", "ADDRESS_TY": "S", "DATA_TYPE_": "extg", "MULTI_ADDR": "n", "X_ADDR": 33899.153120199997, "Y_ADDR": 33088.962644899999, "BUILDING_I": "100000000010308080003050000309", "Temple_Nam": "Kwan Imm Sze", "Address": "39 Lorong 31 Geylang", "Postal_C_1": "388035", "Temple_Cat": 1 }, "geometry": { "type": "Point", "coordinates": [ 103.886325443114444, 1.315518776842086 ] } },
{ "type": "Feature", "properties": { "OBJECTID_1": 5, "OBJECTID": 1055, "FEA_ID": 91417.0, "BUILDING_N": "RUMAH TINGGI VIEW", "HOUSE_BLK_": "37", "ROAD_NAME": "JALAN RUMAH TINGGI", "POSTAL_COD": "150037", "ADDRESS_TY": "H", "DATA_TYPE_": "extg", "MULTI_ADDR": "n", "X_ADDR": 25314.950657099998, "Y_ADDR": 30182.6433793, "BUILDING_I": "100000000000105000003070000000", "Temple_Nam": "Ling Gang Dian", "Address": "BLK 37 Jalan Rumah Tinggi  #06-405", "Postal_C_1": "150037", "Temple_Cat": 2 }, "geometry": { "type": "Point", "coordinates": [ 103.809192304796071, 1.28923550020819 ] } },
{ "type": "Feature", "properties": { "OBJECTID_1": 6, "OBJECTID": 1292, "FEA_ID": 140111.0, "BUILDING_N": "AMITABHA BUILDING", "HOUSE_BLK_": "2", "ROAD_NAME": "LORONG 35 GEYLANG", "POSTAL_COD": "387934", "ADDRESS_TY": "K", "DATA_TYPE_": "extg", "MULTI_ADDR": "n", "X_ADDR": 34158.857111999998, "Y_ADDR": 33010.473404600001, "BUILDING_I": "100000900010308070963542646903", "Temple_Nam": "Amitabha Buddhist Society (Singapore)", "Address": "2 Lorong 35 Geylang", "Postal_C_1": "387934", "Temple_Cat": 3 }, "geometry": { "type": "Point", "coordinates": [ 103.888658998110756, 1.31480889744824 ] } },
{ "type": "Feature", "properties": { "OBJECTID_1": 7, "OBJECTID": 1317, "FEA_ID": 82545.0, "BUILDING_N": " ", "HOUSE_BLK_": "561", "ROAD_NAME": "YISHUN RING ROAD", "POSTAL_COD": "768682", "ADDRESS_TY": "K", "DATA_TYPE_": "extg", "MULTI_ADDR": "n", "X_ADDR": 27930.4148484, "Y_ADDR": 46263.218998800003, "BUILDING_I": "109000000040706080648426616902", "Temple_Nam": "Hong San See Temple / Keo Ong Yah Temple", "Address": "561 Yishun Ring Road , #01-01 to #01-05", "Postal_C_1": "768682", "Temple_Cat": 1 }, "geometry": { "type": "Point", "coordinates": [ 103.832693289700131, 1.434662607265152 ] } },
{ "type": "Feature", "properties": { "OBJECTID_1": 8, "OBJECTID": 1792, "FEA_ID": 32304.0, "BUILDING_N": " ", "HOUSE_BLK_": "5", "ROAD_NAME": "BANDA STREET", "POSTAL_COD": "050005", "ADDRESS_TY": "H", "DATA_TYPE_": "extg", "MULTI_ADDR": "n", "X_ADDR": 29123.164458399999, "Y_ADDR": 29291.415674600001, "BUILDING_I": "100000000000005000000050000000", "Temple_Nam": "Chi Feng Chuan Gong Dian", "Address": "APT BLK 5 Bandan  Street #05-64", "Postal_C_1": "050005", "Temple_Cat": 2 }, "geometry": { "type": "Point", "coordinates": [ 103.843410643574174, 1.281175644744677 ] } },
{ "type": "Feature", "properties": { "OBJECTID_1": 9, "OBJECTID": 1979, "FEA_ID": 79897.0, "BUILDING_N": "TOA PAYOH SEU TECK SEAN TONG", "HOUSE_BLK_": "2", "ROAD_NAME": "LORONG 6 TOA PAYOH", "POSTAL_COD": "319377", "ADDRESS_TY": "S", "DATA_TYPE_": "extg", "MULTI_ADDR": "n", "X_ADDR": 30028.196240400001, "Y_ADDR": 35594.161721800003, "BUILDING_I": "109000000010301090367171616809", "Temple_Nam": "Toa Payoh Seu Teck Sean Tong", "Address": "2 Lorong 6 Toa Payoh", "Postal_C_1": "319377", "Temple_Cat": 7 }, "geometry": { "type": "Point", "coordinates": [ 103.85154311253126, 1.338175409144404 ] } },
{ "type": "Feature", "properties": { "OBJECTID_1": 10, "OBJECTID": 2779, "FEA_ID": 31477.0, "BUILDING_N": "KUANG CHEE TNG BUDDHIST ASSOCIATION", "HOUSE_BLK_": "125", "ROAD_NAME": "MOULMEIN ROAD", "POSTAL_COD": "308081", "ADDRESS_TY": "S", "DATA_TYPE_": "extg", "MULTI_ADDR": "n", "X_ADDR": 29738.424457199999, "Y_ADDR": 33433.7221833, "BUILDING_I": "100000000010300080008010010205", "Temple_Nam": "Kuang Chee Tng Buddhist Ass", "Address": "125 Moulmein Road", "Postal_C_1": "308081", "Temple_Cat": 1 }, "geometry": { "type": "Point", "coordinates": [ 103.848939220537957, 1.318637177484795 ] } },
{ "type": "Feature", "properties": { "OBJECTID_1": 11, "OBJECTID": 2816, "FEA_ID": 11682.0, "BUILDING_N": "XIAN ZU GONG TEMPLE", "HOUSE_BLK_": "66", "ROAD_NAME": "AMOY STREET", "POSTAL_COD": "069886", "ADDRESS_TY": "U", "DATA_TYPE_": "extg", "MULTI_ADDR": "y", "X_ADDR": 29470.6590722, "Y_ADDR": 29157.304927900001, "BUILDING_I": "101000000010006090808060000606", "Temple_Nam": "Siang Cho Keong Temple", "Address": "66 Amoy Street", "Postal_C_1": "069886", "Temple_Cat": 1 }, "geometry": { "type": "Point", "coordinates": [ 103.846533009679945, 1.279962780168544 ] } },
{ "type": "Feature", "properties": { "OBJECTID_1": 12, "OBJECTID": 3275, "FEA_ID": 105067.0, "BUILDING_N": "HDB-YISHUN", "HOUSE_BLK_": "832", "ROAD_NAME": "YISHUN STREET 81", "POSTAL_COD": "760832", "ADDRESS_TY": "H", "DATA_TYPE_": "extg", "MULTI_ADDR": "n", "X_ADDR": 28154.338360500002, "Y_ADDR": 44060.132506900001, "BUILDING_I": "100000000000706000803020000000", "Temple_Nam": "Guan Shen Tan", "Address": "BLK 832 Yishun St 81 #02-440", "Postal_C_1": "760832", "Temple_Cat": 2 }, "geometry": { "type": "Point", "coordinates": [ 103.834705443660525, 1.414738688495798 ] } },
{ "type": "Feature", "properties": { "OBJECTID_1": 13, "OBJECTID": 3301, "FEA_ID": 122206.0, "BUILDING_N": "HOCK CHUAN TEMPLE", "HOUSE_BLK_": "1", "ROAD_NAME": "BEDOK NORTH STREET 5", "POSTAL_COD": "486115", "ADDRESS_TY": "S", "DATA_TYPE_": "extg", "MULTI_ADDR": "n", "X_ADDR": 40909.298540900003, "Y_ADDR": 35265.611384900003, "BUILDING_I": "100000000020488267161751090906", "Temple_Nam": "Chwee Bee Temple\nHock Chuan Temple", "Address": "1 Bedok North Street 5", "Postal_C_1": "486115", "Temple_Cat": 3 }, "geometry": { "type": "Point", "coordinates": [ 103.949315985635579, 1.335201431371281 ] } },
{ "type": "Feature", "properties": { "OBJECTID_1": 14, "OBJECTID": 3406, "FEA_ID": 86767.0, "BUILDING_N": " ", "HOUSE_BLK_": "50", "ROAD_NAME": "JOO CHIAT PLACE", "POSTAL_COD": "427774", "ADDRESS_TY": "U", "DATA_TYPE_": "extg", "MULTI_ADDR": "y", "X_ADDR": 35584.5367148, "Y_ADDR": 32849.279017399997, "BUILDING_I": "101000000010402070707040000500", "Temple_Nam": "Xiu Ben Tang", "Address": "50A Joo Chiat Place", "Postal_C_1": "427774", "Temple_Cat": 1 }, "geometry": { "type": "Point", "coordinates": [ 103.901469399268109, 1.313350794772688 ] } },
{ "type": "Feature", "properties": { "OBJECTID_1": 15, "OBJECTID": 3776, "FEA_ID": 116291.0, "BUILDING_N": " ", "HOUSE_BLK_": "61", "ROAD_NAME": "LORONG 27 GEYLANG", "POSTAL_COD": "388186", "ADDRESS_TY": "U", "DATA_TYPE_": "extg", "MULTI_ADDR": "y", "X_ADDR": 33603.7927777, "Y_ADDR": 33137.824856400002, "BUILDING_I": "101000000010308080108060000601", "Temple_Nam": "Xuan Yun Tan Taoist Society", "Address": "61B Lorong 27 Geylang Rd", "Postal_C_1": "388186", "Temple_Cat": 1 }, "geometry": { "type": "Point", "coordinates": [ 103.883671491328073, 1.31596072452388 ] } },
{ "type": "Feature", "properties": { "OBJECTID_1": 16, "OBJECTID": 3910, "FEA_ID": 85150.0, "BUILDING_N": "HDB-WOODLANDS", "HOUSE_BLK_": "722", "ROAD_NAME": "WOODLANDS AVENUE 6", "POSTAL_COD": "730722", "ADDRESS_TY": "H", "DATA_TYPE_": "extg", "MULTI_ADDR": "n", "X_ADDR": 24244.396105700001, "Y_ADDR": 47434.6850404, "BUILDING_I": "100000000000703000702020000000", "Temple_Nam": "Xi Yun Dian", "Address": "722 Woodlands Ave 6", "Postal_C_1": "730722", "Temple_Cat": 1 }, "geometry": { "type": "Point", "coordinates": [ 103.799570752400868, 1.445256669050566 ] } },
{ "type": "Feature", "properties": { "OBJECTID_1": 17, "OBJECTID": 4007, "FEA_ID": 137963.0, "BUILDING_N": "HOCK HUAT KENG TEMPLE", "HOUSE_BLK_": "523", "ROAD_NAME": "YISHUN INDUSTRIAL PARK A", "POSTAL_COD": "768770", "ADDRESS_TY": "S", "DATA_TYPE_": "extg", "MULTI_ADDR": "n", "X_ADDR": 28274.679838100001, "Y_ADDR": 47198.999692500001, "BUILDING_I": "100000000050706080747407626905", "Temple_Nam": "Hock Huat Keng Temple", "Address": "523 Yishun Industrial Park A", "Postal_C_1": "768770", "Temple_Cat": 1 }, "geometry": { "type": "Point", "coordinates": [ 103.835786846756008, 1.443125467216331 ] } },
{ "type": "Feature", "properties": { "OBJECTID_1": 18, "OBJECTID": 4380, "FEA_ID": 211486.0, "BUILDING_N": "UTTAMAYANMUNI BUDDHIST TEMPLE", "HOUSE_BLK_": "32B", "ROAD_NAME": "HONG SAN TERRACE", "POSTAL_COD": "688785", "ADDRESS_TY": "S", "DATA_TYPE_": "extg", "MULTI_ADDR": "n", "X_ADDR": 18273.1317891, "Y_ADDR": 40059.518572000001, "BUILDING_I": "100000000010688082778151090906", "Temple_Nam": "Uttamayanmuni Budh Tp", "Address": "32B Hong San Terrace", "Postal_C_1": "688785", "Temple_Cat": 5 }, "geometry": { "type": "Point", "coordinates": [ 103.745915540554691, 1.378556959096672 ] } },
{ "type": "Feature", "properties": { "OBJECTID_1": 19, "OBJECTID": 5052, "FEA_ID": 1880.0, "BUILDING_N": " ", "HOUSE_BLK_": "31", "ROAD_NAME": "LORONG 27 GEYLANG", "POSTAL_COD": "388165", "ADDRESS_TY": "S", "DATA_TYPE_": "extg", "MULTI_ADDR": "y", "X_ADDR": 33590.097695500001, "Y_ADDR": 33007.945695000002, "BUILDING_I": "101000000010308080106050000301", "Temple_Nam": "Lam Hai Fei Lai Temple", "Address": "31 Lorong 27 Geylang", "Postal_C_1": "388165", "Temple_Cat": 3 }, "geometry": { "type": "Point", "coordinates": [ 103.883548410444988, 1.314786146135728 ] } },
{ "type": "Feature", "properties": { "OBJECTID_1": 20, "OBJECTID": 6195, "FEA_ID": 150282.0, "BUILDING_N": " ", "HOUSE_BLK_": "21", "ROAD_NAME": "SERANGOON NORTH AVENUE 3", "POSTAL_COD": "555862", "ADDRESS_TY": "S", "DATA_TYPE_": "extg", "MULTI_ADDR": "n", "X_ADDR": 32071.860626400001, "Y_ADDR": 39481.674311000002, "BUILDING_I": "100000900010505050846025636904", "Temple_Nam": "Guang Ming Tang", "Address": "Serangoon North Avenue 3", "Postal_C_1": "555862", "Temple_Cat": 1 }, "geometry": { "type": "Point", "coordinates": [ 103.869907162197194, 1.373332475131547 ] } },
{ "type": "Feature", "properties": { "OBJECTID_1": 21, "OBJECTID": 6347, "FEA_ID": 62419.0, "BUILDING_N": "HIAP TIEN KENG LENG POH TIAN TEMPLE", "HOUSE_BLK_": "800", "ROAD_NAME": "TAMPINES ROAD", "POSTAL_COD": "518476", "ADDRESS_TY": "S", "DATA_TYPE_": "extg", "MULTI_ADDR": "n", "X_ADDR": 38797.502497399997, "Y_ADDR": 38949.264957, "BUILDING_I": "100000000020501080407060080000", "Temple_Nam": "Hiap Tien Keng Leng Poh Tien Tp", "Address": "800 Tampines Road", "Postal_C_1": "518476", "Temple_Cat": 1 }, "geometry": { "type": "Point", "coordinates": [ 103.930341636552455, 1.368515862792982 ] } },
{ "type": "Feature", "properties": { "OBJECTID_1": 22, "OBJECTID": 7241, "FEA_ID": 96251.0, "BUILDING_N": "EAN KENG SI BUDDHIST TEMPLE", "HOUSE_BLK_": "48", "ROAD_NAME": "FRANKEL AVENUE", "POSTAL_COD": "458176", "ADDRESS_TY": "S", "DATA_TYPE_": "extg", "MULTI_ADDR": "n", "X_ADDR": 37494.037718300002, "Y_ADDR": 33032.774733899998, "BUILDING_I": "100000000010405080107060000408", "Temple_Nam": "Ean Keng Si Buddhist Tp", "Address": "48 Frankel Avenue", "Postal_C_1": "458176", "Temple_Cat": 3 }, "geometry": { "type": "Point", "coordinates": [ 103.918627256559304, 1.315009733122253 ] } },
{ "type": "Feature", "properties": { "OBJECTID_1": 23, "OBJECTID": 7294, "FEA_ID": 152348.0, "BUILDING_N": "LEONG HWA MONASTERY", "HOUSE_BLK_": "67", "ROAD_NAME": "SHREWSBURY ROAD", "POSTAL_COD": "307834", "ADDRESS_TY": "S", "DATA_TYPE_": "extg", "MULTI_ADDR": "n", "X_ADDR": 29643.369488799999, "Y_ADDR": 33394.535435500002, "BUILDING_I": "109000900112320170823342605000", "Temple_Nam": "Leong Wah Si Temple", "Address": "67 Shrewsbury Road", "Postal_C_1": "307834", "Temple_Cat": 3 }, "geometry": { "type": "Point", "coordinates": [ 103.848085100426871, 1.31828279159706 ] } },
{ "type": "Feature", "properties": { "OBJECTID_1": 24, "OBJECTID": 7728, "FEA_ID": 134607.0, "BUILDING_N": "YEO'S BUILDING", "HOUSE_BLK_": "2", "ROAD_NAME": "TELOK BLANGAH STREET 31", "POSTAL_COD": "108942", "ADDRESS_TY": "S", "DATA_TYPE_": "extg", "MULTI_ADDR": "n", "X_ADDR": 24959.154382799999, "Y_ADDR": 28371.085606100001, "BUILDING_I": "100000900020100080904020000002", "Temple_Nam": "KARMA CHOYING KUNKYAB LING", "Address": "2 Telok Blangah Street 31\n2nd Floor Yeo's Building (???? )", "Postal_C_1": "108942", "Temple_Cat": 6 }, "geometry": { "type": "Point", "coordinates": [ 103.805995502431898, 1.27285237633366 ] } },
{ "type": "Feature", "properties": { "OBJECTID_1": 25, "OBJECTID": 7793, "FEA_ID": 20702.0, "BUILDING_N": "NAM ANN SIANG THEON", "HOUSE_BLK_": "36E", "ROAD_NAME": "PAYA LEBAR CRESCENT", "POSTAL_COD": "536067", "ADDRESS_TY": "S", "DATA_TYPE_": "extg", "MULTI_ADDR": "n", "X_ADDR": 33440.422092300003, "Y_ADDR": 36732.528209800003, "BUILDING_I": "109000000010503060056772696903", "Temple_Nam": "Nam Ann Siang Theon Tp", "Address": "36E Paya Lebar Crescent", "Postal_C_1": "536067", "Temple_Cat": 7 }, "geometry": { "type": "Point", "coordinates": [ 103.882204163974222, 1.34846996553906 ] } },
{ "type": "Feature", "properties": { "OBJECTID_1": 26, "OBJECTID": 8052, "FEA_ID": 48615.0, "BUILDING_N": "HDB-JURONG WEST", "HOUSE_BLK_": "758", "ROAD_NAME": "JURONG WEST STREET 74", "POSTAL_COD": "640758", "ADDRESS_TY": "H", "DATA_TYPE_": "extg", "MULTI_ADDR": "n", "X_ADDR": 13201.758146599999, "Y_ADDR": 36918.026970600004, "BUILDING_I": "100000000000604000705080000000", "Temple_Nam": "Bei Shan Tan", "Address": "BLK 758 Jurong West Street74 #01-96", "Postal_C_1": "640758", "Temple_Cat": 2 }, "geometry": { "type": "Point", "coordinates": [ 103.700347160818524, 1.350144384007816 ] } },
{ "type": "Feature", "properties": { "OBJECTID_1": 27, "OBJECTID": 8363, "FEA_ID": 106867.0, "BUILDING_N": "LUCKY HILL", "HOUSE_BLK_": "107", "ROAD_NAME": "JALAN LANGGAR BEDOK", "POSTAL_COD": "468559", "ADDRESS_TY": "R", "DATA_TYPE_": "extg", "MULTI_ADDR": "n", "X_ADDR": 40887.1006978, "Y_ADDR": 34189.946811000002, "BUILDING_I": "100000000010406080505090010007", "Temple_Nam": " VISUDDHA MEDITATION CENTRE", "Address": "107 Jalan Langgar Bedok", "Postal_C_1": "468559", "Temple_Cat": 5 }, "geometry": { "type": "Point", "coordinates": [ 103.949116072340615, 1.325473531372034 ] } },
{ "type": "Feature", "properties": { "OBJECTID_1": 28, "OBJECTID": 9703, "FEA_ID": 92365.0, "BUILDING_N": "ZHENG JUE TEMPLE", "HOUSE_BLK_": "98", "ROAD_NAME": "LORONG 23 GEYLANG", "POSTAL_COD": "388397", "ADDRESS_TY": "U", "DATA_TYPE_": "extg", "MULTI_ADDR": "n", "X_ADDR": 33371.318651000001, "Y_ADDR": 33318.129873400001, "BUILDING_I": "109000000000308089389172721202", "Temple_Nam": "Zheng Jue Si Temple", "Address": "98 Lorong 23 Geylang", "Postal_C_1": "388397", "Temple_Cat": 3 }, "geometry": { "type": "Point", "coordinates": [ 103.881582625718352, 1.317591380439375 ] } },
{ "type": "Feature", "properties": { "OBJECTID_1": 29, "OBJECTID": 9886, "FEA_ID": 75218.0, "BUILDING_N": "CHWEE LENG TEMPLE", "HOUSE_BLK_": "64", "ROAD_NAME": "GOODLINK PARK", "POSTAL_COD": "759532", "ADDRESS_TY": "S", "DATA_TYPE_": "extg", "MULTI_ADDR": "n", "X_ADDR": 27060.016783, "Y_ADDR": 45460.891994400001, "BUILDING_I": "100000000010705090503020000604", "Temple_Nam": "Chwee Leng Temple", "Address": "64 Goodlink Park", "Postal_C_1": "759532", "Temple_Cat": 1 }, "geometry": { "type": "Point", "coordinates": [ 103.824871961942222, 1.42740663627177 ] } },
{ "type": "Feature", "properties": { "OBJECTID_1": 30, "OBJECTID": 9938, "FEA_ID": 103184.0, "BUILDING_N": "YUN SHAN TEMPLE", "HOUSE_BLK_": "27", "ROAD_NAME": "JALAN LIM TAI SEE", "POSTAL_COD": "268360", "ADDRESS_TY": "S", "DATA_TYPE_": "extg", "MULTI_ADDR": "y", "X_ADDR": 23662.234177300001, "Y_ADDR": 33812.622524099999, "BUILDING_I": "101000000010206080326303606901", "Temple_Nam": "Hoon San Keng Temple", "Address": "27 Jln Lim Tai See", "Postal_C_1": "268360", "Temple_Cat": 1 }, "geometry": { "type": "Point", "coordinates": [ 103.794341462426573, 1.322063559479281 ] } },
{ "type": "Feature", "properties": { "OBJECTID_1": 31, "OBJECTID": 10652, "FEA_ID": 119098.0, "BUILDING_N": "SRI LANKARAMAYA BUDDHIST TEMPLE", "HOUSE_BLK_": "30C", "ROAD_NAME": "ST. MICHAEL'S ROAD", "POSTAL_COD": "328002", "ADDRESS_TY": "S", "DATA_TYPE_": "extg", "MULTI_ADDR": "n", "X_ADDR": 31312.203094799999, "Y_ADDR": 34393.587384, "BUILDING_I": "109000000030302080000020607300", "Temple_Nam": "Sri Lankaramaya Buddhist Temple", "Address": "30c St. Michael's Road", "Postal_C_1": "328002", "Temple_Cat": 5 }, "geometry": { "type": "Point", "coordinates": [ 103.863080536567665, 1.327317728252942 ] } },
{ "type": "Feature", "properties": { "OBJECTID_1": 32, "OBJECTID": 10839, "FEA_ID": 71454.0, "BUILDING_N": "LENG HUP SAN CHEE CHEA TEMPLE", "HOUSE_BLK_": "4", "ROAD_NAME": "TECK WHYE LANE", "POSTAL_COD": "688800", "ADDRESS_TY": "S", "DATA_TYPE_": "extg", "MULTI_ADDR": "n", "X_ADDR": 19134.9279962, "Y_ADDR": 40308.714639799997, "BUILDING_I": "100000000030608080820006676903", "Temple_Nam": "Chee Chea Temple (Lim Chu Gang Ah Ma Keng Road)", "Address": "4 Teck Whye Lane", "Postal_C_1": "688800", "Temple_Cat": 1 }, "geometry": { "type": "Point", "coordinates": [ 103.753659330855044, 1.380810870044514 ] } },
{ "type": "Feature", "properties": { "OBJECTID_1": 33, "OBJECTID": 10972, "FEA_ID": 112123.0, "BUILDING_N": "KWAN YIN CHAN LIN", "HOUSE_BLK_": "203", "ROAD_NAME": "LAVENDER STREET", "POSTAL_COD": "338763", "ADDRESS_TY": "U", "DATA_TYPE_": "extg", "MULTI_ADDR": "y", "X_ADDR": 30954.680334699999, "Y_ADDR": 32939.660397300002, "BUILDING_I": "101000000010303080706030020003", "Temple_Nam": " KWAN YIN CHAN LIN", "Address": "203D Lavender St", "Postal_C_1": "338763", "Temple_Cat": 3 }, "geometry": { "type": "Point", "coordinates": [ 103.859867859751006, 1.314168964802999 ] } },
{ "type": "Feature", "properties": { "OBJECTID_1": 34, "OBJECTID": 11265, "FEA_ID": 134749.0, "BUILDING_N": " ", "HOUSE_BLK_": "4", "ROAD_NAME": "TELOK BLANGAH DRIVE", "POSTAL_COD": "109257", "ADDRESS_TY": "S", "DATA_TYPE_": "extg", "MULTI_ADDR": "n", "X_ADDR": 25575.429448700001, "Y_ADDR": 28384.460453, "BUILDING_I": "100000000020100090205070000004", "Temple_Nam": "Kong Seng Ting Temple", "Address": "4 Telok Blangah Drive", "Postal_C_1": "109257", "Temple_Cat": 1 }, "geometry": { "type": "Point", "coordinates": [ 103.81153295131098, 1.272973386857492 ] } },
{ "type": "Feature", "properties": { "OBJECTID_1": 35, "OBJECTID": 11350, "FEA_ID": 37307.0, "BUILDING_N": "GEYLANG BAHRU VILLE", "HOUSE_BLK_": "57", "ROAD_NAME": "GEYLANG BAHRU", "POSTAL_COD": "330057", "ADDRESS_TY": "H", "DATA_TYPE_": "extg", "MULTI_ADDR": "n", "X_ADDR": 31987.9227555, "Y_ADDR": 33974.969758200001, "BUILDING_I": "100000000000303000005070000000", "Temple_Nam": "Guan Yin Fo Fa Tan", "Address": "BLK 57 Geylang Bahru #01-3513", "Postal_C_1": "330057", "Temple_Cat": 2 }, "geometry": { "type": "Point", "coordinates": [ 103.869152192607217, 1.323531817961988 ] } },
{ "type": "Feature", "properties": { "OBJECTID_1": 36, "OBJECTID": 11927, "FEA_ID": 78300.0, "BUILDING_N": "PENG LAI DIAN TEMPLE", "HOUSE_BLK_": "26", "ROAD_NAME": "ADMIRALTY STREET", "POSTAL_COD": "757613", "ADDRESS_TY": "S", "DATA_TYPE_": "extg", "MULTI_ADDR": "n", "X_ADDR": 25547.4320481, "Y_ADDR": 49162.986275000003, "BUILDING_I": "100000000018785870611232605003", "Temple_Nam": "Bao Gong Temple", "Address": "26 Admiralty St", "Postal_C_1": "757613", "Temple_Cat": 1 }, "geometry": { "type": "Point", "coordinates": [ 103.811279670636296, 1.460886940123651 ] } },
{ "type": "Feature", "properties": { "OBJECTID_1": 37, "OBJECTID": 12001, "FEA_ID": 24745.0, "BUILDING_N": "THAI BUDDHIST TEMPLE", "HOUSE_BLK_": "50B", "ROAD_NAME": "JALAN BUKIT MERAH", "POSTAL_COD": "169545", "ADDRESS_TY": "S", "DATA_TYPE_": "extg", "MULTI_ADDR": "n", "X_ADDR": 27520.575694499999, "Y_ADDR": 28983.114618799998, "BUILDING_I": "109000000030106090524057646904", "Temple_Nam": "Thai Buddhist Temple", "Address": "50B Jalan Bukit Merah", "Postal_C_1": "169545", "Temple_Cat": 5 }, "geometry": { "type": "Point", "coordinates": [ 103.829010772406377, 1.278387494342138 ] } },
{ "type": "Feature", "properties": { "OBJECTID_1": 38, "OBJECTID": 12040, "FEA_ID": 44078.0, "BUILDING_N": "HDB-WOODLANDS", "HOUSE_BLK_": "321", "ROAD_NAME": "WOODLANDS STREET 32", "POSTAL_COD": "730321", "ADDRESS_TY": "H", "DATA_TYPE_": "extg", "MULTI_ADDR": "n", "X_ADDR": 21957.4740184, "Y_ADDR": 45954.562566599998, "BUILDING_I": "100000000000703000302010000000", "Temple_Nam": "San Tan Bai Long Gong", "Address": "Blk 321 Woodlands Street 32 #02-235", "Postal_C_1": "730321", "Temple_Cat": 2 }, "geometry": { "type": "Point", "coordinates": [ 103.779020811115444, 1.431870582798738 ] } },
{ "type": "Feature", "properties": { "OBJECTID_1": 39, "OBJECTID": 12079, "FEA_ID": 94204.0, "BUILDING_N": "CHEE TIAN KENG TEMPLE", "HOUSE_BLK_": "177L", "ROAD_NAME": "LORONG 7 TOA PAYOH", "POSTAL_COD": "319318", "ADDRESS_TY": "U", "DATA_TYPE_": "extg", "MULTI_ADDR": "y", "X_ADDR": 30577.169475899998, "Y_ADDR": 35642.104694599999, "BUILDING_I": "101000000010301090301583696702", "Temple_Nam": "Chee Tian Keng Temple aka Choo Tian Keng", "Address": "177P Lorong 7 Toa Payoh", "Postal_C_1": "319318", "Temple_Cat": 1 }, "geometry": { "type": "Point", "coordinates": [ 103.856475963194896, 1.338608946535054 ] } },
{ "type": "Feature", "properties": { "OBJECTID_1": 40, "OBJECTID": 12328, "FEA_ID": 32684.0, "BUILDING_N": "HDB-PASIR RIS", "HOUSE_BLK_": "105", "ROAD_NAME": "PASIR RIS STREET 12", "POSTAL_COD": "510105", "ADDRESS_TY": "H", "DATA_TYPE_": "extg", "MULTI_ADDR": "n", "X_ADDR": 41824.287914400004, "Y_ADDR": 38940.991930099997, "BUILDING_I": "100000000010501000100352060804", "Temple_Nam": "Xuan Zhong Tan", "Address": "BLK 105 Pasir Ris St 12 #03-99", "Postal_C_1": "510105", "Temple_Cat": 2 }, "geometry": { "type": "Point", "coordinates": [ 103.957539363247847, 1.368439782660297 ] } },
{ "type": "Feature", "properties": { "OBJECTID_1": 41, "OBJECTID": 12416, "FEA_ID": 83549.0, "BUILDING_N": "CHENG KAK SI", "HOUSE_BLK_": "98", "ROAD_NAME": "LORONG 23 GEYLANG", "POSTAL_COD": "388397", "ADDRESS_TY": "U", "DATA_TYPE_": "extg", "MULTI_ADDR": "y", "X_ADDR": 33348.7818367, "Y_ADDR": 33315.620778600001, "BUILDING_I": "101000000010308080309070000908", "Temple_Nam": "Zheng Jue Si Temple", "Address": "98 Lorong 23 Geylang", "Postal_C_1": "388397", "Temple_Cat": 3 }, "geometry": { "type": "Point", "coordinates": [ 103.881380120364284, 1.317568693369568 ] } },
{ "type": "Feature", "properties": { "OBJECTID_1": 42, "OBJECTID": 12698, "FEA_ID": 115665.0, "BUILDING_N": "BAN RUO JIANG TANG TEMPLE", "HOUSE_BLK_": "28", "ROAD_NAME": "LENGKONG DUA", "POSTAL_COD": "417705", "ADDRESS_TY": "S", "DATA_TYPE_": "extg", "MULTI_ADDR": "n", "X_ADDR": 36792.707983599998, "Y_ADDR": 34172.727839300002, "BUILDING_I": "100000000020401070700050000208", "Temple_Nam": "Leng Foong Prajna Temple", "Address": "28 Lengkong Dua", "Postal_C_1": "417705", "Temple_Cat": 3 }, "geometry": { "type": "Point", "coordinates": [ 103.912325787705271, 1.325319264778998 ] } },
{ "type": "Feature", "properties": { "OBJECTID_1": 43, "OBJECTID": 14219, "FEA_ID": 92226.0, "BUILDING_N": "PU TI BUDDHIST TEMPLE", "HOUSE_BLK_": "121C", "ROAD_NAME": "PUNGGOL ROAD", "POSTAL_COD": "546637", "ADDRESS_TY": "S", "DATA_TYPE_": "extg", "MULTI_ADDR": "n", "X_ADDR": 35033.7299356, "Y_ADDR": 40277.648822299998, "BUILDING_I": "100000000010504060603070617201", "Temple_Nam": "Pu Ti Buddhist Temple", "Address": "121C Punggol Road", "Postal_C_1": "546637", "Temple_Cat": 3 }, "geometry": { "type": "Point", "coordinates": [ 103.896521859877367, 1.380530420768691 ] } },
{ "type": "Feature", "properties": { "OBJECTID_1": 44, "OBJECTID": 14583, "FEA_ID": 62608.0, "BUILDING_N": "HEAN THUAN TOH TONG TEMPLE", "HOUSE_BLK_": "89", "ROAD_NAME": "TAMPINES LINK", "POSTAL_COD": "528743", "ADDRESS_TY": "S", "DATA_TYPE_": "extg", "MULTI_ADDR": "n", "X_ADDR": 38707.516175299999, "Y_ADDR": 38869.314136300003, "BUILDING_I": "100000000010502080704739804009", "Temple_Nam": "Hean Thuan Toh Tong Temple", "Address": "89 Tampines Link", "Postal_C_1": "528743", "Temple_Cat": 10 }, "geometry": { "type": "Point", "coordinates": [ 103.929533019090755, 1.367792849661666 ] } },
{ "type": "Feature", "properties": { "OBJECTID_1": 45, "OBJECTID": 15221, "FEA_ID": 149396.0, "BUILDING_N": " ", "HOUSE_BLK_": "5", "ROAD_NAME": "JALAN TAMBUR", "POSTAL_COD": "576778", "ADDRESS_TY": "R", "DATA_TYPE_": "extg", "MULTI_ADDR": "n", "X_ADDR": 27476.522187899998, "Y_ADDR": 38555.626862500001, "BUILDING_I": "100000900010507060707080000005", "Temple_Nam": "Kiew Lee Tong Temple", "Address": "5 Jalan Tambur (off Upper Thomson Road)(????)?", "Postal_C_1": "576778", "Temple_Cat": 1 }, "geometry": { "type": "Point", "coordinates": [ 103.828614771796637, 1.364957909804913 ] } },
{ "type": "Feature", "properties": { "OBJECTID_1": 46, "OBJECTID": 15507, "FEA_ID": 139405.0, "BUILDING_N": "SHAN FOOK TONG TEMPLE", "HOUSE_BLK_": "5", "ROAD_NAME": "LORONG 7 GEYLANG", "POSTAL_COD": "388789", "ADDRESS_TY": "S", "DATA_TYPE_": "extg", "MULTI_ADDR": "n", "X_ADDR": 32704.727572, "Y_ADDR": 32742.578654199999, "BUILDING_I": "109000000010308080758197686807", "Temple_Nam": "Shan Fook Tong Temple", "Address": "5 - 7 Lorong 7 Geylang", "Postal_C_1": "388789", "Temple_Cat": 2 }, "geometry": { "type": "Point", "coordinates": [ 103.875592877199935, 1.312386409206368 ] } },
{ "type": "Feature", "properties": { "OBJECTID_1": 47, "OBJECTID": 15529, "FEA_ID": 12605.0, "BUILDING_N": "JIANG DE TANG TEMPLE", "HOUSE_BLK_": "10", "ROAD_NAME": "RANGOON LANE", "POSTAL_COD": "218506", "ADDRESS_TY": "S", "DATA_TYPE_": "extg", "MULTI_ADDR": "n", "X_ADDR": 30312.0247838, "Y_ADDR": 33180.748277600003, "BUILDING_I": "100000000010201080500060000100", "Temple_Nam": "Ji De Tang Temple", "Address": "10 Rangoon Lane", "Postal_C_1": "218506", "Temple_Cat": 1 }, "geometry": { "type": "Point", "coordinates": [ 103.854093296477842, 1.316349333266623 ] } },
{ "type": "Feature", "properties": { "OBJECTID_1": 48, "OBJECTID": 15690, "FEA_ID": 110765.0, "BUILDING_N": "CHEE LENG LIAN HE MIAO", "HOUSE_BLK_": "525", "ROAD_NAME": "YISHUN INDUSTRIAL PARK A", "POSTAL_COD": "768769", "ADDRESS_TY": "S", "DATA_TYPE_": "extg", "MULTI_ADDR": "n", "X_ADDR": 28280.697052799998, "Y_ADDR": 47241.109570799999, "BUILDING_I": "100000000010786086786891090906", "Temple_Nam": "Chee Hoon Sun Kong Temple", "Address": "527 Yishun Industrial Park A", "Postal_C_1": "768769", "Temple_Cat": 1 }, "geometry": { "type": "Point", "coordinates": [ 103.835840917779677, 1.443506293704718 ] } },
{ "type": "Feature", "properties": { "OBJECTID_1": 49, "OBJECTID": 15768, "FEA_ID": 8403.0, "BUILDING_N": "THE THIAN YEW TONG TEMPLE", "HOUSE_BLK_": "108", "ROAD_NAME": "RANGOON ROAD", "POSTAL_COD": "218389", "ADDRESS_TY": "S", "DATA_TYPE_": "extg", "MULTI_ADDR": "n", "X_ADDR": 30299.605648500001, "Y_ADDR": 33026.5654689, "BUILDING_I": "100000000010201080308090010008", "Temple_Nam": "The Thian Yew Tong Temple", "Address": "108 Rangoon Road", "Postal_C_1": "218389", "Temple_Cat": 1 }, "geometry": { "type": "Point", "coordinates": [ 103.853981692771882, 1.314954959054188 ] } },
{ "type": "Feature", "properties": { "OBJECTID_1": 50, "OBJECTID": 16670, "FEA_ID": 71422.0, "BUILDING_N": "KIM LAN BEO TEMPLE", "HOUSE_BLK_": "119A", "ROAD_NAME": "KIM TIAN ROAD", "POSTAL_COD": "169263", "ADDRESS_TY": "S", "DATA_TYPE_": "extg", "MULTI_ADDR": "n", "X_ADDR": 27333.9365874, "Y_ADDR": 29428.499039900002, "BUILDING_I": "100000000010106090206030615109", "Temple_Nam": "Kim Lan Beo", "Address": "119a Kim Tian Road", "Postal_C_1": "169263", "Temple_Cat": 1 }, "geometry": { "type": "Point", "coordinates": [ 103.827333740826333, 1.282415391739182 ] } },
{ "type": "Feature", "properties": { "OBJECTID_1": 51, "OBJECTID": 17217, "FEA_ID": 95309.0, "BUILDING_N": "POH CHUNG TIAN CHOR SIAN TONG", "HOUSE_BLK_": "201", "ROAD_NAME": "LORONG 6 TOA PAYOH", "POSTAL_COD": "319385", "ADDRESS_TY": "S", "DATA_TYPE_": "extg", "MULTI_ADDR": "n", "X_ADDR": 30538.9869593, "Y_ADDR": 34905.2963428, "BUILDING_I": "100000000010301090308050020001", "Temple_Nam": "Poh Chung Tian Chor Sian Tong", "Address": "201 Lorong 6 Toa Payoh", "Postal_C_1": "319385", "Temple_Cat": 1 }, "geometry": { "type": "Point", "coordinates": [ 103.856132809340011, 1.331945516499535 ] } },
{ "type": "Feature", "properties": { "OBJECTID_1": 52, "OBJECTID": 17239, "FEA_ID": 107681.0, "BUILDING_N": " ", "HOUSE_BLK_": "55", "ROAD_NAME": "LORONG 4 GEYLANG", "POSTAL_COD": "399295", "ADDRESS_TY": "S", "DATA_TYPE_": "extg", "MULTI_ADDR": "n", "X_ADDR": 32792.039899299998, "Y_ADDR": 32403.199673700001, "BUILDING_I": "100000000010309090209050000505", "Temple_Nam": " KSHITIGARBHA BUDDHIST SOCIETY", "Address": "55 Lorong 4 Geylang", "Postal_C_1": "399295", "Temple_Cat": 3 }, "geometry": { "type": "Point", "coordinates": [ 103.876377368911236, 1.309317173160999 ] } },
{ "type": "Feature", "properties": { "OBJECTID_1": 53, "OBJECTID": 17770, "FEA_ID": 128081.0, "BUILDING_N": "CHEK SIAN TNG TEMPLE", "HOUSE_BLK_": "10", "ROAD_NAME": "ANG MO KIO STREET 44", "POSTAL_COD": "569255", "ADDRESS_TY": "S", "DATA_TYPE_": "estm", "MULTI_ADDR": "n", "X_ADDR": 30746.161016800001, "Y_ADDR": 38630.338295299996, "BUILDING_I": "500000000000506090205050000000", "Temple_Nam": "Chek Sian Tng Temple", "Address": "10 Ang Mo Kio Street 44", "Postal_C_1": "569255", "Temple_Cat": 1 }, "geometry": { "type": "Point", "coordinates": [ 103.857994724349481, 1.365633450621571 ] } },
{ "type": "Feature", "properties": { "OBJECTID_1": 54, "OBJECTID": 18745, "FEA_ID": 214581.0, "BUILDING_N": " ", "HOUSE_BLK_": "9", "ROAD_NAME": "CHWEE CHIAN ROAD", "POSTAL_COD": "117488", "ADDRESS_TY": "K", "DATA_TYPE_": "estm", "MULTI_ADDR": "n", "X_ADDR": 23024.886904300001, "Y_ADDR": 29087.239933299999, "BUILDING_I": "500000000010101070428184050801", "Temple_Nam": "Buddhist Fellowship Poh Ern Shin Temple", "Address": "9 Chwee Chian Road (S 119753?)", "Postal_C_1": "117488", "Temple_Cat": 3 }, "geometry": { "type": "Point", "coordinates": [ 103.788615314009576, 1.279328778691831 ] } },
{ "type": "Feature", "properties": { "OBJECTID_1": 55, "OBJECTID": 19724, "FEA_ID": 59434.0, "BUILDING_N": "NAM HONG SIANG THEON TEMPLE", "HOUSE_BLK_": "475", "ROAD_NAME": "YISHUN RING ROAD", "POSTAL_COD": "768678", "ADDRESS_TY": "S", "DATA_TYPE_": "extg", "MULTI_ADDR": "n", "X_ADDR": 27419.861975299998, "Y_ADDR": 46159.302654400002, "BUILDING_I": "100000000010706080647085686802", "Temple_Nam": "\nHe Bi Shan Gong", "Address": "475 Yishun Ring Road", "Postal_C_1": "768678", "Temple_Cat": 1 }, "geometry": { "type": "Point", "coordinates": [ 103.828105488603157, 1.433722819491059 ] } },
{ "type": "Feature", "properties": { "OBJECTID_1": 56, "OBJECTID": 19871, "FEA_ID": 137315.0, "BUILDING_N": "TAN KONG TIAN TEMPLE", "HOUSE_BLK_": "14", "ROAD_NAME": "JALAN KEBAYA", "POSTAL_COD": "278319", "ADDRESS_TY": "S", "DATA_TYPE_": "extg", "MULTI_ADDR": "n", "X_ADDR": 21997.380811300001, "Y_ADDR": 33038.967230399998, "BUILDING_I": "100000000010207080321094696806", "Temple_Nam": "Tan Kong Tian Temple", "Address": "14 Jalan Kebaya", "Postal_C_1": "278319", "Temple_Cat": 1 }, "geometry": { "type": "Point", "coordinates": [ 103.779382030091753, 1.315066615685782 ] } },
{ "type": "Feature", "properties": { "OBJECTID_1": 57, "OBJECTID": 19911, "FEA_ID": 17071.0, "BUILDING_N": "HDB-HOUGANG", "HOUSE_BLK_": "1", "ROAD_NAME": "HOUGANG AVENUE 3", "POSTAL_COD": "530001", "ADDRESS_TY": "H", "DATA_TYPE_": "extg", "MULTI_ADDR": "n", "X_ADDR": 34642.885666800001, "Y_ADDR": 38464.751146000002, "BUILDING_I": "100000000000503000000010000000", "Temple_Nam": "Qi Yin Tan", "Address": "Blk 1 Hougang Ave 3, #02-300", "Postal_C_1": "530001", "Temple_Cat": 2 }, "geometry": { "type": "Point", "coordinates": [ 103.893009428981301, 1.364135322321221 ] } },
{ "type": "Feature", "properties": { "OBJECTID_1": 58, "OBJECTID": 19994, "FEA_ID": 56868.0, "BUILDING_N": "HDB-BUKIT BATOK", "HOUSE_BLK_": "178", "ROAD_NAME": "BUKIT BATOK WEST AVENUE 8", "POSTAL_COD": "650178", "ADDRESS_TY": "H", "DATA_TYPE_": "extg", "MULTI_ADDR": "n", "X_ADDR": 17904.811712800001, "Y_ADDR": 36465.842423200003, "BUILDING_I": "100000000000605000107080000000", "Temple_Nam": "Liam Yim Tham", "Address": "Blk 178 Bukit Batok West Ave 8", "Postal_C_1": "650178", "Temple_Cat": 2 }, "geometry": { "type": "Point", "coordinates": [ 103.742607133297355, 1.346056949682009 ] } },
{ "type": "Feature", "properties": { "OBJECTID_1": 59, "OBJECTID": 21092, "FEA_ID": 24392.0, "BUILDING_N": "GEYLANG CONSERVATION AREA", "HOUSE_BLK_": "217", "ROAD_NAME": "GEYLANG ROAD", "POSTAL_COD": "389277", "ADDRESS_TY": "S", "DATA_TYPE_": "extg", "MULTI_ADDR": "n", "X_ADDR": 32761.208658700001, "Y_ADDR": 32705.1291676, "BUILDING_I": "100000000010308090207070020107", "Temple_Nam": "PU XIAN BUDDHIST SOCIETY", "Address": "217-A Lorong 7 Geylang Road", "Postal_C_1": "389277", "Temple_Cat": 3 }, "geometry": { "type": "Point", "coordinates": [ 103.876100381792497, 1.31204772080991 ] } },
{ "type": "Feature", "properties": { "OBJECTID_1": 60, "OBJECTID": 21236, "FEA_ID": 119302.0, "BUILDING_N": "HDB-JURONG EAST", "HOUSE_BLK_": "236", "ROAD_NAME": "JURONG EAST STREET 21", "POSTAL_COD": "600236", "ADDRESS_TY": "H", "DATA_TYPE_": "extg", "MULTI_ADDR": "n", "X_ADDR": 17851.597812700002, "Y_ADDR": 35839.754840100002, "BUILDING_I": "100000000000600000203060000000", "Temple_Nam": "Xuan Wu Shan", "Address": "BLK 236 Jurong East St 21 #08-344", "Postal_C_1": "600236", "Temple_Cat": 2 }, "geometry": { "type": "Point", "coordinates": [ 103.742129184272514, 1.340394824894861 ] } },
{ "type": "Feature", "properties": { "OBJECTID_1": 61, "OBJECTID": 21237, "FEA_ID": 119402.0, "BUILDING_N": "TENG SAN TIANG HOCK TEMPLE", "HOUSE_BLK_": "489", "ROAD_NAME": "SERANGOON NORTH AVENUE 1", "POSTAL_COD": "555891", "ADDRESS_TY": "S", "DATA_TYPE_": "extg", "MULTI_ADDR": "n", "X_ADDR": 32376.709588400001, "Y_ADDR": 38979.601921499998, "BUILDING_I": "100000000020505050809010040809", "Temple_Nam": "Teng San Tian Hock Temple", "Address": "489 Serangoon North Avenue 1", "Postal_C_1": "555891", "Temple_Cat": 1 }, "geometry": { "type": "Point", "coordinates": [ 103.872646373914932, 1.368791869155691 ] } },
{ "type": "Feature", "properties": { "OBJECTID_1": 62, "OBJECTID": 21384, "FEA_ID": 60748.0, "BUILDING_N": "THONG WHYE TEMPLE", "HOUSE_BLK_": "212", "ROAD_NAME": "JURONG EAST STREET 32", "POSTAL_COD": "609474", "ADDRESS_TY": "S", "DATA_TYPE_": "extg", "MULTI_ADDR": "n", "X_ADDR": 17002.030991, "Y_ADDR": 36435.356661400001, "BUILDING_I": "100000000010600299477641090907", "Temple_Nam": "Tong Whye Temple", "Address": "212 Jurong East Street 32", "Postal_C_1": "609474", "Temple_Cat": 1 }, "geometry": { "type": "Point", "coordinates": [ 103.734495114692734, 1.345780930442687 ] } },
{ "type": "Feature", "properties": { "OBJECTID_1": 63, "OBJECTID": 21396, "FEA_ID": 66883.0, "BUILDING_N": "HDB-SERANGOON NORTH EST", "HOUSE_BLK_": "547", "ROAD_NAME": "SERANGOON NORTH AVENUE 3", "POSTAL_COD": "550547", "ADDRESS_TY": "H", "DATA_TYPE_": "extg", "MULTI_ADDR": "n", "X_ADDR": 32154.072859100001, "Y_ADDR": 39528.074645699999, "BUILDING_I": "100000000000505000504070000000", "Temple_Nam": "Nam Im Tuan Temple", "Address": "BLK 547 Serangoon North Ave 3 #12-152", "Postal_C_1": "550547", "Temple_Cat": 2 }, "geometry": { "type": "Point", "coordinates": [ 103.87064590430505, 1.373752091463001 ] } },
{ "type": "Feature", "properties": { "OBJECTID_1": 64, "OBJECTID": 21818, "FEA_ID": 39030.0, "BUILDING_N": "TONG XIAN TNG VEGETARIAN TEMPLE", "HOUSE_BLK_": "31", "ROAD_NAME": "DEVONSHIRE ROAD", "POSTAL_COD": "239851", "ADDRESS_TY": "S", "DATA_TYPE_": "extg", "MULTI_ADDR": "n", "X_ADDR": 28467.918606700001, "Y_ADDR": 31177.9117391, "BUILDING_I": "100000000010203090805010000301", "Temple_Nam": "Tong Sian Tng Temple", "Address": "31 Devonshire Road", "Postal_C_1": "239851", "Temple_Cat": 7 }, "geometry": { "type": "Point", "coordinates": [ 103.837523035550262, 1.29823646900869 ] } },
{ "type": "Feature", "properties": { "OBJECTID_1": 65, "OBJECTID": 23036, "FEA_ID": 1872.0, "BUILDING_N": "MUN SUN FOOK TUCK CHEE TEMPLE", "HOUSE_BLK_": "124", "ROAD_NAME": "SIMS DRIVE", "POSTAL_COD": "387379", "ADDRESS_TY": "S", "DATA_TYPE_": "extg", "MULTI_ADDR": "n", "X_ADDR": 32978.535415099999, "Y_ADDR": 33398.538951399998, "BUILDING_I": "100000000000308070307090000000", "Temple_Nam": "Man San Fook Tuck Chee Temple", "Address": "124 Sims Drive", "Postal_C_1": "387379", "Temple_Cat": 1 }, "geometry": { "type": "Point", "coordinates": [ 103.878053281119222, 1.318318637870521 ] } },
{ "type": "Feature", "properties": { "OBJECTID_1": 66, "OBJECTID": 23319, "FEA_ID": 183280.0, "BUILDING_N": "PAO KWAN FOH TANG TEMPLE", "HOUSE_BLK_": "21", "ROAD_NAME": "SHUNFU ROAD", "POSTAL_COD": "575741", "ADDRESS_TY": "S", "DATA_TYPE_": "prop", "MULTI_ADDR": "n", "X_ADDR": 28356.5970748, "Y_ADDR": 37128.499319199997, "BUILDING_I": "300000000010507150744211090907", "Temple_Nam": "Pao Kwan Foh TangTp", "Address": "21 Shunfu Road", "Postal_C_1": "575741", "Temple_Cat": 5 }, "geometry": { "type": "Point", "coordinates": [ 103.836522830967837, 1.352051479210501 ] } },
{ "type": "Feature", "properties": { "OBJECTID_1": 67, "OBJECTID": 23532, "FEA_ID": 219300.0, "BUILDING_N": "LOYANG TUA PEK KONG TEMPLE", "HOUSE_BLK_": "20", "ROAD_NAME": "LOYANG WAY", "POSTAL_COD": "508774", "ADDRESS_TY": "S", "DATA_TYPE_": "extg", "MULTI_ADDR": "n", "X_ADDR": 43190.396160099997, "Y_ADDR": 39235.155143600001, "BUILDING_I": "100001020417500080707142605003", "Temple_Nam": "Loyang Tua Pek Kong Temple", "Address": "20 Loyang Way", "Postal_C_1": "508774", "Temple_Cat": 1 }, "geometry": { "type": "Point", "coordinates": [ 103.969814918893192, 1.371099410784419 ] } },
{ "type": "Feature", "properties": { "OBJECTID_1": 68, "OBJECTID": 24229, "FEA_ID": 88218.0, "BUILDING_N": " ", "HOUSE_BLK_": "772", "ROAD_NAME": "LORONG 3 GEYLANG", "POSTAL_COD": "389087", "ADDRESS_TY": "S", "DATA_TYPE_": "extg", "MULTI_ADDR": "n", "X_ADDR": 32430.556543300001, "Y_ADDR": 33438.174633900002, "BUILDING_I": "100000000010308090008070070702", "Temple_Nam": "Kiew Thian Hian Keng", "Address": "772, Lorong 3, Geylang Road", "Postal_C_1": "389087", "Temple_Cat": 1 }, "geometry": { "type": "Point", "coordinates": [ 103.873129415518704, 1.3186771732511 ] } },
{ "type": "Feature", "properties": { "OBJECTID_1": 69, "OBJECTID": 24501, "FEA_ID": 101467.0, "BUILDING_N": "GEYLANG EAST INDUSTRIAL ESTATE (BLOCK 1016)", "HOUSE_BLK_": "1016", "ROAD_NAME": "GEYLANG EAST AVENUE 3", "POSTAL_COD": "389731", "ADDRESS_TY": "H", "DATA_TYPE_": "extg", "MULTI_ADDR": "n", "X_ADDR": 34466.632110300001, "Y_ADDR": 33456.535767900001, "BUILDING_I": "100000000000308090703010000000", "Temple_Nam": "Pi Li Tan", "Address": "Geylang East Ave 3 Blk 1016", "Postal_C_1": "389731", "Temple_Cat": 2 }, "geometry": { "type": "Point", "coordinates": [ 103.891424603616798, 1.318842862374108 ] } },
{ "type": "Feature", "properties": { "OBJECTID_1": 70, "OBJECTID": 24815, "FEA_ID": 153920.0, "BUILDING_N": " ", "HOUSE_BLK_": "15", "ROAD_NAME": "WOODLANDS INDUSTRIAL PARK E4", "POSTAL_COD": "757749", "ADDRESS_TY": "S", "DATA_TYPE_": "extg", "MULTI_ADDR": "n", "X_ADDR": 23770.063566600002, "Y_ADDR": 48103.615985900004, "BUILDING_I": "109000000030705070724594666905", "Temple_Nam": "Fei Long Gong", "Address": "15 Woodlands Industrial Park E4", "Postal_C_1": "757749", "Temple_Cat": 1 }, "geometry": { "type": "Point", "coordinates": [ 103.795308303804674, 1.451306168409708 ] } },
{ "type": "Feature", "properties": { "OBJECTID_1": 71, "OBJECTID": 24910, "FEA_ID": 26883.0, "BUILDING_N": "THE MORNING GLORY", "HOUSE_BLK_": "24", "ROAD_NAME": "SIRAT ROAD", "POSTAL_COD": "545782", "ADDRESS_TY": "A", "DATA_TYPE_": "extg", "MULTI_ADDR": "n", "X_ADDR": 32826.213149099996, "Y_ADDR": 37649.673602100003, "BUILDING_I": "109000000016554950728022605002", "Temple_Nam": "Jayamangal Buddhist Temple, The", "Address": "24 Sirat Road Singapore 545782", "Postal_C_1": "545782", "Temple_Cat": 5 }, "geometry": { "type": "Point", "coordinates": [ 103.876685261774639, 1.356764405078515 ] } },
{ "type": "Feature", "properties": { "OBJECTID_1": 72, "OBJECTID": 25949, "FEA_ID": 97776.0, "BUILDING_N": "CHONG TUCK TONG CHINEESE TEMPLE", "HOUSE_BLK_": "477", "ROAD_NAME": "GEYLANG ROAD", "POSTAL_COD": "389436", "ADDRESS_TY": "S", "DATA_TYPE_": "extg", "MULTI_ADDR": "n", "X_ADDR": 33573.170446700002, "Y_ADDR": 32876.563546500001, "BUILDING_I": "100000000010308090403060040707", "Temple_Nam": "Chong Tuck Tong Chinese Temple", "Address": "477 Geylang Road", "Postal_C_1": "389436", "Temple_Cat": 3 }, "geometry": { "type": "Point", "coordinates": [ 103.883396287156984, 1.313597975932381 ] } },
{ "type": "Feature", "properties": { "OBJECTID_1": 73, "OBJECTID": 26267, "FEA_ID": 134987.0, "BUILDING_N": "TELOK AYER CONSERVATION AREA", "HOUSE_BLK_": "293", "ROAD_NAME": "SOUTH BRIDGE ROAD", "POSTAL_COD": "058837", "ADDRESS_TY": "U", "DATA_TYPE_": "extg", "MULTI_ADDR": "y", "X_ADDR": 29302.187232699998, "Y_ADDR": 29313.666183900001, "BUILDING_I": "101000000010005080803070020903", "Temple_Nam": "Buddha Tooth Relic Temple", "Address": "293 South Bridge Road", "Postal_C_1": "058837", "Temple_Cat": 3 }, "geometry": { "type": "Point", "coordinates": [ 103.845019232355128, 1.2813768635497 ] } },
{ "type": "Feature", "properties": { "OBJECTID_1": 74, "OBJECTID": 26546, "FEA_ID": 108683.0, "BUILDING_N": " ", "HOUSE_BLK_": "432", "ROAD_NAME": "LORONG 3 GEYLANG", "POSTAL_COD": "388903", "ADDRESS_TY": "S", "DATA_TYPE_": "extg", "MULTI_ADDR": "n", "X_ADDR": 32527.607897099999, "Y_ADDR": 33277.426518, "BUILDING_I": "100000000010308080900030040302", "Temple_Nam": "Peng Hong Temple", "Address": "432 Geylang Lor 3", "Postal_C_1": "388903", "Temple_Cat": 1 }, "geometry": { "type": "Point", "coordinates": [ 103.874001448044481, 1.317223409863989 ] } },
{ "type": "Feature", "properties": { "OBJECTID_1": 75, "OBJECTID": 26819, "FEA_ID": 145811.0, "BUILDING_N": "TAMPINES SOKA CENTRE", "HOUSE_BLK_": "5", "ROAD_NAME": "TAMPINES STREET 92", "POSTAL_COD": "528890", "ADDRESS_TY": "S", "DATA_TYPE_": "extg", "MULTI_ADDR": "n", "X_ADDR": 40240.432096500001, "Y_ADDR": 36277.366866800003, "BUILDING_I": "100000900010582382869401090906", "Temple_Nam": "Tampines Soka Centre", "Address": "5 Tampines Street 92", "Postal_C_1": "528890", "Temple_Cat": 3 }, "geometry": { "type": "Point", "coordinates": [ 103.943306255056655, 1.344351649639335 ] } },
{ "type": "Feature", "properties": { "OBJECTID_1": 76, "OBJECTID": 27310, "FEA_ID": 129629.0, "BUILDING_N": " ", "HOUSE_BLK_": "2", "ROAD_NAME": "JURONG WEST STREET 76", "POSTAL_COD": "648370", "ADDRESS_TY": "S", "DATA_TYPE_": "extg", "MULTI_ADDR": "n", "X_ADDR": 13567.9978438, "Y_ADDR": 36546.716810999998, "BUILDING_I": "100000000040684382337001090906", "Temple_Nam": "Dou Tian Gong Temple", "Address": "2 Jurong West Street 76", "Postal_C_1": "648370", "Temple_Cat": 1 }, "geometry": { "type": "Point", "coordinates": [ 103.703638224404017, 1.34678657462903 ] } },
{ "type": "Feature", "properties": { "OBJECTID_1": 77, "OBJECTID": 27516, "FEA_ID": 102417.0, "BUILDING_N": "CHEO LIM CHIN SUN LIAP HUP KENG TEMPLE", "HOUSE_BLK_": "7", "ROAD_NAME": "BEDOK NORTH STREET 5", "POSTAL_COD": "485874", "ADDRESS_TY": "S", "DATA_TYPE_": "extg", "MULTI_ADDR": "n", "X_ADDR": 40879.167338200001, "Y_ADDR": 35304.388970100001, "BUILDING_I": "109000000030408050857647636905", "Temple_Nam": "Chin Pin Tze Temple", "Address": "7 Bedok North Street 5, Ave 4.", "Postal_C_1": "485874", "Temple_Cat": 1 }, "geometry": { "type": "Point", "coordinates": [ 103.949045256396289, 1.335552134355747 ] } },
{ "type": "Feature", "properties": { "OBJECTID_1": 78, "OBJECTID": 27716, "FEA_ID": 84700.0, "BUILDING_N": "ENG KONG PARK", "HOUSE_BLK_": "29", "ROAD_NAME": "ENG KONG TERRACE", "POSTAL_COD": "599002", "ADDRESS_TY": "R", "DATA_TYPE_": "extg", "MULTI_ADDR": "y", "X_ADDR": 20778.959743799998, "Y_ADDR": 35372.250909499999, "BUILDING_I": "101000000010509090000020000209", "Temple_Nam": "HE BUDDHA VOYAGE SOCIETY", "Address": "29 Eng Kong Terrace", "Postal_C_1": "599002", "Temple_Cat": 3 }, "geometry": { "type": "Point", "coordinates": [ 103.768433359713214, 1.336167731509372 ] } },
{ "type": "Feature", "properties": { "OBJECTID_1": 79, "OBJECTID": 28047, "FEA_ID": 174834.0, "BUILDING_N": "BO TIEN TEMPLE", "HOUSE_BLK_": "407A", "ROAD_NAME": "WOODLANDS ROAD", "POSTAL_COD": "678010", "ADDRESS_TY": "S", "DATA_TYPE_": "extg", "MULTI_ADDR": "n", "X_ADDR": 19247.161134999998, "Y_ADDR": 42265.175966000003, "BUILDING_I": "100000000000607080001000000000", "Temple_Nam": "Bo Tien Temple", "Address": "407a Woodlands Road", "Postal_C_1": "678010", "Temple_Cat": 1 }, "geometry": { "type": "Point", "coordinates": [ 103.754667242963734, 1.398504421506088 ] } },
{ "type": "Feature", "properties": { "OBJECTID_1": 80, "OBJECTID": 28048, "FEA_ID": 175187.0, "BUILDING_N": "THIAN LING CHONG TOH TONG", "HOUSE_BLK_": "472", "ROAD_NAME": "CHANGI ROAD", "POSTAL_COD": "419890", "ADDRESS_TY": "S", "DATA_TYPE_": "extg", "MULTI_ADDR": "n", "X_ADDR": 36914.010439400001, "Y_ADDR": 33440.041442100002, "BUILDING_I": "100000000010401090809000040702", "Temple_Nam": "Thian Ling Chong Toh Tong Temple", "Address": "472 Changi Road", "Postal_C_1": "419890", "Temple_Cat": 10 }, "geometry": { "type": "Point", "coordinates": [ 103.913415542554617, 1.318693079897725 ] } },
{ "type": "Feature", "properties": { "OBJECTID_1": 81, "OBJECTID": 28103, "FEA_ID": 183506.0, "BUILDING_N": "SINGAPORE BUDDHIST YOUTH MISSION", "HOUSE_BLK_": "3306", "ROAD_NAME": "COMMONWEALTH AVENUE WEST", "POSTAL_COD": "129583", "ADDRESS_TY": "S", "DATA_TYPE_": "extg", "MULTI_ADDR": "n", "X_ADDR": 20048.292552300001, "Y_ADDR": 33917.219316299997, "BUILDING_I": "100000000112142790508232605000", "Temple_Nam": "Singapore Buddhist Youth Mission", "Address": "3306 Commonwealth Avenue West", "Postal_C_1": "129583", "Temple_Cat": 3 }, "geometry": { "type": "Point", "coordinates": [ 103.761868274374137, 1.323008768343811 ] } },
{ "type": "Feature", "properties": { "OBJECTID_1": 82, "OBJECTID": 28373, "FEA_ID": 25097.0, "BUILDING_N": "ZHONG HUA TEMPLE", "HOUSE_BLK_": "145", "ROAD_NAME": "SIMS AVENUE", "POSTAL_COD": "387467", "ADDRESS_TY": "U", "DATA_TYPE_": "extg", "MULTI_ADDR": "y", "X_ADDR": 33002.5227619, "Y_ADDR": 32969.4115552, "BUILDING_I": "101000000010308070406070010405", "Temple_Nam": "Zhong Hua Temple", "Address": "145 Sims Avenue", "Postal_C_1": "387467", "Temple_Cat": 1 }, "geometry": { "type": "Point", "coordinates": [ 103.878268750084104, 1.31443775886918 ] } },
{ "type": "Feature", "properties": { "OBJECTID_1": 83, "OBJECTID": 29046, "FEA_ID": 82279.0, "BUILDING_N": "PHOK KIU SIANG TNG TP", "HOUSE_BLK_": "15", "ROAD_NAME": "SIMON LANE", "POSTAL_COD": "546040", "ADDRESS_TY": "S", "DATA_TYPE_": "extg", "MULTI_ADDR": "n", "X_ADDR": 33700.682197800001, "Y_ADDR": 38306.4231975, "BUILDING_I": "100000000010504060004000000105", "Temple_Nam": "Phoh Kiu Siang Tng Tp", "Address": "15 Simon Lane", "Postal_C_1": "546040", "Temple_Cat": 7 }, "geometry": { "type": "Point", "coordinates": [ 103.884543061651598, 1.362703657223508 ] } },
{ "type": "Feature", "properties": { "OBJECTID_1": 84, "OBJECTID": 31588, "FEA_ID": 24786.0, "BUILDING_N": "HDB-WOODLANDS", "HOUSE_BLK_": "631", "ROAD_NAME": "WOODLANDS RING ROAD", "POSTAL_COD": "730631", "ADDRESS_TY": "H", "DATA_TYPE_": "extg", "MULTI_ADDR": "n", "X_ADDR": 24447.943544199999, "Y_ADDR": 46335.990072200002, "BUILDING_I": "100000000000703000603010000000", "Temple_Nam": "Bi Shan Shan Shi Tan", "Address": "BLK 631 Woodlands Ring Road #02-204", "Postal_C_1": "730631", "Temple_Cat": 2 }, "geometry": { "type": "Point", "coordinates": [ 103.801399966288443, 1.435320498239883 ] } },
{ "type": "Feature", "properties": { "OBJECTID_1": 85, "OBJECTID": 32308, "FEA_ID": 98399.0, "BUILDING_N": " ", "HOUSE_BLK_": "9", "ROAD_NAME": "WOLSKEL ROAD", "POSTAL_COD": "357961", "ADDRESS_TY": "S", "DATA_TYPE_": "extg", "MULTI_ADDR": "n", "X_ADDR": 32171.0082803, "Y_ADDR": 36470.607542199999, "BUILDING_I": "100000000010305070906010000009", "Temple_Nam": "Chong Fu Tang", "Address": "9 Wolskel Road", "Postal_C_1": "357961", "Temple_Cat": 1 }, "geometry": { "type": "Point", "coordinates": [ 103.870797654875474, 1.346101452418942 ] } },
{ "type": "Feature", "properties": { "OBJECTID_1": 86, "OBJECTID": 32557, "FEA_ID": 73074.0, "BUILDING_N": "CHI HOCK KENG TEMPLE", "HOUSE_BLK_": "15", "ROAD_NAME": "FAJAR ROAD", "POSTAL_COD": "679003", "ADDRESS_TY": "S", "DATA_TYPE_": "extg", "MULTI_ADDR": "n", "X_ADDR": 20885.212352800001, "Y_ADDR": 40608.000225299998, "BUILDING_I": "100000000020607090070134666900", "Temple_Nam": "Chi Hock Keng Temple", "Address": "15 Fajar Road", "Postal_C_1": "679003", "Temple_Cat": 1 }, "geometry": { "type": "Point", "coordinates": [ 103.769386854316579, 1.383517977925713 ] } },
{ "type": "Feature", "properties": { "OBJECTID_1": 87, "OBJECTID": 33392, "FEA_ID": 3015.0, "BUILDING_N": "WEI TUO FA GONG TEMPLE", "HOUSE_BLK_": "224J", "ROAD_NAME": "PULAU UBIN", "POSTAL_COD": "508346", "ADDRESS_TY": "S", "DATA_TYPE_": "extg", "MULTI_ADDR": "n", "X_ADDR": 42178.548754399999, "Y_ADDR": 43367.243786400002, "BUILDING_I": "100000000010500080304063000105", "Temple_Nam": "Wei Tuo Fa Gong Temple", "Address": "224J Pulau Ubin", "Postal_C_1": "508346", "Temple_Cat": 1 }, "geometry": { "type": "Point", "coordinates": [ 103.960724779573013, 1.408468949702233 ] } },
{ "type": "Feature", "properties": { "OBJECTID_1": 88, "OBJECTID": 33927, "FEA_ID": 154541.0, "BUILDING_N": "YU HUANG TIAN COMBINED TEMPLE", "HOUSE_BLK_": "12", "ROAD_NAME": "JURONG WEST STREET 76", "POSTAL_COD": "648349", "ADDRESS_TY": "S", "DATA_TYPE_": "extg", "MULTI_ADDR": "n", "X_ADDR": 13526.1885568, "Y_ADDR": 36623.969331799999, "BUILDING_I": "109000000120614580304291695908", "Temple_Nam": "\nCi Shan Tan", "Address": "12 Jurong West Street 76", "Postal_C_1": "648349", "Temple_Cat": 1 }, "geometry": { "type": "Point", "coordinates": [ 103.703262506087142, 1.347485197222281 ] } },
{ "type": "Feature", "properties": { "OBJECTID_1": 89, "OBJECTID": 33964, "FEA_ID": 5116.0, "BUILDING_N": " ", "HOUSE_BLK_": "1", "ROAD_NAME": "TAMPINES AVENUE", "POSTAL_COD": "529783", "ADDRESS_TY": "S", "DATA_TYPE_": "extg", "MULTI_ADDR": "n", "X_ADDR": 38572.051844399997, "Y_ADDR": 38789.017443199999, "BUILDING_I": "100000000016582090708132605001", "Temple_Nam": "Xian Gu Dian", "Address": "1 Tampines Ave 1", "Postal_C_1": "529783", "Temple_Cat": 1 }, "geometry": { "type": "Point", "coordinates": [ 103.928315751047336, 1.36706672472483 ] } },
{ "type": "Feature", "properties": { "OBJECTID_1": 90, "OBJECTID": 35153, "FEA_ID": 138662.0, "BUILDING_N": " ", "HOUSE_BLK_": "11", "ROAD_NAME": "WOODLANDS INDUSTRIAL PARK E8", "POSTAL_COD": "757701", "ADDRESS_TY": "K", "DATA_TYPE_": "extg", "MULTI_ADDR": "n", "X_ADDR": 24349.585945300001, "Y_ADDR": 48231.905866300003, "BUILDING_I": "109000000030705177790111090907", "Temple_Nam": "Boo Tong San Temple", "Address": "11 Woodlands Industrial Park E8, # 01 - 02", "Postal_C_1": "757701", "Temple_Cat": 3 }, "geometry": { "type": "Point", "coordinates": [ 103.800515883444831, 1.452466457102024 ] } },
{ "type": "Feature", "properties": { "OBJECTID_1": 91, "OBJECTID": 35421, "FEA_ID": 31909.0, "BUILDING_N": " ", "HOUSE_BLK_": "3C", "ROAD_NAME": "LORONG 12 GEYLANG", "POSTAL_COD": "398984", "ADDRESS_TY": "U", "DATA_TYPE_": "extg", "MULTI_ADDR": "y", "X_ADDR": 33021.682062699998, "Y_ADDR": 32691.0278588, "BUILDING_I": "101000000010309080908040607003", "Temple_Nam": "DI ZHANG LIN", "Address": "3F Geylang Lorong 12", "Postal_C_1": "398984", "Temple_Cat": 3 }, "geometry": { "type": "Point", "coordinates": [ 103.878440860781794, 1.311920152196822 ] } },
{ "type": "Feature", "properties": { "OBJECTID_1": 92, "OBJECTID": 36040, "FEA_ID": 74727.0, "BUILDING_N": "TSAN TAN LIM TEMPLE", "HOUSE_BLK_": "20", "ROAD_NAME": "JALAN YASIN", "POSTAL_COD": "417992", "ADDRESS_TY": "S", "DATA_TYPE_": "extg", "MULTI_ADDR": "n", "X_ADDR": 36217.642626100002, "Y_ADDR": 33728.461275399997, "BUILDING_I": "100000000010401070909020000200", "Temple_Nam": "Tsan Tan Lim Temple", "Address": "20 Jalan Yasin", "Postal_C_1": "417992", "Temple_Cat": 3 }, "geometry": { "type": "Point", "coordinates": [ 103.907158400594469, 1.321301638898432 ] } },
{ "type": "Feature", "properties": { "OBJECTID_1": 93, "OBJECTID": 37264, "FEA_ID": 99161.0, "BUILDING_N": "HDB-GEYLANG EAST", "HOUSE_BLK_": "105", "ROAD_NAME": "ALJUNIED CRESCENT", "POSTAL_COD": "380105", "ADDRESS_TY": "H", "DATA_TYPE_": "extg", "MULTI_ADDR": "n", "X_ADDR": 33500.872946099997, "Y_ADDR": 33525.187066099999, "BUILDING_I": "100000000000308000100050000000", "Temple_Nam": "Pi Li Tan", "Address": "BLK 105 Aljunied Crescent #10-221", "Postal_C_1": "380105", "Temple_Cat": 2 }, "geometry": { "type": "Point", "coordinates": [ 103.882746774065211, 1.31946390908435 ] } },
{ "type": "Feature", "properties": { "OBJECTID_1": 94, "OBJECTID": 37267, "FEA_ID": 101264.0, "BUILDING_N": "CHEO LIM CHIN SUN LIAP HUP KENG TEMPLE", "HOUSE_BLK_": "7", "ROAD_NAME": "BEDOK NORTH STREET 5", "POSTAL_COD": "485874", "ADDRESS_TY": "S", "DATA_TYPE_": "extg", "MULTI_ADDR": "y", "X_ADDR": 40873.346986500001, "Y_ADDR": 35283.39661, "BUILDING_I": "101000000010408050857647636905", "Temple_Nam": "Chin Pin Tze Temple", "Address": "7 Bedok North Street 5, Ave 4.", "Postal_C_1": "485874", "Temple_Cat": 1 }, "geometry": { "type": "Point", "coordinates": [ 103.948992948405078, 1.335362289544173 ] } },
{ "type": "Feature", "properties": { "OBJECTID_1": 95, "OBJECTID": 37353, "FEA_ID": 143096.0, "BUILDING_N": "UNITY CENTRE", "HOUSE_BLK_": "51", "ROAD_NAME": "BUKIT BATOK CRESCENT", "POSTAL_COD": "658077", "ADDRESS_TY": "K", "DATA_TYPE_": "extg", "MULTI_ADDR": "n", "X_ADDR": 19599.092853599999, "Y_ADDR": 35537.694982100002, "BUILDING_I": "109000000123665480017472605000", "Temple_Nam": "Shen Fo Shan", "Address": "NO 51 Bukit Batok Crescent #06-16", "Postal_C_1": "658077", "Temple_Cat": 2 }, "geometry": { "type": "Point", "coordinates": [ 103.757831534055143, 1.337663643073812 ] } },
{ "type": "Feature", "properties": { "OBJECTID_1": 96, "OBJECTID": 37593, "FEA_ID": 174899.0, "BUILDING_N": "YAN KIT VILLAGE CHINESE TEMPLE", "HOUSE_BLK_": "980", "ROAD_NAME": "UPPER CHANGI ROAD NORTH", "POSTAL_COD": "507708", "ADDRESS_TY": "S", "DATA_TYPE_": "estm", "MULTI_ADDR": "n", "X_ADDR": 43375.625414800001, "Y_ADDR": 38193.720783800003, "BUILDING_I": "500000000000500070700080000000", "Temple_Nam": "Yan Kit Village Chinese Temple", "Address": "980 Upper Changi Road North", "Postal_C_1": "507708", "Temple_Cat": 1 }, "geometry": { "type": "Point", "coordinates": [ 103.971478792051357, 1.361680981504876 ] } },
{ "type": "Feature", "properties": { "OBJECTID_1": 97, "OBJECTID": 37900, "FEA_ID": 223240.0, "BUILDING_N": "NORTHSTAR @ AMK", "HOUSE_BLK_": "7030", "ROAD_NAME": "ANG MO KIO AVENUE 5", "POSTAL_COD": "569880", "ADDRESS_TY": "K", "DATA_TYPE_": "prop", "MULTI_ADDR": "n", "X_ADDR": 32700.669149900001, "Y_ADDR": 39941.705076400001, "BUILDING_I": "300000050512506193838202605007", "Temple_Nam": "Serangoon North Hiep Leng Tuan", "Address": "7030 Ang Mo Kio Avenue 5 #B1-05", "Postal_C_1": "569880", "Temple_Cat": 2 }, "geometry": { "type": "Point", "coordinates": [ 103.875557529117302, 1.377492734203174 ] } },
{ "type": "Feature", "properties": { "OBJECTID_1": 98, "OBJECTID": 38109, "FEA_ID": 229251.0, "BUILDING_N": "LLYN GARDENS", "HOUSE_BLK_": "1", "ROAD_NAME": "PAYA LEBAR WALK", "POSTAL_COD": "535926", "ADDRESS_TY": "S", "DATA_TYPE_": "extg", "MULTI_ADDR": "n", "X_ADDR": 33256.957460999998, "Y_ADDR": 36759.435690600003, "BUILDING_I": "100001010113503050902762605006", "Temple_Nam": "VIPASSANA MEDITATION CENTRE (SINGAPORE)", "Address": "1 Paya Lebar Walk", "Postal_C_1": "535926", "Temple_Cat": 5 }, "geometry": { "type": "Point", "coordinates": [ 103.880555624849634, 1.348713340243172 ] } },
{ "type": "Feature", "properties": { "OBJECTID_1": 99, "OBJECTID": 38310, "FEA_ID": 30301.0, "BUILDING_N": " ", "HOUSE_BLK_": "19", "ROAD_NAME": "RAMBAI ROAD", "POSTAL_COD": "424338", "ADDRESS_TY": "S", "DATA_TYPE_": "extg", "MULTI_ADDR": "n", "X_ADDR": 36062.238080499999, "Y_ADDR": 32587.786641800001, "BUILDING_I": "100000000010402040353383666900", "Temple_Nam": "The Maharajna Vihara", "Address": "19 Rambai Road", "Postal_C_1": "424338", "Temple_Cat": 3 }, "geometry": { "type": "Point", "coordinates": [ 103.905761712558288, 1.310985830067559 ] } },
{ "type": "Feature", "properties": { "OBJECTID_1": 100, "OBJECTID": 38460, "FEA_ID": 139630.0, "BUILDING_N": " ", "HOUSE_BLK_": "14", "ROAD_NAME": "LORONG 26 GEYLANG", "POSTAL_COD": "398487", "ADDRESS_TY": "S", "DATA_TYPE_": "extg", "MULTI_ADDR": "n", "X_ADDR": 33685.429192199997, "Y_ADDR": 32691.440804900001, "BUILDING_I": "100000000030309080408070000104", "Temple_Nam": "Gek Hong Temple", "Address": "14 Lorong 26 Geylang", "Postal_C_1": "398487", "Temple_Cat": 2 }, "geometry": { "type": "Point", "coordinates": [ 103.884404953636206, 1.311923771798293 ] } },
{ "type": "Feature", "properties": { "OBJECTID_1": 101, "OBJECTID": 38835, "FEA_ID": 50236.0, "BUILDING_N": " ", "HOUSE_BLK_": "26", "ROAD_NAME": "CRANE ROAD", "POSTAL_COD": "429367", "ADDRESS_TY": "S", "DATA_TYPE_": "extg", "MULTI_ADDR": "n", "X_ADDR": 35237.518428199997, "Y_ADDR": 32731.6494604, "BUILDING_I": "100000000010402090306070000206", "Temple_Nam": "BUDDHA VIHARA SOCIETY", "Address": "49 Ceylon Road,", "Postal_C_1": "429367", "Temple_Cat": 5 }, "geometry": { "type": "Point", "coordinates": [ 103.898351241776254, 1.312287078742443 ] } },
{ "type": "Feature", "properties": { "OBJECTID_1": 102, "OBJECTID": 38998, "FEA_ID": 140176.0, "BUILDING_N": " ", "HOUSE_BLK_": "39", "ROAD_NAME": "LORONG 31 GEYLANG", "POSTAL_COD": "388035", "ADDRESS_TY": "S", "DATA_TYPE_": "extg", "MULTI_ADDR": "n", "X_ADDR": 33936.050185799999, "Y_ADDR": 33099.255242500003, "BUILDING_I": "100000000020308080003050000309", "Temple_Nam": "Kwan Imm Sze", "Address": "39 Lorong 31 Geylang", "Postal_C_1": "388035", "Temple_Cat": 1 }, "geometry": { "type": "Point", "coordinates": [ 103.886656983927878, 1.315611852406575 ] } },
{ "type": "Feature", "properties": { "OBJECTID_1": 103, "OBJECTID": 39056, "FEA_ID": 95603.0, "BUILDING_N": "DONG SHAN TEMPLE", "HOUSE_BLK_": "362", "ROAD_NAME": "YISHUN AVENUE 3", "POSTAL_COD": "769060", "ADDRESS_TY": "S", "DATA_TYPE_": "extg", "MULTI_ADDR": "y", "X_ADDR": 27971.9064426, "Y_ADDR": 44918.730053899999, "BUILDING_I": "101000000010706090046202696808", "Temple_Nam": "Chang Xiu Guang ( Teong Siew Kuan Temple)", "Address": "362, Yishun Avenue 3", "Postal_C_1": "769060", "Temple_Cat": 1 }, "geometry": { "type": "Point", "coordinates": [ 103.833066132439868, 1.422503535441481 ] } },
{ "type": "Feature", "properties": { "OBJECTID_1": 104, "OBJECTID": 39123, "FEA_ID": 102266.0, "BUILDING_N": "SI DAO FENG JIAO TEMPLE", "HOUSE_BLK_": "638", "ROAD_NAME": "LORONG 3 GEYLANG", "POSTAL_COD": "389020", "ADDRESS_TY": "S", "DATA_TYPE_": "extg", "MULTI_ADDR": "n", "X_ADDR": 32485.335691600001, "Y_ADDR": 33367.988688500001, "BUILDING_I": "100000000010308090002000060308", "Temple_Nam": "Si Dao Feng Jiao Temple", "Address": "638 Lorong 3 Geylang", "Postal_C_1": "389020", "Temple_Cat": 1 }, "geometry": { "type": "Point", "coordinates": [ 103.873621624033063, 1.318042428198317 ] } },
{ "type": "Feature", "properties": { "OBJECTID_1": 105, "OBJECTID": 39338, "FEA_ID": 34148.0, "BUILDING_N": "CHU SIANG WAH SUA TEMPLE", "HOUSE_BLK_": "569", "ROAD_NAME": "YISHUN RING ROAD", "POSTAL_COD": "768691", "ADDRESS_TY": "S", "DATA_TYPE_": "extg", "MULTI_ADDR": "n", "X_ADDR": 28029.6097505, "Y_ADDR": 46265.605477999998, "BUILDING_I": "100000000020706080609919698909", "Temple_Nam": "\nHua Shan Gong", "Address": "569 Yishun Ring Road", "Postal_C_1": "768691", "Temple_Cat": 1 }, "geometry": { "type": "Point", "coordinates": [ 103.8335846500201, 1.434684189368136 ] } },
{ "type": "Feature", "properties": { "OBJECTID_1": 106, "OBJECTID": 39886, "FEA_ID": 56225.0, "BUILDING_N": " ", "HOUSE_BLK_": "8", "ROAD_NAME": "GEYLANG EAST AVENUE 1", "POSTAL_COD": "389780", "ADDRESS_TY": "S", "DATA_TYPE_": "extg", "MULTI_ADDR": "n", "X_ADDR": 33781.852243200003, "Y_ADDR": 33126.206551399999, "BUILDING_I": "109000000010308192778401090908", "Temple_Nam": "Chian Pok Temple", "Address": "8 Geylang East Avenue 1", "Postal_C_1": "389780", "Temple_Cat": 3 }, "geometry": { "type": "Point", "coordinates": [ 103.885271442985953, 1.315855619721037 ] } },
{ "type": "Feature", "properties": { "OBJECTID_1": 107, "OBJECTID": 40445, "FEA_ID": 121146.0, "BUILDING_N": " ", "HOUSE_BLK_": "3", "ROAD_NAME": "JALAN ANGIN LAUT", "POSTAL_COD": "489176", "ADDRESS_TY": "S", "DATA_TYPE_": "extg", "MULTI_ADDR": "n", "X_ADDR": 41623.103436899997, "Y_ADDR": 35520.772061600001, "BUILDING_I": "100000000010408090107060000003", "Temple_Nam": "Buddhist Union, the aks\nThe Buddhist Foo Yeun Lim Temple", "Address": "3 Jalan Angin Laut", "Postal_C_1": "489176", "Temple_Cat": 5 }, "geometry": { "type": "Point", "coordinates": [ 103.955730034508775, 1.337508695502321 ] } },
{ "type": "Feature", "properties": { "OBJECTID_1": 108, "OBJECTID": 41145, "FEA_ID": 123748.0, "BUILDING_N": " ", "HOUSE_BLK_": "399", "ROAD_NAME": "GUILLEMARD ROAD", "POSTAL_COD": "399793", "ADDRESS_TY": "U", "DATA_TYPE_": "extg", "MULTI_ADDR": "y", "X_ADDR": 34137.237599300002, "Y_ADDR": 32696.301570700001, "BUILDING_I": "101000000010309090709030030909", "Temple_Nam": "Nan Dao Tian Xin Dong Temple / Association", "Address": "399A Guillemard Rd", "Postal_C_1": "399793", "Temple_Cat": 1 }, "geometry": { "type": "Point", "coordinates": [ 103.888464673682989, 1.311967643857021 ] } },
{ "type": "Feature", "properties": { "OBJECTID_1": 109, "OBJECTID": 41310, "FEA_ID": 36376.0, "BUILDING_N": "LING SHAN TEMPLE", "HOUSE_BLK_": "27", "ROAD_NAME": "LORONG 12 GEYLANG", "POSTAL_COD": "399004", "ADDRESS_TY": "S", "DATA_TYPE_": "extg", "MULTI_ADDR": "n", "X_ADDR": 33057.738404800002, "Y_ADDR": 32547.007071600001, "BUILDING_I": "100000000010309090000040000207", "Temple_Nam": "Ling Shan Temple", "Address": "27 Lorong 12 Geylang", "Postal_C_1": "399004", "Temple_Cat": 2 }, "geometry": { "type": "Point", "coordinates": [ 103.878764820990199, 1.310617673981254 ] } },
{ "type": "Feature", "properties": { "OBJECTID_1": 110, "OBJECTID": 42365, "FEA_ID": 176290.0, "BUILDING_N": "KUAN IM KUAN TI KONG TEMPLE", "HOUSE_BLK_": "205", "ROAD_NAME": "JOO CHIAT ROAD", "POSTAL_COD": "427476", "ADDRESS_TY": "S", "DATA_TYPE_": "extg", "MULTI_ADDR": "n", "X_ADDR": 35548.302699599997, "Y_ADDR": 32677.067780400001, "BUILDING_I": "100000000010402070407060020005", "Temple_Nam": "Kuan Im Kuan Ti Kong Temple", "Address": "205 Joo Chiat Road", "Postal_C_1": "427476", "Temple_Cat": 8 }, "geometry": { "type": "Point", "coordinates": [ 103.901143776597266, 1.311793386878078 ] } },
{ "type": "Feature", "properties": { "OBJECTID_1": 111, "OBJECTID": 42655, "FEA_ID": 212814.0, "BUILDING_N": " ", "HOUSE_BLK_": "178", "ROAD_NAME": "WATERLOO STREET", "POSTAL_COD": "187964", "ADDRESS_TY": "S", "DATA_TYPE_": "extg", "MULTI_ADDR": "n", "X_ADDR": 30203.0367663, "Y_ADDR": 31464.255037399998, "BUILDING_I": "100000000110108570906342609004", "Temple_Nam": "Kwan Im Tong Hood Che Tp", "Address": "178, Waterloo Street", "Postal_C_1": "187964", "Temple_Cat": 8 }, "geometry": { "type": "Point", "coordinates": [ 103.853113862070515, 1.300825982481556 ] } },
{ "type": "Feature", "properties": { "OBJECTID_1": 112, "OBJECTID": 43707, "FEA_ID": 92460.0, "BUILDING_N": " ", "HOUSE_BLK_": "25", "ROAD_NAME": "LORONG 33 GEYLANG", "POSTAL_COD": "387985", "ADDRESS_TY": "S", "DATA_TYPE_": "extg", "MULTI_ADDR": "n", "X_ADDR": 34036.772743399997, "Y_ADDR": 33060.999537900003, "BUILDING_I": "100000000010308070908050000205", "Temple_Nam": "Xing An Tian Hou Gong", "Address": "25 Lorong 33 Geylang", "Postal_C_1": "387985", "Temple_Cat": 1 }, "geometry": { "type": "Point", "coordinates": [ 103.887562019191094, 1.315265862070687 ] } },
{ "type": "Feature", "properties": { "OBJECTID_1": 113, "OBJECTID": 44440, "FEA_ID": 139380.0, "BUILDING_N": " ", "HOUSE_BLK_": "37", "ROAD_NAME": "LORONG 30 GEYLANG", "POSTAL_COD": "398370", "ADDRESS_TY": "S", "DATA_TYPE_": "extg", "MULTI_ADDR": "n", "X_ADDR": 33923.045970400002, "Y_ADDR": 32688.015074499999, "BUILDING_I": "109000000017379082307402605002", "Temple_Nam": "HUA YAN CHAN SI", "Address": "37 Lorong 30 Geylang", "Postal_C_1": "398370", "Temple_Cat": 3 }, "geometry": { "type": "Point", "coordinates": [ 103.886540055775683, 1.311892745964001 ] } },
{ "type": "Feature", "properties": { "OBJECTID_1": 114, "OBJECTID": 44577, "FEA_ID": 74524.0, "BUILDING_N": "THOMSON TEMPLE", "HOUSE_BLK_": "99", "ROAD_NAME": "SECTOR B SIN MING INDUSTRIAL ESTATE", "POSTAL_COD": "575660", "ADDRESS_TY": "S", "DATA_TYPE_": "extg", "MULTI_ADDR": "n", "X_ADDR": 28786.976389300002, "Y_ADDR": 37774.5987723, "BUILDING_I": "100000000010507050606009853004", "Temple_Nam": "Thomson Temple", "Address": "99 Sector B Sin Ming Industrial Estate", "Postal_C_1": "575660", "Temple_Cat": 1 }, "geometry": { "type": "Point", "coordinates": [ 103.840390080633355, 1.35789456442282 ] } },
{ "type": "Feature", "properties": { "OBJECTID_1": 115, "OBJECTID": 45124, "FEA_ID": 89975.0, "BUILDING_N": "ENTERPRISE HUB", "HOUSE_BLK_": "48", "ROAD_NAME": "TOH GUAN ROAD EAST", "POSTAL_COD": "608586", "ADDRESS_TY": "S", "DATA_TYPE_": "extg", "MULTI_ADDR": "n", "X_ADDR": 19210.6781959, "Y_ADDR": 35445.6349701, "BUILDING_I": "100000001111680482588862605002", "Temple_Nam": "Yu Feng Jiu Shan Gong Liu Ren Xian Shi Fa Tan", "Address": "48 Enterprise Hub Toh Guan East #09-149", "Postal_C_1": "608586", "Temple_Cat": 2 }, "geometry": { "type": "Point", "coordinates": [ 103.754341430872813, 1.336830975036898 ] } },
{ "type": "Feature", "properties": { "OBJECTID_1": 116, "OBJECTID": 45723, "FEA_ID": 97968.0, "BUILDING_N": "ZEH SHING KEONG TEMPLE", "HOUSE_BLK_": "20", "ROAD_NAME": "JALAN KELI", "POSTAL_COD": "577905", "ADDRESS_TY": "S", "DATA_TYPE_": "extg", "MULTI_ADDR": "n", "X_ADDR": 28127.1202696, "Y_ADDR": 37399.739812699998, "BUILDING_I": "100000000010507070900050000200", "Temple_Nam": "Zeh Shing Keong Temple", "Address": "20 Jalan Keli", "Postal_C_1": "577905", "Temple_Cat": 1 }, "geometry": { "type": "Point", "coordinates": [ 103.834460836685523, 1.354504483718144 ] } },
{ "type": "Feature", "properties": { "OBJECTID_1": 117, "OBJECTID": 45895, "FEA_ID": 102584.0, "BUILDING_N": "THEN SHEN TEMPLE", "HOUSE_BLK_": "24", "ROAD_NAME": "LORONG 16 GEYLANG", "POSTAL_COD": "398866", "ADDRESS_TY": "S", "DATA_TYPE_": "extg", "MULTI_ADDR": "n", "X_ADDR": 33151.032957000003, "Y_ADDR": 32657.719214000001, "BUILDING_I": "100000000010309080806060000204", "Temple_Nam": "Then Shen Temple", "Address": "24 Lorong 16 Geylang", "Postal_C_1": "398866", "Temple_Cat": 1 }, "geometry": { "type": "Point", "coordinates": [ 103.879603136523158, 1.311618899639425 ] } },
{ "type": "Feature", "properties": { "OBJECTID_1": 118, "OBJECTID": 45998, "FEA_ID": 5246.0, "BUILDING_N": "FU DE GONG TEMPLE", "HOUSE_BLK_": "15", "ROAD_NAME": "KIM KEAT LANE", "POSTAL_COD": "328873", "ADDRESS_TY": "S", "DATA_TYPE_": "extg", "MULTI_ADDR": "n", "X_ADDR": 30292.1206485, "Y_ADDR": 34051.3299788, "BUILDING_I": "100000000010302080807030000105", "Temple_Nam": "Fu De Gong Temple", "Address": "15 Kim Keat Lane", "Postal_C_1": "328873", "Temple_Cat": 1 }, "geometry": { "type": "Point", "coordinates": [ 103.853914512527197, 1.324222567412693 ] } },
{ "type": "Feature", "properties": { "OBJECTID_1": 119, "OBJECTID": 46488, "FEA_ID": 96836.0, "BUILDING_N": " ", "HOUSE_BLK_": "478", "ROAD_NAME": "SIMS AVENUE", "POSTAL_COD": "387550", "ADDRESS_TY": "S", "DATA_TYPE_": "extg", "MULTI_ADDR": "n", "X_ADDR": 34040.282195, "Y_ADDR": 33127.691982999997, "BUILDING_I": "100000000010308070505000040708", "Temple_Nam": "Kwan Sai Tuah Taoism Association", "Address": "478 Sims Ave", "Postal_C_1": "387550", "Temple_Cat": 1 }, "geometry": { "type": "Point", "coordinates": [ 103.887593566295095, 1.315869003770572 ] } },
{ "type": "Feature", "properties": { "OBJECTID_1": 120, "OBJECTID": 46501, "FEA_ID": 103249.0, "BUILDING_N": "WHAMPOA HEIGHTS", "HOUSE_BLK_": "22", "ROAD_NAME": "JALAN TENTERAM", "POSTAL_COD": "320022", "ADDRESS_TY": "H", "DATA_TYPE_": "extg", "MULTI_ADDR": "n", "X_ADDR": 30919.8972153, "Y_ADDR": 34295.034556600003, "BUILDING_I": "100000000000302000002020000000", "Temple_Nam": "Ci Guan Tan", "Address": "BLK 22 Jalan Tenteram #04-557", "Postal_C_1": "320022", "Temple_Cat": 2 }, "geometry": { "type": "Point", "coordinates": [ 103.859555444613079, 1.326426491553869 ] } },
{ "type": "Feature", "properties": { "OBJECTID_1": 121, "OBJECTID": 47519, "FEA_ID": 16520.0, "BUILDING_N": "BRAS BASAH COMPLEX", "HOUSE_BLK_": "231", "ROAD_NAME": "BAIN STREET", "POSTAL_COD": "180231", "ADDRESS_TY": "H", "DATA_TYPE_": "extg", "MULTI_ADDR": "n", "X_ADDR": 30259.6154976, "Y_ADDR": 31020.8326476, "BUILDING_I": "100000000000108000203010000000", "Temple_Nam": "AWARENESS PLACE MEDITATION CENTRE", "Address": "Blk 231 Bain Street, \nBras Basah Complex #03-39", "Postal_C_1": "180231", "Temple_Cat": 3 }, "geometry": { "type": "Point", "coordinates": [ 103.853622215779495, 1.296815822518359 ] } },
{ "type": "Feature", "properties": { "OBJECTID_1": 122, "OBJECTID": 48939, "FEA_ID": 95978.0, "BUILDING_N": "YI XING JU TEMPLE", "HOUSE_BLK_": "4", "ROAD_NAME": "PARKSTONE ROAD", "POSTAL_COD": "437651", "ADDRESS_TY": "S", "DATA_TYPE_": "extg", "MULTI_ADDR": "n", "X_ADDR": 34859.413257599997, "Y_ADDR": 32127.435913500001, "BUILDING_I": "100000000010403070605010000004", "Temple_Nam": "Yi Xing Ju Temple", "Address": "4 Parkstone Road", "Postal_C_1": "437651", "Temple_Cat": 1 }, "geometry": { "type": "Point", "coordinates": [ 103.894953648928592, 1.306822874036853 ] } },
{ "type": "Feature", "properties": { "OBJECTID_1": 123, "OBJECTID": 48956, "FEA_ID": 104104.0, "BUILDING_N": "PU ZHAO CHAN SI TEMPLE", "HOUSE_BLK_": "3", "ROAD_NAME": "LORONG MARICAN", "POSTAL_COD": "417204", "ADDRESS_TY": "S", "DATA_TYPE_": "extg", "MULTI_ADDR": "n", "X_ADDR": 36380.999872499997, "Y_ADDR": 33450.414219600003, "BUILDING_I": "100000000010401070250343666902", "Temple_Nam": "Pu Zhao Chan Si Temple", "Address": "3 Lorong Marican", "Postal_C_1": "417204", "Temple_Cat": 3 }, "geometry": { "type": "Point", "coordinates": [ 103.908626174518361, 1.318787037590514 ] } },
{ "type": "Feature", "properties": { "OBJECTID_1": 124, "OBJECTID": 49428, "FEA_ID": 91850.0, "BUILDING_N": "LAM ANN BUILDING", "HOUSE_BLK_": "30", "ROAD_NAME": "MOHAMED SULTAN ROAD", "POSTAL_COD": "238974", "ADDRESS_TY": "K", "DATA_TYPE_": "extg", "MULTI_ADDR": "n", "X_ADDR": 28849.8991991, "Y_ADDR": 30581.489837100002, "BUILDING_I": "100000000010203080907040000300", "Temple_Nam": "Hong San See Temple (Mohamed Sultan)", "Address": "30 Mohamed Sultan Road", "Postal_C_1": "238974", "Temple_Cat": 1 }, "geometry": { "type": "Point", "coordinates": [ 103.840955284742222, 1.292842631162173 ] } },
{ "type": "Feature", "properties": { "OBJECTID_1": 125, "OBJECTID": 49430, "FEA_ID": 94540.0, "BUILDING_N": " ", "HOUSE_BLK_": "332", "ROAD_NAME": "CHANGI ROAD", "POSTAL_COD": "419807", "ADDRESS_TY": "S", "DATA_TYPE_": "extg", "MULTI_ADDR": "n", "X_ADDR": 36417.037478799997, "Y_ADDR": 33384.351590699996, "BUILDING_I": "100000000010401090800070030302", "Temple_Nam": "Yu Feng Zhi Fu Cai Bo Xing Jun Miao", "Address": "332A Changi Rd", "Postal_C_1": "419807", "Temple_Cat": 1 }, "geometry": { "type": "Point", "coordinates": [ 103.908949972390545, 1.318189581494188 ] } },
{ "type": "Feature", "properties": { "OBJECTID_1": 126, "OBJECTID": 49636, "FEA_ID": 56460.0, "BUILDING_N": " ", "HOUSE_BLK_": "15", "ROAD_NAME": "WOODLANDS INDUSTRIAL PARK E4", "POSTAL_COD": "757749", "ADDRESS_TY": "I", "DATA_TYPE_": "extg", "MULTI_ADDR": "n", "X_ADDR": 23786.496539299998, "Y_ADDR": 48102.973487399999, "BUILDING_I": "100000000020705070724594666905", "Temple_Nam": "Fei Long Gong", "Address": "15 Woodlands Industrial Park E4", "Postal_C_1": "757749", "Temple_Cat": 1 }, "geometry": { "type": "Point", "coordinates": [ 103.795455970713121, 1.451300360403842 ] } },
{ "type": "Feature", "properties": { "OBJECTID_1": 127, "OBJECTID": 49647, "FEA_ID": 65863.0, "BUILDING_N": " ", "HOUSE_BLK_": "12", "ROAD_NAME": "LORONG 25 GEYLANG", "POSTAL_COD": "388294", "ADDRESS_TY": "S", "DATA_TYPE_": "extg", "MULTI_ADDR": "n", "X_ADDR": 33494.755998499997, "Y_ADDR": 32934.514113600002, "BUILDING_I": "100000000010308080209040000102", "Temple_Nam": "Leong Nam Temple", "Address": "12 Geylang Lorong 25", "Postal_C_1": "388294", "Temple_Cat": 1 }, "geometry": { "type": "Point", "coordinates": [ 103.882691704663543, 1.314122074540949 ] } },
{ "type": "Feature", "properties": { "OBJECTID_1": 128, "OBJECTID": 50341, "FEA_ID": 42153.0, "BUILDING_N": " ", "HOUSE_BLK_": "72", "ROAD_NAME": "LORONG 19 GEYLANG", "POSTAL_COD": "388510", "ADDRESS_TY": "S", "DATA_TYPE_": "extg", "MULTI_ADDR": "n", "X_ADDR": 33104.762441600004, "Y_ADDR": 33062.509395699999, "BUILDING_I": "100000000010308080501000000702", "Temple_Nam": "Fo Hai Jiu Shi Tang", "Address": "74 Lorong 19 Geylang Road", "Postal_C_1": "388510", "Temple_Cat": 2 }, "geometry": { "type": "Point", "coordinates": [ 103.879187439950613, 1.315279685357 ] } },
{ "type": "Feature", "properties": { "OBJECTID_1": 129, "OBJECTID": 50412, "FEA_ID": 85223.0, "BUILDING_N": "HDB-BEDOK", "HOUSE_BLK_": "525", "ROAD_NAME": "BEDOK NORTH STREET 3", "POSTAL_COD": "460525", "ADDRESS_TY": "H", "DATA_TYPE_": "extg", "MULTI_ADDR": "n", "X_ADDR": 38652.895661499999, "Y_ADDR": 35210.45876, "BUILDING_I": "100000000000406000502050000000", "Temple_Nam": "San Tong Zi Xing Tan", "Address": "BLK 525 Bedok North St 3 #10-106", "Postal_C_1": "460525", "Temple_Cat": 2 }, "geometry": { "type": "Point", "coordinates": [ 103.92904092110868, 1.334703529549592 ] } },
{ "type": "Feature", "properties": { "OBJECTID_1": 130, "OBJECTID": 50737, "FEA_ID": 140168.0, "BUILDING_N": " ", "HOUSE_BLK_": "26", "ROAD_NAME": "LORONG 27A GEYLANG", "POSTAL_COD": "388115", "ADDRESS_TY": "S", "DATA_TYPE_": "extg", "MULTI_ADDR": "n", "X_ADDR": 33772.714823200004, "Y_ADDR": 33027.880189099997, "BUILDING_I": "109000000010388089161351090906", "Temple_Nam": "Yu Huang Zhi Zun Tp", "Address": "26 Lorong 27a Geylang", "Postal_C_1": "388115", "Temple_Cat": 1 }, "geometry": { "type": "Point", "coordinates": [ 103.885189320424075, 1.314966393140628 ] } },
{ "type": "Feature", "properties": { "OBJECTID_1": 131, "OBJECTID": 51129, "FEA_ID": 100752.0, "BUILDING_N": "FA SHI LIN TEMPLE", "HOUSE_BLK_": "1", "ROAD_NAME": "LENGKONG SATU", "POSTAL_COD": "417474", "ADDRESS_TY": "S", "DATA_TYPE_": "extg", "MULTI_ADDR": "n", "X_ADDR": 36838.752336600002, "Y_ADDR": 34197.1301905, "BUILDING_I": "100000000010401070407040000001", "Temple_Nam": "Fa Shi Lin Temple", "Address": "1 Lengkong Satu", "Postal_C_1": "417474", "Temple_Cat": 3 }, "geometry": { "type": "Point", "coordinates": [ 103.912739527727169, 1.325539937634926 ] } },
{ "type": "Feature", "properties": { "OBJECTID_1": 132, "OBJECTID": 51287, "FEA_ID": 58912.0, "BUILDING_N": " ", "HOUSE_BLK_": "11", "ROAD_NAME": "LORONG 30 GEYLANG", "POSTAL_COD": "398348", "ADDRESS_TY": "S", "DATA_TYPE_": "extg", "MULTI_ADDR": "n", "X_ADDR": 33914.042637600003, "Y_ADDR": 32836.761995499997, "BUILDING_I": "100000000010309080304080000101", "Temple_Nam": "Da Yuan Gong Xiu Hui", "Address": "11 Lorong 30 Geylang Road", "Postal_C_1": "398348", "Temple_Cat": 3 }, "geometry": { "type": "Point", "coordinates": [ 103.886459184863511, 1.313237961405833 ] } },
{ "type": "Feature", "properties": { "OBJECTID_1": 133, "OBJECTID": 51300, "FEA_ID": 62894.0, "BUILDING_N": "ANG CHEE SIA ONG TEMPLE", "HOUSE_BLK_": "131", "ROAD_NAME": "WEST COAST DRIVE", "POSTAL_COD": "128014", "ADDRESS_TY": "S", "DATA_TYPE_": "extg", "MULTI_ADDR": "n", "X_ADDR": 19883.445699100001, "Y_ADDR": 32665.7061479, "BUILDING_I": "100000900010102080011043696905", "Temple_Nam": "Ang Chee Sia Ong Temple", "Address": "131 West Coast Drive", "Postal_C_1": "128014", "Temple_Cat": 1 }, "geometry": { "type": "Point", "coordinates": [ 103.760387368050317, 1.311690491312612 ] } },
{ "type": "Feature", "properties": { "OBJECTID_1": 134, "OBJECTID": 51454, "FEA_ID": 153923.0, "BUILDING_N": " ", "HOUSE_BLK_": "15", "ROAD_NAME": "WOODLANDS INDUSTRIAL PARK E4", "POSTAL_COD": "757749", "ADDRESS_TY": "S", "DATA_TYPE_": "extg", "MULTI_ADDR": "n", "X_ADDR": 23771.318023200001, "Y_ADDR": 48085.587920700003, "BUILDING_I": "109000000050705070724594666905", "Temple_Nam": "Fei Long Gong", "Address": "15 Woodlands Industrial Park E4", "Postal_C_1": "757749", "Temple_Cat": 1 }, "geometry": { "type": "Point", "coordinates": [ 103.795319579158061, 1.451143129088893 ] } },
{ "type": "Feature", "properties": { "OBJECTID_1": 135, "OBJECTID": 51555, "FEA_ID": 14960.0, "BUILDING_N": "NANYANG HWU CLAN GENERAL ASSOCIATION BUILDING", "HOUSE_BLK_": "691", "ROAD_NAME": "GEYLANG ROAD", "POSTAL_COD": "389684", "ADDRESS_TY": "K", "DATA_TYPE_": "extg", "MULTI_ADDR": "n", "X_ADDR": 34224.502980999998, "Y_ADDR": 33001.839129300002, "BUILDING_I": "100000000010308090668245656905", "Temple_Nam": "Jiu Feng Yan", "Address": "691 Geylang Rd #04-01", "Postal_C_1": "389684", "Temple_Cat": 2 }, "geometry": { "type": "Point", "coordinates": [ 103.889248857403643, 1.314730798664392 ] } },
{ "type": "Feature", "properties": { "OBJECTID_1": 136, "OBJECTID": 51603, "FEA_ID": 43305.0, "BUILDING_N": "CHU SHENG TEMPLE", "HOUSE_BLK_": "48", "ROAD_NAME": "ANG MO KIO STREET 61", "POSTAL_COD": "569162", "ADDRESS_TY": "S", "DATA_TYPE_": "extg", "MULTI_ADDR": "n", "X_ADDR": 28916.6837194, "Y_ADDR": 40325.256304800001, "BUILDING_I": "100000000010506090106020000408", "Temple_Nam": "\nJi Fu Gong", "Address": "48 Ang Mo Kio Street 61", "Postal_C_1": "569162", "Temple_Cat": 1 }, "geometry": { "type": "Point", "coordinates": [ 103.841555665094518, 1.38096179641837 ] } },
{ "type": "Feature", "properties": { "OBJECTID_1": 137, "OBJECTID": 52084, "FEA_ID": 181154.0, "BUILDING_N": "BUDDHIST TZU CHI FOUNDATION", "HOUSE_BLK_": "9", "ROAD_NAME": "ELIAS ROAD", "POSTAL_COD": "519937", "ADDRESS_TY": "S", "DATA_TYPE_": "extg", "MULTI_ADDR": "n", "X_ADDR": 39793.3085679, "Y_ADDR": 39413.717542, "BUILDING_I": "100001050513501091903172605001", "Temple_Nam": "Buddhist Tzu Chi Foundation (Singapore)", "Address": "9 Elias Road", "Postal_C_1": "519937", "Temple_Cat": 3 }, "geometry": { "type": "Point", "coordinates": [ 103.939289820458711, 1.372715818103327 ] } },
{ "type": "Feature", "properties": { "OBJECTID_1": 138, "OBJECTID": 52792, "FEA_ID": 100654.0, "BUILDING_N": "EIT SAN TONG TEMPLE", "HOUSE_BLK_": "582", "ROAD_NAME": "LORONG 3 GEYLANG", "POSTAL_COD": "388992", "ADDRESS_TY": "S", "DATA_TYPE_": "extg", "MULTI_ADDR": "n", "X_ADDR": 32480.725665800001, "Y_ADDR": 33348.266191299997, "BUILDING_I": "100000000010308080909020050802", "Temple_Nam": "Eit San Tong Temple", "Address": "582 Lorong 3 Geylang", "Postal_C_1": "388992", "Temple_Cat": 2 }, "geometry": { "type": "Point", "coordinates": [ 103.873580197527602, 1.317864065630039 ] } },
{ "type": "Feature", "properties": { "OBJECTID_1": 139, "OBJECTID": 53643, "FEA_ID": 131444.0, "BUILDING_N": " ", "HOUSE_BLK_": "1", "ROAD_NAME": "BEDOK NORTH STREET 5", "POSTAL_COD": "486115", "ADDRESS_TY": "S", "DATA_TYPE_": "extg", "MULTI_ADDR": "n", "X_ADDR": 40895.775441400001, "Y_ADDR": 35302.165393199997, "BUILDING_I": "100000900010488267161751090906", "Temple_Nam": "Chwee Bee Temple\nHock Chuan Temple", "Address": "1 Bedok North Street 5", "Postal_C_1": "486115", "Temple_Cat": 3 }, "geometry": { "type": "Point", "coordinates": [ 103.949194488769791, 1.335532017727903 ] } },
{ "type": "Feature", "properties": { "OBJECTID_1": 140, "OBJECTID": 54162, "FEA_ID": 13965.0, "BUILDING_N": " ", "HOUSE_BLK_": "3", "ROAD_NAME": "LORONG 15 GEYLANG", "POSTAL_COD": "388597", "ADDRESS_TY": "S", "DATA_TYPE_": "extg", "MULTI_ADDR": "n", "X_ADDR": 32987.127254699997, "Y_ADDR": 32796.813614400002, "BUILDING_I": "100000000010308080509070000003", "Temple_Nam": "Amitabha Buddhist Centre", "Address": "3 Lorong 15 Geylang\nLam Clan Association Building", "Postal_C_1": "388597", "Temple_Cat": 3 }, "geometry": { "type": "Point", "coordinates": [ 103.878130385860459, 1.312876846891186 ] } },
{ "type": "Feature", "properties": { "OBJECTID_1": 141, "OBJECTID": 54224, "FEA_ID": 55584.0, "BUILDING_N": " ", "HOUSE_BLK_": "30", "ROAD_NAME": "BEDOK RESERVOIR ROAD", "POSTAL_COD": "479231", "ADDRESS_TY": "S", "DATA_TYPE_": "extg", "MULTI_ADDR": "y", "X_ADDR": 36312.1422981, "Y_ADDR": 34827.981015899997, "BUILDING_I": "101000000010407090253116626905", "Temple_Nam": "Chong De Shan Tang", "Address": "30 - 32 Bedok Reservoir Road", "Postal_C_1": "479231", "Temple_Cat": 7 }, "geometry": { "type": "Point", "coordinates": [ 103.908007826962134, 1.331245272333671 ] } },
{ "type": "Feature", "properties": { "OBJECTID_1": 142, "OBJECTID": 55593, "FEA_ID": 10239.0, "BUILDING_N": "HDB-CLEMENTI", "HOUSE_BLK_": "702", "ROAD_NAME": "WEST COAST ROAD", "POSTAL_COD": "120702", "ADDRESS_TY": "H", "DATA_TYPE_": "extg", "MULTI_ADDR": "n", "X_ADDR": 19963.844304400001, "Y_ADDR": 32176.594115600001, "BUILDING_I": "100000000000102000700020000000", "Temple_Nam": "Tiong Poh Tuang Yim Say Hu", "Address": "BLK 702 West Coast Road #05-357", "Postal_C_1": "120702", "Temple_Cat": 2 }, "geometry": { "type": "Point", "coordinates": [ 103.761109914947212, 1.307267158913634 ] } },
{ "type": "Feature", "properties": { "OBJECTID_1": 143, "OBJECTID": 56559, "FEA_ID": 22418.0, "BUILDING_N": "LING HONG TONG TEMPLE & HOON LAM TUA PEH KONG TEMPLE", "HOUSE_BLK_": "10", "ROAD_NAME": "BUKIT BATOK STREET 21", "POSTAL_COD": "659632", "ADDRESS_TY": "S", "DATA_TYPE_": "extg", "MULTI_ADDR": "n", "X_ADDR": 18845.637262100001, "Y_ADDR": 36469.374666700001, "BUILDING_I": "100000000020605090603020000100", "Temple_Nam": "Hoon Lam Tua Peh Kong Temple", "Address": "10 Bukit Batok Street 21", "Postal_C_1": "659632", "Temple_Cat": 1 }, "geometry": { "type": "Point", "coordinates": [ 103.751061019364201, 1.346089195574661 ] } },
{ "type": "Feature", "properties": { "OBJECTID_1": 144, "OBJECTID": 56774, "FEA_ID": 52756.0, "BUILDING_N": "HDB-QUEENSTOWN", "HOUSE_BLK_": "58", "ROAD_NAME": "STRATHMORE AVENUE", "POSTAL_COD": "142058", "ADDRESS_TY": "H", "DATA_TYPE_": "extg", "MULTI_ADDR": "n", "X_ADDR": 25492.761319699999, "Y_ADDR": 30619.936260300001, "BUILDING_I": "100000000000104020005080000000", "Temple_Nam": "Xuan Shi Tan", "Address": "BLK 58 Strathmore  Ave #04-107", "Postal_C_1": "142058", "Temple_Cat": 2 }, "geometry": { "type": "Point", "coordinates": [ 103.810789972159085, 1.293190237665987 ] } },
{ "type": "Feature", "properties": { "OBJECTID_1": 145, "OBJECTID": 57622, "FEA_ID": 72489.0, "BUILDING_N": "SIAN TECK TNG TEMPLE", "HOUSE_BLK_": "57", "ROAD_NAME": "CUPPAGE ROAD", "POSTAL_COD": "229468", "ADDRESS_TY": "S", "DATA_TYPE_": "extg", "MULTI_ADDR": "n", "X_ADDR": 28781.255952200001, "Y_ADDR": 31715.331927499999, "BUILDING_I": "100000000020202090406080000507", "Temple_Nam": "Sian Teck Tng Temple", "Address": "57 Cuppage Road", "Postal_C_1": "229468", "Temple_Cat": 1 }, "geometry": { "type": "Point", "coordinates": [ 103.840338524068756, 1.303096701448752 ] } },
{ "type": "Feature", "properties": { "OBJECTID_1": 146, "OBJECTID": 57797, "FEA_ID": 44356.0, "BUILDING_N": " ", "HOUSE_BLK_": "112", "ROAD_NAME": "JOO CHIAT PLACE", "POSTAL_COD": "427837", "ADDRESS_TY": "S", "DATA_TYPE_": "extg", "MULTI_ADDR": "n", "X_ADDR": 35795.7197667, "Y_ADDR": 32875.426438900002, "BUILDING_I": "100000000010402070803070010102", "Temple_Nam": "Fa Sheng Dian", "Address": "112 Joo Chiat Place", "Postal_C_1": "427837", "Temple_Cat": 1 }, "geometry": { "type": "Point", "coordinates": [ 103.903366989157519, 1.313587209598032 ] } },
{ "type": "Feature", "properties": { "OBJECTID_1": 147, "OBJECTID": 58444, "FEA_ID": 141819.0, "BUILDING_N": "ACE BUILDING", "HOUSE_BLK_": "146B", "ROAD_NAME": "PAYA LEBAR ROAD", "POSTAL_COD": "409017", "ADDRESS_TY": "K", "DATA_TYPE_": "extg", "MULTI_ADDR": "n", "X_ADDR": 34406.465745200003, "Y_ADDR": 34477.4886912, "BUILDING_I": "100000900010400090051176616900", "Temple_Nam": "FO GUANG SHAN (SINGAPORE)", "Address": "146B Paya Lebar Rd #06-01 ACE Building", "Postal_C_1": "409017", "Temple_Cat": 3 }, "geometry": { "type": "Point", "coordinates": [ 103.890884190496877, 1.328076007817375 ] } },
{ "type": "Feature", "properties": { "OBJECTID_1": 148, "OBJECTID": 58887, "FEA_ID": 119267.0, "BUILDING_N": " ", "HOUSE_BLK_": "10", "ROAD_NAME": "LORONG 22 GEYLANG", "POSTAL_COD": "398669", "ADDRESS_TY": "U", "DATA_TYPE_": "extg", "MULTI_ADDR": "y", "X_ADDR": 33394.240716100001, "Y_ADDR": 32742.545329100001, "BUILDING_I": "101000000010309080606090000100", "Temple_Nam": "Qiong Yao Xian Jiao", "Address": "10 C Lorong 22 Geylang", "Postal_C_1": "398669", "Temple_Cat": 1 }, "geometry": { "type": "Point", "coordinates": [ 103.881788491622956, 1.31238599517306 ] } },
{ "type": "Feature", "properties": { "OBJECTID_1": 149, "OBJECTID": 59287, "FEA_ID": 83288.0, "BUILDING_N": "PHANG PHENG MEI TEMPLE", "HOUSE_BLK_": "12", "ROAD_NAME": "JALAN AMPAS", "POSTAL_COD": "329515", "ADDRESS_TY": "S", "DATA_TYPE_": "extg", "MULTI_ADDR": "n", "X_ADDR": 30129.8041667, "Y_ADDR": 34344.935323099999, "BUILDING_I": "100000000010302090501050000102", "Temple_Nam": "Phang Pheng Mei Temple", "Address": "12 Jalan Ampas", "Postal_C_1": "329515", "Temple_Cat": 3 }, "geometry": { "type": "Point", "coordinates": [ 103.852456032317278, 1.32687784157643 ] } },
{ "type": "Feature", "properties": { "OBJECTID_1": 150, "OBJECTID": 59375, "FEA_ID": 110532.0, "BUILDING_N": "HDB-CLEMENTI", "HOUSE_BLK_": "431", "ROAD_NAME": "CLEMENTI AVENUE 3", "POSTAL_COD": "120431", "ADDRESS_TY": "H", "DATA_TYPE_": "extg", "MULTI_ADDR": "n", "X_ADDR": 20122.484588200001, "Y_ADDR": 32894.704147999997, "BUILDING_I": "100000000000102000403010000000", "Temple_Nam": "Hong Shan Guan Di Miao Xiang You Hui", "Address": "BLK 431 Clementi Ave 3 #01-322", "Postal_C_1": "120431", "Temple_Cat": 2 }, "geometry": { "type": "Point", "coordinates": [ 103.762535190249679, 1.313761528464758 ] } },
{ "type": "Feature", "properties": { "OBJECTID_1": 151, "OBJECTID": 59714, "FEA_ID": 30939.0, "BUILDING_N": "POH TIONG KIONG TEMPLE", "HOUSE_BLK_": "44", "ROAD_NAME": "LORONG 25A GEYLANG", "POSTAL_COD": "388244", "ADDRESS_TY": "S", "DATA_TYPE_": "extg", "MULTI_ADDR": "n", "X_ADDR": 33559.5815143, "Y_ADDR": 33013.443117499999, "BUILDING_I": "100000000012388980204242605000", "Temple_Nam": "Amitabha Buddhist Centre", "Address": "44 Lorong 25A Geylang", "Postal_C_1": "388244", "Temple_Cat": 6 }, "geometry": { "type": "Point", "coordinates": [ 103.883274208499969, 1.314835868847355 ] } },
{ "type": "Feature", "properties": { "OBJECTID_1": 152, "OBJECTID": 60301, "FEA_ID": 74719.0, "BUILDING_N": "TIAN LEONG KENG TEMPLE", "HOUSE_BLK_": "101", "ROAD_NAME": "SECTOR B SIN MING INDUSTRIAL ESTATE", "POSTAL_COD": "575662", "ADDRESS_TY": "S", "DATA_TYPE_": "extg", "MULTI_ADDR": "y", "X_ADDR": 28817.293952, "Y_ADDR": 37763.585827000003, "BUILDING_I": "101000000010507050606021803004", "Temple_Nam": "Tian Leong Keng Temple", "Address": "101 / a / b Sector B Sin Ming Industrial Estate, 575662 - 4", "Postal_C_1": "575662", "Temple_Cat": 1 }, "geometry": { "type": "Point", "coordinates": [ 103.840662503670075, 1.357794966031287 ] } },
{ "type": "Feature", "properties": { "OBJECTID_1": 153, "OBJECTID": 61056, "FEA_ID": 93438.0, "BUILDING_N": " ", "HOUSE_BLK_": "38", "ROAD_NAME": "LORONG 23 GEYLANG", "POSTAL_COD": "388372", "ADDRESS_TY": "U", "DATA_TYPE_": "extg", "MULTI_ADDR": "y", "X_ADDR": 33361.766166100002, "Y_ADDR": 32960.643011100001, "BUILDING_I": "101000000010308080307020000308", "Temple_Nam": "TIBETAN BUDDHIST STUDIES SOCIETY", "Address": "38-B Lorong 23, Geylang", "Postal_C_1": "388372", "Temple_Cat": 5 }, "geometry": { "type": "Point", "coordinates": [ 103.881496729517352, 1.314358398442914 ] } },
{ "type": "Feature", "properties": { "OBJECTID_1": 154, "OBJECTID": 61119, "FEA_ID": 27662.0, "BUILDING_N": "YUEH HAI CHING TEMPLE", "HOUSE_BLK_": "30B", "ROAD_NAME": "PHILLIP STREET", "POSTAL_COD": "048696", "ADDRESS_TY": "S", "DATA_TYPE_": "extg", "MULTI_ADDR": "n", "X_ADDR": 29788.836510599998, "Y_ADDR": 29660.525139900001, "BUILDING_I": "100000000010004080609267060602", "Temple_Nam": "Yuen Hai Ching aka", "Address": "30B Phillip Street", "Postal_C_1": "048696", "Temple_Cat": 1 }, "geometry": { "type": "Point", "coordinates": [ 103.849391982817778, 1.284513710227115 ] } },
{ "type": "Feature", "properties": { "OBJECTID_1": 155, "OBJECTID": 61345, "FEA_ID": 127887.0, "BUILDING_N": "LAKEVIEW TAXI STAND", "HOUSE_BLK_": "185D", "ROAD_NAME": "UPPER THOMSON ROAD", "POSTAL_COD": "574334", "ADDRESS_TY": "S", "DATA_TYPE_": "estm", "MULTI_ADDR": "n", "X_ADDR": 28264.8866017, "Y_ADDR": 36954.557914700003, "BUILDING_I": "500000000000507040303040000000", "Temple_Nam": "Pai Hai Sheng Mu Fa Miao", "Address": "185D Upper Thomson Road", "Postal_C_1": "574334", "Temple_Cat": 1 }, "geometry": { "type": "Point", "coordinates": [ 103.835698752431881, 1.350478415651997 ] } },
{ "type": "Feature", "properties": { "OBJECTID_1": 156, "OBJECTID": 62313, "FEA_ID": 20890.0, "BUILDING_N": "WU LUI SIEN SZE TEMPLE", "HOUSE_BLK_": "6", "ROAD_NAME": "BUKIT BATOK STREET 21", "POSTAL_COD": "659630", "ADDRESS_TY": "S", "DATA_TYPE_": "extg", "MULTI_ADDR": "y", "X_ADDR": 18834.171780199998, "Y_ADDR": 36492.362958099999, "BUILDING_I": "101000000010605090603000000006", "Temple_Nam": "Wu Lui Sien Sze Temple", "Address": "6 Bukit Batok Street 21", "Postal_C_1": "659630", "Temple_Cat": 1 }, "geometry": { "type": "Point", "coordinates": [ 103.750957988165936, 1.346297089766413 ] } },
{ "type": "Feature", "properties": { "OBJECTID_1": 157, "OBJECTID": 62731, "FEA_ID": 65575.0, "BUILDING_N": "THONG TECK SIAN TONG LIAN SIN SIA TEMPLE", "HOUSE_BLK_": "1A", "ROAD_NAME": "BOON TECK ROAD", "POSTAL_COD": "329578", "ADDRESS_TY": "S", "DATA_TYPE_": "extg", "MULTI_ADDR": "n", "X_ADDR": 29788.693524599999, "Y_ADDR": 34288.987346399997, "BUILDING_I": "100000000010302090507080605001", "Temple_Nam": "Thong Teck Sian Thong Lian Sin Sia Temple", "Address": "1A Boon Teck Road", "Postal_C_1": "329578", "Temple_Cat": 7 }, "geometry": { "type": "Point", "coordinates": [ 103.849390963662145, 1.326371889904554 ] } },
{ "type": "Feature", "properties": { "OBJECTID_1": 158, "OBJECTID": 63334, "FEA_ID": 58106.0, "BUILDING_N": "HONG SUN TAN TEMPLE", "HOUSE_BLK_": "17", "ROAD_NAME": "WOODLANDS INDUSTRIAL PARK E4", "POSTAL_COD": "757750", "ADDRESS_TY": "S", "DATA_TYPE_": "extg", "MULTI_ADDR": "n", "X_ADDR": 23794.157244900001, "Y_ADDR": 48086.489936899998, "BUILDING_I": "100000000010705070725504666905", "Temple_Nam": "Hong San Tan Temple", "Address": "17 Woodlands Industrial Park E4", "Postal_C_1": "757750", "Temple_Cat": 1 }, "geometry": { "type": "Point", "coordinates": [ 103.795524812670905, 1.451151290053026 ] } },
{ "type": "Feature", "properties": { "OBJECTID_1": 159, "OBJECTID": 63759, "FEA_ID": 131443.0, "BUILDING_N": "CHEO LIM CHIN SUN LIAP HUP KENG TEMPLE", "HOUSE_BLK_": "7", "ROAD_NAME": "BEDOK NORTH STREET 5", "POSTAL_COD": "485874", "ADDRESS_TY": "S", "DATA_TYPE_": "extg", "MULTI_ADDR": "n", "X_ADDR": 40860.640214599996, "Y_ADDR": 35302.405842100001, "BUILDING_I": "109000900010408050857647636905", "Temple_Nam": "Chin Pin Tze Temple", "Address": "7 Bedok North Street 5, Ave 4.", "Postal_C_1": "485874", "Temple_Cat": 1 }, "geometry": { "type": "Point", "coordinates": [ 103.948878779170357, 1.335534207205413 ] } },
{ "type": "Feature", "properties": { "OBJECTID_1": 160, "OBJECTID": 64544, "FEA_ID": 34025.0, "BUILDING_N": " ", "HOUSE_BLK_": "5", "ROAD_NAME": "LORONG 29 GEYLANG", "POSTAL_COD": "388060", "ADDRESS_TY": "S", "DATA_TYPE_": "extg", "MULTI_ADDR": "n", "X_ADDR": 33800.180687799999, "Y_ADDR": 32944.128345099998, "BUILDING_I": "100000000019348080066702605002", "Temple_Nam": "SAGARAMUDRA BUDDHIST SOCIETY", "Address": "No 5 Lorong 29 Geylang", "Postal_C_1": "388060", "Temple_Cat": 3 }, "geometry": { "type": "Point", "coordinates": [ 103.885436099162931, 1.314208965920216 ] } },
{ "type": "Feature", "properties": { "OBJECTID_1": 161, "OBJECTID": 64915, "FEA_ID": 55885.0, "BUILDING_N": " ", "HOUSE_BLK_": "67", "ROAD_NAME": "TESSENSOHN ROAD", "POSTAL_COD": "217667", "ADDRESS_TY": "U", "DATA_TYPE_": "extg", "MULTI_ADDR": "y", "X_ADDR": 30568.704519800001, "Y_ADDR": 33053.830656799997, "BUILDING_I": "101000000010201070606070000607", "Temple_Nam": "FAXI ZEN CENTRE (SINGAPORE)SOCIETY", "Address": "67A Tessensohn Road", "Postal_C_1": "217667", "Temple_Cat": 3 }, "geometry": { "type": "Point", "coordinates": [ 103.856399683736484, 1.315201514716518 ] } },
{ "type": "Feature", "properties": { "OBJECTID_1": 162, "OBJECTID": 64973, "FEA_ID": 126754.0, "BUILDING_N": "THIAM HOCK KENG TEMPLE", "HOUSE_BLK_": "101", "ROAD_NAME": "SIN MING ROAD", "POSTAL_COD": "575592", "ADDRESS_TY": "S", "DATA_TYPE_": "estm", "MULTI_ADDR": "n", "X_ADDR": 28796.5128019, "Y_ADDR": 37739.262414700002, "BUILDING_I": "500000000000507050509020000000", "Temple_Nam": "Thiam Hock Keng Temple", "Address": "101 Sin Min Industrial Estate, Sin Ming Rd", "Postal_C_1": "575592", "Temple_Cat": 1 }, "geometry": { "type": "Point", "coordinates": [ 103.840475770393013, 1.357574994502204 ] } },
{ "type": "Feature", "properties": { "OBJECTID_1": 163, "OBJECTID": 65200, "FEA_ID": 123237.0, "BUILDING_N": "GHIM MOH GREEN", "HOUSE_BLK_": "4", "ROAD_NAME": "GHIM MOH ROAD", "POSTAL_COD": "270004", "ADDRESS_TY": "H", "DATA_TYPE_": "extg", "MULTI_ADDR": "n", "X_ADDR": 22977.638823900001, "Y_ADDR": 32833.176601500003, "BUILDING_I": "100000000000207000000040000000", "Temple_Nam": "Nan Yun Gong", "Address": "Blk 4 Ghin Moh Road #11-250", "Postal_C_1": "270004", "Temple_Cat": 2 }, "geometry": { "type": "Point", "coordinates": [ 103.788190172512188, 1.313205694157005 ] } },
{ "type": "Feature", "properties": { "OBJECTID_1": 164, "OBJECTID": 65301, "FEA_ID": 29213.0, "BUILDING_N": " ", "HOUSE_BLK_": "398", "ROAD_NAME": "DUNEARN ROAD", "POSTAL_COD": "289606", "ADDRESS_TY": "S", "DATA_TYPE_": "extg", "MULTI_ADDR": "n", "X_ADDR": 25552.644679199999, "Y_ADDR": 34109.531649099998, "BUILDING_I": "100000000010208090600060030908", "Temple_Nam": "Kuan Yin Shan Temple", "Address": "396 / 398 Dunearn Road", "Postal_C_1": "289606", "Temple_Cat": 1 }, "geometry": { "type": "Point", "coordinates": [ 103.811327774237242, 1.324748910322064 ] } },
{ "type": "Feature", "properties": { "OBJECTID_1": 165, "OBJECTID": 65633, "FEA_ID": 97213.0, "BUILDING_N": "HDB-TAMPINES", "HOUSE_BLK_": "164", "ROAD_NAME": "SIMEI ROAD", "POSTAL_COD": "520164", "ADDRESS_TY": "H", "DATA_TYPE_": "extg", "MULTI_ADDR": "n", "X_ADDR": 41924.761941600002, "Y_ADDR": 36467.264867099999, "BUILDING_I": "100000000000502000106040000000", "Temple_Nam": "Fa Yin Tan", "Address": "BLK 164 Pasir Ris Drive 4", "Postal_C_1": "520164", "Temple_Cat": 2 }, "geometry": { "type": "Point", "coordinates": [ 103.958441040952806, 1.346068282862336 ] } },
{ "type": "Feature", "properties": { "OBJECTID_1": 166, "OBJECTID": 66125, "FEA_ID": 113768.0, "BUILDING_N": "BRICKWORKS ESTATE", "HOUSE_BLK_": "3", "ROAD_NAME": "JALAN BUKIT MERAH", "POSTAL_COD": "150003", "ADDRESS_TY": "H", "DATA_TYPE_": "extg", "MULTI_ADDR": "n", "X_ADDR": 25070.249657199998, "Y_ADDR": 29950.8298211, "BUILDING_I": "100000000000105000000030000000", "Temple_Nam": "Yin Shan Dian", "Address": "BLK 3 Jalan Bukit Merah #11-5100", "Postal_C_1": "150003", "Temple_Cat": 2 }, "geometry": { "type": "Point", "coordinates": [ 103.806993587247362, 1.287139037981838 ] } },
{ "type": "Feature", "properties": { "OBJECTID_1": 167, "OBJECTID": 66475, "FEA_ID": 33426.0, "BUILDING_N": "HDB-JURONG WEST", "HOUSE_BLK_": "827", "ROAD_NAME": "JURONG WEST STREET 81", "POSTAL_COD": "640827", "ADDRESS_TY": "H", "DATA_TYPE_": "extg", "MULTI_ADDR": "n", "X_ADDR": 12401.2185271, "Y_ADDR": 36419.7650479, "BUILDING_I": "100000000000604000802070000000", "Temple_Nam": "Chay Lam Dua", "Address": "Blk 827 Jurong West Street #08-282", "Postal_C_1": "640827", "Temple_Cat": 2 }, "geometry": { "type": "Point", "coordinates": [ 103.693154085900971, 1.34563788754112 ] } },
{ "type": "Feature", "properties": { "OBJECTID_1": 168, "OBJECTID": 67052, "FEA_ID": 7168.0, "BUILDING_N": "JURONG TEMPLE", "HOUSE_BLK_": "741", "ROAD_NAME": "JURONG WEST STREET 42", "POSTAL_COD": "649369", "ADDRESS_TY": "K", "DATA_TYPE_": "extg", "MULTI_ADDR": "n", "X_ADDR": 15861.9390766, "Y_ADDR": 37229.708990400002, "BUILDING_I": "100000000010604090306090070401", "Temple_Nam": "Jurong Temple (Qiong Yao Jiao Di Temple)", "Address": "741 Jurong West St 42, #01-01", "Postal_C_1": "649369", "Temple_Cat": 1 }, "geometry": { "type": "Point", "coordinates": [ 103.724250384948718, 1.352964317880982 ] } },
{ "type": "Feature", "properties": { "OBJECTID_1": 169, "OBJECTID": 67382, "FEA_ID": 63221.0, "BUILDING_N": "CHENG YAN COURT", "HOUSE_BLK_": "269", "ROAD_NAME": "QUEEN STREET", "POSTAL_COD": "180269", "ADDRESS_TY": "H", "DATA_TYPE_": "extg", "MULTI_ADDR": "n", "X_ADDR": 30262.486325000002, "Y_ADDR": 31398.284029800001, "BUILDING_I": "100000000000108000206090000000", "Temple_Nam": "Jiu Tian Xuan Nv Gong (Si Ma Lu)", "Address": "BLK 269 Queen  St #02-250", "Postal_C_1": "180269", "Temple_Cat": 2 }, "geometry": { "type": "Point", "coordinates": [ 103.85364803885787, 1.300229359674211 ] } },
{ "type": "Feature", "properties": { "OBJECTID_1": 170, "OBJECTID": 67399, "FEA_ID": 70031.0, "BUILDING_N": "lin chee cheng sia temple", "HOUSE_BLK_": "14E", "ROAD_NAME": "RICHARDS AVENUE", "POSTAL_COD": "546415", "ADDRESS_TY": "S", "DATA_TYPE_": "extg", "MULTI_ADDR": "n", "X_ADDR": 33478.577791399999, "Y_ADDR": 38139.703632099998, "BUILDING_I": "100000000010504060401050609104", "Temple_Nam": "Lin Chee Cheng Sia Temple", "Address": "14E / F Richards Avenue, 546415-6", "Postal_C_1": "546415", "Temple_Cat": 3 }, "geometry": { "type": "Point", "coordinates": [ 103.882547273549264, 1.36119594745686 ] } },
{ "type": "Feature", "properties": { "OBJECTID_1": 171, "OBJECTID": 68888, "FEA_ID": 105649.0, "BUILDING_N": "TIAN KONG BUDDHIST TEMPLE", "HOUSE_BLK_": "51", "ROAD_NAME": "BEDOK NORTH AVENUE 4", "POSTAL_COD": "469695", "ADDRESS_TY": "S", "DATA_TYPE_": "extg", "MULTI_ADDR": "n", "X_ADDR": 40873.006169, "Y_ADDR": 35347.731330399998, "BUILDING_I": "100000000010406090609050000501", "Temple_Nam": "Tian Kong Buddhist Tp", "Address": "51 Bedok North Avenue 4", "Postal_C_1": "469695", "Temple_Cat": 1 }, "geometry": { "type": "Point", "coordinates": [ 103.948989913326855, 1.335944108892823 ] } },
{ "type": "Feature", "properties": { "OBJECTID_1": 172, "OBJECTID": 68976, "FEA_ID": 12327.0, "BUILDING_N": "HENDERSON INDUSTRIAL PARK", "HOUSE_BLK_": "219", "ROAD_NAME": "HENDERSON ROAD", "POSTAL_COD": "159556", "ADDRESS_TY": "I", "DATA_TYPE_": "extg", "MULTI_ADDR": "n", "X_ADDR": 26503.780744700001, "Y_ADDR": 29186.471883499999, "BUILDING_I": "100000000010105090505060020109", "Temple_Nam": "HWA YEN BUDDHIST SOCIETY", "Address": "219 Henderson Road #03-04 \nHenderson Industrial Park", "Postal_C_1": "159556", "Temple_Cat": 3 }, "geometry": { "type": "Point", "coordinates": [ 103.819874479706343, 1.280226554133475 ] } },
{ "type": "Feature", "properties": { "OBJECTID_1": 173, "OBJECTID": 69346, "FEA_ID": 45752.0, "BUILDING_N": "LING SAN TENG TEMPLE", "HOUSE_BLK_": "1", "ROAD_NAME": "LENG KEE ROAD", "POSTAL_COD": "159085", "ADDRESS_TY": "S", "DATA_TYPE_": "extg", "MULTI_ADDR": "n", "X_ADDR": 25966.116808300001, "Y_ADDR": 30270.929367199999, "BUILDING_I": "100000000010105090008050000001", "Temple_Nam": "Leng San Teng Temple", "Address": "1 Leng Kee Road", "Postal_C_1": "159085", "Temple_Cat": 1 }, "geometry": { "type": "Point", "coordinates": [ 103.815043294936501, 1.290033976370606 ] } },
{ "type": "Feature", "properties": { "OBJECTID_1": 174, "OBJECTID": 69482, "FEA_ID": 113092.0, "BUILDING_N": "GEK LIM BUILDING", "HOUSE_BLK_": "280", "ROAD_NAME": "SIMS AVENUE", "POSTAL_COD": "387515", "ADDRESS_TY": "U", "DATA_TYPE_": "extg", "MULTI_ADDR": "y", "X_ADDR": 33590.125269600001, "Y_ADDR": 33041.216747, "BUILDING_I": "101000000010308070561457646902", "Temple_Nam": "HUA YAN BUDDHIST SOCIETY", "Address": "280A Sim's Avenue", "Postal_C_1": "387515", "Temple_Cat": 3 }, "geometry": { "type": "Point", "coordinates": [ 103.883548664313665, 1.315087038132799 ] } },
{ "type": "Feature", "properties": { "OBJECTID_1": 175, "OBJECTID": 69502, "FEA_ID": 128080.0, "BUILDING_N": "TIAN GONG TAN TEMPLE", "HOUSE_BLK_": "101A", "ROAD_NAME": "SIN MING ROAD", "POSTAL_COD": "575593", "ADDRESS_TY": "S", "DATA_TYPE_": "estm", "MULTI_ADDR": "n", "X_ADDR": 28810.662297300001, "Y_ADDR": 37741.202017399999, "BUILDING_I": "500000000000507050509030000000", "Temple_Nam": "Tian Gong Tan Temple", "Address": "101A Sin Min Industrial Estate, Sin Ming Rd", "Postal_C_1": "575593", "Temple_Cat": 1 }, "geometry": { "type": "Point", "coordinates": [ 103.84060291305083, 1.357592535027596 ] } },
{ "type": "Feature", "properties": { "OBJECTID_1": 176, "OBJECTID": 69651, "FEA_ID": 92072.0, "BUILDING_N": "HONG LENG YIEN TEMPLE", "HOUSE_BLK_": "116", "ROAD_NAME": "KENG LEE ROAD", "POSTAL_COD": "308402", "ADDRESS_TY": "S", "DATA_TYPE_": "extg", "MULTI_ADDR": "n", "X_ADDR": 29274.121668600001, "Y_ADDR": 32922.672521699998, "BUILDING_I": "100000000010300080400020010106", "Temple_Nam": "Hong Leng Yien Temple", "Address": "116 Keng Lee Road", "Postal_C_1": "308402", "Temple_Cat": 3 }, "geometry": { "type": "Point", "coordinates": [ 103.844767199277726, 1.314015447692224 ] } },
{ "type": "Feature", "properties": { "OBJECTID_1": 177, "OBJECTID": 69716, "FEA_ID": 116557.0, "BUILDING_N": "TAI KAK SEAH TEMPLE", "HOUSE_BLK_": "86", "ROAD_NAME": "LORONG K TELOK KURAU", "POSTAL_COD": "425720", "ADDRESS_TY": "S", "DATA_TYPE_": "extg", "MULTI_ADDR": "n", "X_ADDR": 36818.396118700002, "Y_ADDR": 32806.961531000001, "BUILDING_I": "100000000010402050702000000806", "Temple_Nam": "Tai Kak Seah Temple", "Address": "86 Lorong K Telok Kurau", "Postal_C_1": "425720", "Temple_Cat": 3 }, "geometry": { "type": "Point", "coordinates": [ 103.912556218556304, 1.312967761677422 ] } },
{ "type": "Feature", "properties": { "OBJECTID_1": 178, "OBJECTID": 70145, "FEA_ID": 66926.0, "BUILDING_N": "QI TIAN TAN TEMPLE", "HOUSE_BLK_": "98", "ROAD_NAME": "DEPOT ROAD", "POSTAL_COD": "109669", "ADDRESS_TY": "S", "DATA_TYPE_": "extg", "MULTI_ADDR": "n", "X_ADDR": 25889.9702493, "Y_ADDR": 29325.1860877, "BUILDING_I": "100000000010100090626190626804", "Temple_Nam": "Qi Tian Tan Temple", "Address": "98 Depot Road", "Postal_C_1": "109669", "Temple_Cat": 2 }, "geometry": { "type": "Point", "coordinates": [ 103.814359149673649, 1.281481001915248 ] } },
{ "type": "Feature", "properties": { "OBJECTID_1": 179, "OBJECTID": 70696, "FEA_ID": 111364.0, "BUILDING_N": " ", "HOUSE_BLK_": "68", "ROAD_NAME": "JALAN PEMIMPIN", "POSTAL_COD": "577220", "ADDRESS_TY": "S", "DATA_TYPE_": "extg", "MULTI_ADDR": "n", "X_ADDR": 29181.895243300001, "Y_ADDR": 37088.465018299998, "BUILDING_I": "100000000010507070212001686702", "Temple_Nam": "Tien Kong Thun Temple", "Address": "68 Jalan Pemimpin", "Postal_C_1": "577220", "Temple_Cat": 1 }, "geometry": { "type": "Point", "coordinates": [ 103.84393865985399, 1.351689402013653 ] } },
{ "type": "Feature", "properties": { "OBJECTID_1": 180, "OBJECTID": 70722, "FEA_ID": 124259.0, "BUILDING_N": "LEANG SAN KING TEMPLE", "HOUSE_BLK_": "55", "ROAD_NAME": "LORONG PUNTONG", "POSTAL_COD": "576442", "ADDRESS_TY": "S", "DATA_TYPE_": "extg", "MULTI_ADDR": "n", "X_ADDR": 27769.110013400001, "Y_ADDR": 38186.319716999998, "BUILDING_I": "100000000010507060404020000505", "Temple_Nam": "Leang San King Temple", "Address": "55 Lorong Puntong", "Postal_C_1": "576442", "Temple_Cat": 3 }, "geometry": { "type": "Point", "coordinates": [ 103.831243876987102, 1.361618031518036 ] } },
{ "type": "Feature", "properties": { "OBJECTID_1": 181, "OBJECTID": 71403, "FEA_ID": 211836.0, "BUILDING_N": " ", "HOUSE_BLK_": "82", "ROAD_NAME": "CHANGI ROAD", "POSTAL_COD": "419716", "ADDRESS_TY": "S", "DATA_TYPE_": "extg", "MULTI_ADDR": "n", "X_ADDR": 35529.080774399998, "Y_ADDR": 33206.880867799999, "BUILDING_I": "100000000110421990711262605003", "Temple_Nam": "Hoon Sian Keng", "Address": "82 Changi Road", "Postal_C_1": "419716", "Temple_Cat": 1 }, "geometry": { "type": "Point", "coordinates": [ 103.900971187490285, 1.31658483105969 ] } },
{ "type": "Feature", "properties": { "OBJECTID_1": 182, "OBJECTID": 71750, "FEA_ID": 42355.0, "BUILDING_N": "YISHUN TOWN COMBINED TEMPLE", "HOUSE_BLK_": "19", "ROAD_NAME": "YISHUN AVENUE 9", "POSTAL_COD": "768891", "ADDRESS_TY": "S", "DATA_TYPE_": "extg", "MULTI_ADDR": "n", "X_ADDR": 28912.519238299999, "Y_ADDR": 46211.458143600001, "BUILDING_I": "100000000010706080809010000109", "Temple_Nam": "Reservoir Tua Pek Kong Temple", "Address": "19 Yishun Ave 9 Lot 59-7Pt MK 19", "Postal_C_1": "768891", "Temple_Cat": 1 }, "geometry": { "type": "Point", "coordinates": [ 103.841518429746401, 1.434194485828893 ] } },
{ "type": "Feature", "properties": { "OBJECTID_1": 183, "OBJECTID": 72309, "FEA_ID": 13208.0, "BUILDING_N": "HONG THO BILW TEMPLE", "HOUSE_BLK_": "31", "ROAD_NAME": "MARSILING INDUSTRIAL ESTATE ROAD 3", "POSTAL_COD": "739255", "ADDRESS_TY": "S", "DATA_TYPE_": "extg", "MULTI_ADDR": "n", "X_ADDR": 22367.7696134, "Y_ADDR": 46820.266975799997, "BUILDING_I": "100000000010703090275054676808", "Temple_Nam": "Hong Tho Bilw Temple", "Address": "31 Marsiling Industrial Estate Road 3", "Postal_C_1": "739255", "Temple_Cat": 1 }, "geometry": { "type": "Point", "coordinates": [ 103.782707528535269, 1.439699781490882 ] } },
{ "type": "Feature", "properties": { "OBJECTID_1": 184, "OBJECTID": 72655, "FEA_ID": 69167.0, "BUILDING_N": " ", "HOUSE_BLK_": "83", "ROAD_NAME": "PHENG GECK AVENUE", "POSTAL_COD": "348270", "ADDRESS_TY": "S", "DATA_TYPE_": "extg", "MULTI_ADDR": "n", "X_ADDR": 32087.139390100001, "Y_ADDR": 34967.922253999997, "BUILDING_I": "100000000010304080207000000803", "Temple_Nam": " KALYANAMITTA CENTRE (SINGAPORE)", "Address": "83 Pheng Geck Avenue", "Postal_C_1": "348270", "Temple_Cat": 6 }, "geometry": { "type": "Point", "coordinates": [ 103.870043839418074, 1.332511714001424 ] } },
{ "type": "Feature", "properties": { "OBJECTID_1": 185, "OBJECTID": 72776, "FEA_ID": 153919.0, "BUILDING_N": " ", "HOUSE_BLK_": "15", "ROAD_NAME": "WOODLANDS INDUSTRIAL PARK E4", "POSTAL_COD": "757749", "ADDRESS_TY": "S", "DATA_TYPE_": "extg", "MULTI_ADDR": "n", "X_ADDR": 23767.842835, "Y_ADDR": 48097.3194583, "BUILDING_I": "109000000040705070724594666905", "Temple_Nam": "Fei Long Gong", "Address": "15 Woodlands Industrial Park E4", "Postal_C_1": "757749", "Temple_Cat": 1 }, "geometry": { "type": "Point", "coordinates": [ 103.795288349191026, 1.451249224139964 ] } },
{ "type": "Feature", "properties": { "OBJECTID_1": 186, "OBJECTID": 72877, "FEA_ID": 56450.0, "BUILDING_N": "CHENG LIM SEE TEMPLE", "HOUSE_BLK_": "8", "ROAD_NAME": "JALAN SOO BEE", "POSTAL_COD": "488112", "ADDRESS_TY": "S", "DATA_TYPE_": "extg", "MULTI_ADDR": "n", "X_ADDR": 41205.451087399997, "Y_ADDR": 35373.014177199999, "BUILDING_I": "109000000110408280101122605000", "Temple_Nam": "Cheng Lim See Tpemple", "Address": "8/10 Jalan Soo Bee", "Postal_C_1": "488112", "Temple_Cat": 3 }, "geometry": { "type": "Point", "coordinates": [ 103.951977128161616, 1.336172613901222 ] } },
{ "type": "Feature", "properties": { "OBJECTID_1": 187, "OBJECTID": 73047, "FEA_ID": 78511.0, "BUILDING_N": "TAI PEI YUEN TEMPLE", "HOUSE_BLK_": "7", "ROAD_NAME": "JALAN KEMAMAN", "POSTAL_COD": "329333", "ADDRESS_TY": "S", "DATA_TYPE_": "extg", "MULTI_ADDR": "n", "X_ADDR": 29999.718032799999, "Y_ADDR": 34367.385510400003, "BUILDING_I": "100000000010302090303030000007", "Temple_Nam": "Tai Pei Yuen Temple", "Address": "7 Jalan Kemaman", "Postal_C_1": "329333", "Temple_Cat": 3 }, "geometry": { "type": "Point", "coordinates": [ 103.851287138793424, 1.327080882405671 ] } },
{ "type": "Feature", "properties": { "OBJECTID_1": 188, "OBJECTID": 73448, "FEA_ID": 41568.0, "BUILDING_N": "BURMESE BUDDHIST TEMPLE", "HOUSE_BLK_": "14", "ROAD_NAME": "TAI GIN ROAD", "POSTAL_COD": "327873", "ADDRESS_TY": "S", "DATA_TYPE_": "extg", "MULTI_ADDR": "n", "X_ADDR": 29515.2499264, "Y_ADDR": 34517.0616887, "BUILDING_I": "100000000010302070867133636809", "Temple_Nam": "Burmese Buddhist Temple", "Address": "14 Tai Gin Road", "Postal_C_1": "327873", "Temple_Cat": 5 }, "geometry": { "type": "Point", "coordinates": [ 103.846933935572338, 1.328434528517421 ] } },
{ "type": "Feature", "properties": { "OBJECTID_1": 189, "OBJECTID": 73691, "FEA_ID": 52920.0, "BUILDING_N": "HO LIM KONG TEMPLE", "HOUSE_BLK_": "20", "ROAD_NAME": "OUTRAM HILL", "POSTAL_COD": "169115", "ADDRESS_TY": "S", "DATA_TYPE_": "extg", "MULTI_ADDR": "n", "X_ADDR": 28346.592148299998, "Y_ADDR": 29631.261145199998, "BUILDING_I": "100000000010106090101050000200", "Temple_Nam": "Ho Lim Keng Temple", "Address": "20 Outram Hill", "Postal_C_1": "169115", "Temple_Cat": 1 }, "geometry": { "type": "Point", "coordinates": [ 103.836432846473457, 1.28424910576232 ] } },
{ "type": "Feature", "properties": { "OBJECTID_1": 190, "OBJECTID": 73877, "FEA_ID": 32939.0, "BUILDING_N": "HDB-CHOA CHU KANG", "HOUSE_BLK_": "407", "ROAD_NAME": "CHOA CHU KANG AVENUE 3", "POSTAL_COD": "680407", "ADDRESS_TY": "H", "DATA_TYPE_": "extg", "MULTI_ADDR": "n", "X_ADDR": 17706.297143899999, "Y_ADDR": 40263.778246399997, "BUILDING_I": "100000000000608000400070000000", "Temple_Nam": "Yi Fu Long Tan", "Address": "BLK 407 Choa Chu Kang Ave 3 #02-287", "Postal_C_1": "680407", "Temple_Cat": 2 }, "geometry": { "type": "Point", "coordinates": [ 103.740822049107067, 1.38040401418825 ] } },
{ "type": "Feature", "properties": { "OBJECTID_1": 191, "OBJECTID": 74155, "FEA_ID": 58836.0, "BUILDING_N": " ", "HOUSE_BLK_": "3", "ROAD_NAME": "JALAN ANGIN LAUT", "POSTAL_COD": "489176", "ADDRESS_TY": "S", "DATA_TYPE_": "extg", "MULTI_ADDR": "n", "X_ADDR": 41594.5319132, "Y_ADDR": 35523.840841600002, "BUILDING_I": "100000000020408090107060000003", "Temple_Nam": "Buddhist Union, the aks\nThe Buddhist Foo Yeun Lim Temple", "Address": "3 Jalan Angin Laut", "Postal_C_1": "489176", "Temple_Cat": 5 }, "geometry": { "type": "Point", "coordinates": [ 103.955473304657716, 1.337536461448236 ] } },
{ "type": "Feature", "properties": { "OBJECTID_1": 192, "OBJECTID": 74343, "FEA_ID": 15443.0, "BUILDING_N": " ", "HOUSE_BLK_": "18", "ROAD_NAME": "VAUGHAN ROAD", "POSTAL_COD": "358105", "ADDRESS_TY": "S", "DATA_TYPE_": "extg", "MULTI_ADDR": "n", "X_ADDR": 32229.063877199998, "Y_ADDR": 36668.240283599996, "BUILDING_I": "100000000010305080100050000108", "Temple_Nam": "Singapore Buddhist Youth Mission (Branch)", "Address": "18 Vaughan Road", "Postal_C_1": "358105", "Temple_Cat": 3 }, "geometry": { "type": "Point", "coordinates": [ 103.871319347910571, 1.347888763838026 ] } },
{ "type": "Feature", "properties": { "OBJECTID_1": 193, "OBJECTID": 75153, "FEA_ID": 35039.0, "BUILDING_N": "LENG TECK HOOD YEE TEMPLE", "HOUSE_BLK_": "36", "ROAD_NAME": "JALAN KEMBANGAN", "POSTAL_COD": "419110", "ADDRESS_TY": "S", "DATA_TYPE_": "extg", "MULTI_ADDR": "n", "X_ADDR": 36979.301325499997, "Y_ADDR": 33794.085109300002, "BUILDING_I": "100000000010401090101000000306", "Temple_Nam": "Leng Teck Hood Yee Temple", "Address": "36 Jalan Kembangan", "Postal_C_1": "419110", "Temple_Cat": 1 }, "geometry": { "type": "Point", "coordinates": [ 103.91400231746934, 1.321894903261697 ] } },
{ "type": "Feature", "properties": { "OBJECTID_1": 194, "OBJECTID": 77097, "FEA_ID": 102960.0, "BUILDING_N": "CHEO LIM CHIN SUN LIAP HUP KENG TEMPLE", "HOUSE_BLK_": "7", "ROAD_NAME": "BEDOK NORTH STREET 5", "POSTAL_COD": "485874", "ADDRESS_TY": "S", "DATA_TYPE_": "extg", "MULTI_ADDR": "n", "X_ADDR": 40894.1262298, "Y_ADDR": 35269.009722800001, "BUILDING_I": "109000000020408050857647636905", "Temple_Nam": "Chin Pin Tze Temple", "Address": "7 Bedok North Street 5, Ave 4.", "Postal_C_1": "485874", "Temple_Cat": 1 }, "geometry": { "type": "Point", "coordinates": [ 103.949179655604112, 1.335232171122382 ] } },
{ "type": "Feature", "properties": { "OBJECTID_1": 195, "OBJECTID": 77298, "FEA_ID": 74714.0, "BUILDING_N": "EUNOS SPRING", "HOUSE_BLK_": "139", "ROAD_NAME": "BEDOK RESERVOIR ROAD", "POSTAL_COD": "470139", "ADDRESS_TY": "H", "DATA_TYPE_": "extg", "MULTI_ADDR": "n", "X_ADDR": 36938.117707999998, "Y_ADDR": 35172.517842399997, "BUILDING_I": "100000000000407000103090000000", "Temple_Nam": "Bao Xing Tan", "Address": "139 Bedok Reservoir Road #02-1489", "Postal_C_1": "470139", "Temple_Cat": 2 }, "geometry": { "type": "Point", "coordinates": [ 103.91363266363733, 1.334360960404343 ] } },
{ "type": "Feature", "properties": { "OBJECTID_1": 196, "OBJECTID": 78050, "FEA_ID": 103408.0, "BUILDING_N": "OPERA ESTATE", "HOUSE_BLK_": "87", "ROAD_NAME": "AIDA STREET", "POSTAL_COD": "459988", "ADDRESS_TY": "R", "DATA_TYPE_": "extg", "MULTI_ADDR": "n", "X_ADDR": 38391.788324900001, "Y_ADDR": 33707.229162600001, "BUILDING_I": "100000000010405090908080000807", "Temple_Nam": "RUWAN BUDDHIST SOCIETY", "Address": "87 Aida Street", "Postal_C_1": "459988", "Temple_Cat": 3 }, "geometry": { "type": "Point", "coordinates": [ 103.92669421492792, 1.321108962388826 ] } },
{ "type": "Feature", "properties": { "OBJECTID_1": 197, "OBJECTID": 78530, "FEA_ID": 107723.0, "BUILDING_N": "TIAN KONG TEMPLE", "HOUSE_BLK_": "85", "ROAD_NAME": "TAMPINES LINK", "POSTAL_COD": "528741", "ADDRESS_TY": "S", "DATA_TYPE_": "extg", "MULTI_ADDR": "n", "X_ADDR": 38759.613731500001, "Y_ADDR": 38897.388478100002, "BUILDING_I": "100000000010582181734311090906", "Temple_Nam": "Tian Kong Temple", "Address": "85 Tampines Link", "Postal_C_1": "528741", "Temple_Cat": 1 }, "geometry": { "type": "Point", "coordinates": [ 103.930001161207244, 1.368046724931417 ] } },
{ "type": "Feature", "properties": { "OBJECTID_1": 198, "OBJECTID": 78600, "FEA_ID": 36541.0, "BUILDING_N": " ", "HOUSE_BLK_": "67", "ROAD_NAME": "ANCHORVALE LINK", "POSTAL_COD": "545071", "ADDRESS_TY": "K", "DATA_TYPE_": "extg", "MULTI_ADDR": "n", "X_ADDR": 34337.149338299998, "Y_ADDR": 41749.530323, "BUILDING_I": "109000000015504450017711695909", "Temple_Nam": "Chee Hoon Kog Temple", "Address": "67 Anchorvale Link", "Postal_C_1": "545071", "Temple_Cat": 9 }, "geometry": { "type": "Point", "coordinates": [ 103.890262886702672, 1.393841741693869 ] } },
{ "type": "Feature", "properties": { "OBJECTID_1": 199, "OBJECTID": 78811, "FEA_ID": 94103.0, "BUILDING_N": "HDB-TAMAN JURONG", "HOUSE_BLK_": "158", "ROAD_NAME": "YUNG LOH ROAD", "POSTAL_COD": "610158", "ADDRESS_TY": "H", "DATA_TYPE_": "extg", "MULTI_ADDR": "n", "X_ADDR": 15639.8081556, "Y_ADDR": 34575.649427099997, "BUILDING_I": "100000000000601000105080000000", "Temple_Nam": "Wu Dang Shan Zhen Wu Guan", "Address": "BLK 158 Yung Loh Road #03-56", "Postal_C_1": "610158", "Temple_Cat": 2 }, "geometry": { "type": "Point", "coordinates": [ 103.722255482250873, 1.328961899358845 ] } },
{ "type": "Feature", "properties": { "OBJECTID_1": 200, "OBJECTID": 78874, "FEA_ID": 68343.0, "BUILDING_N": "EUNOS DAMAI VILLE", "HOUSE_BLK_": "672", "ROAD_NAME": "JALAN DAMAI", "POSTAL_COD": "410672", "ADDRESS_TY": "H", "DATA_TYPE_": "extg", "MULTI_ADDR": "n", "X_ADDR": 36395.526900500001, "Y_ADDR": 34920.580675700003, "BUILDING_I": "100000000000401000607020000000", "Temple_Nam": "Tian Di Dian", "Address": "BLK 672 Jalan Damai #09-23", "Postal_C_1": "410672", "Temple_Cat": 2 }, "geometry": { "type": "Point", "coordinates": [ 103.908757109616474, 1.332082687355771 ] } },
{ "type": "Feature", "properties": { "OBJECTID_1": 201, "OBJECTID": 79130, "FEA_ID": 12492.0, "BUILDING_N": "PO CHIAK KENG TEMPLE", "HOUSE_BLK_": "15", "ROAD_NAME": "MAGAZINE ROAD", "POSTAL_COD": "059568", "ADDRESS_TY": "S", "DATA_TYPE_": "extg", "MULTI_ADDR": "n", "X_ADDR": 29061.277842700001, "Y_ADDR": 30188.862269500001, "BUILDING_I": "100000000010005090506080000105", "Temple_Nam": "Po Chiak Keng (Tan Si Chong Su Temple)", "Address": "15 Magazine Rd", "Postal_C_1": "059568", "Temple_Cat": 1 }, "geometry": { "type": "Point", "coordinates": [ 103.842854598265347, 1.289291838828708 ] } },
{ "type": "Feature", "properties": { "OBJECTID_1": 202, "OBJECTID": 79384, "FEA_ID": 21238.0, "BUILDING_N": "MOU SHAN TIN YAM MEDITATION ALTAR", "HOUSE_BLK_": "370", "ROAD_NAME": "RACE COURSE ROAD", "POSTAL_COD": "218640", "ADDRESS_TY": "S", "DATA_TYPE_": "extg", "MULTI_ADDR": "n", "X_ADDR": 30638.350847599999, "Y_ADDR": 33004.539003099999, "BUILDING_I": "100000000010281081604101090905", "Temple_Nam": "Mao Shan Tian Yin Fa Tan Heng Fo Si", "Address": "370 Race Course Road", "Postal_C_1": "218640", "Temple_Cat": 1 }, "geometry": { "type": "Point", "coordinates": [ 103.857025486925494, 1.314755732593589 ] } },
{ "type": "Feature", "properties": { "OBJECTID_1": 203, "OBJECTID": 79627, "FEA_ID": 5718.0, "BUILDING_N": "HDB-HOUGANG", "HOUSE_BLK_": "525", "ROAD_NAME": "HOUGANG AVENUE 6", "POSTAL_COD": "530525", "ADDRESS_TY": "H", "DATA_TYPE_": "extg", "MULTI_ADDR": "n", "X_ADDR": 34459.044320200002, "Y_ADDR": 39646.615935000002, "BUILDING_I": "100000000000503000502050000000", "Temple_Nam": "Long Yun Gong", "Address": "BLK 525 Hougang Ave 6 #04-181", "Postal_C_1": "530525", "Temple_Cat": 2 }, "geometry": { "type": "Point", "coordinates": [ 103.891357746956331, 1.374823720383685 ] } },
{ "type": "Feature", "properties": { "OBJECTID_1": 204, "OBJECTID": 80080, "FEA_ID": 134611.0, "BUILDING_N": " ", "HOUSE_BLK_": "106", "ROAD_NAME": "PASIR PANJANG ROAD", "POSTAL_COD": "118534", "ADDRESS_TY": "S", "DATA_TYPE_": "extg", "MULTI_ADDR": "n", "X_ADDR": 23653.828667500002, "Y_ADDR": 28684.401794400001, "BUILDING_I": "100000900010101080503040010006", "Temple_Nam": "Phoh Teck Siang Tng Tp", "Address": "106 Pasir Panjang Road", "Postal_C_1": "118534", "Temple_Cat": 7 }, "geometry": { "type": "Point", "coordinates": [ 103.794266646745427, 1.275685745360368 ] } },
{ "type": "Feature", "properties": { "OBJECTID_1": 205, "OBJECTID": 80498, "FEA_ID": 69938.0, "BUILDING_N": " ", "HOUSE_BLK_": "1076", "ROAD_NAME": "SERANGOON ROAD", "POSTAL_COD": "328180", "ADDRESS_TY": "U", "DATA_TYPE_": "extg", "MULTI_ADDR": "y", "X_ADDR": 31502.522576799998, "Y_ADDR": 33958.979575799996, "BUILDING_I": "101000000010302080108001000706", "Temple_Nam": "Shun Li Tan", "Address": "1076A, Serangoon Road", "Postal_C_1": "328180", "Temple_Cat": 1 }, "geometry": { "type": "Point", "coordinates": [ 103.864790611573412, 1.323387268305249 ] } },
{ "type": "Feature", "properties": { "OBJECTID_1": 206, "OBJECTID": 80538, "FEA_ID": 90653.0, "BUILDING_N": "LIUXUN SANHEMIAO TEMPLE", "HOUSE_BLK_": "4", "ROAD_NAME": "ANG MO KIO STREET 63", "POSTAL_COD": "569112", "ADDRESS_TY": "S", "DATA_TYPE_": "extg", "MULTI_ADDR": "y", "X_ADDR": 29709.875876599999, "Y_ADDR": 40834.4325598, "BUILDING_I": "101000000010506090141024606901", "Temple_Nam": "Feng Shan Tang\nFeng Shan Tang / Jin Fa Dian / Quan Sheng Gong", "Address": "4 \\ 6 \\ 8 Ang Mo Kio St 63", "Postal_C_1": "569112", "Temple_Cat": 1 }, "geometry": { "type": "Point", "coordinates": [ 103.848683116939597, 1.385566568391979 ] } },
{ "type": "Feature", "properties": { "OBJECTID_1": 207, "OBJECTID": 81364, "FEA_ID": 231883.0, "BUILDING_N": "PU TI BUDDHIST TEMPLE", "HOUSE_BLK_": "121C", "ROAD_NAME": "PUNGGOL ROAD", "POSTAL_COD": "546637", "ADDRESS_TY": "S", "DATA_TYPE_": "extg", "MULTI_ADDR": "n", "X_ADDR": 35020.144847199997, "Y_ADDR": 40253.023426400003, "BUILDING_I": "100001040212504060613572605004", "Temple_Nam": "Pu Ti Buddhist Temple", "Address": "121C Punggol Road", "Postal_C_1": "546637", "Temple_Cat": 3 }, "geometry": { "type": "Point", "coordinates": [ 103.896399781966167, 1.380307720789867 ] } },
{ "type": "Feature", "properties": { "OBJECTID_1": 208, "OBJECTID": 82204, "FEA_ID": 111314.0, "BUILDING_N": "LIANHUA GONG ASSOCIATION", "HOUSE_BLK_": "552", "ROAD_NAME": "LORONG 3 GEYLANG", "POSTAL_COD": "388977", "ADDRESS_TY": "S", "DATA_TYPE_": "extg", "MULTI_ADDR": "n", "X_ADDR": 32531.376412400001, "Y_ADDR": 33326.795687899998, "BUILDING_I": "100000000010308080907070050502", "Temple_Nam": "Lian Hua Gong Association", "Address": "Blk 8, 552 Geylang Lor 3", "Postal_C_1": "388977", "Temple_Cat": 2 }, "geometry": { "type": "Point", "coordinates": [ 103.874035317289014, 1.317669886945266 ] } },
{ "type": "Feature", "properties": { "OBJECTID_1": 209, "OBJECTID": 82357, "FEA_ID": 47238.0, "BUILDING_N": "GEYLANG CONSERVATION AREA", "HOUSE_BLK_": "11", "ROAD_NAME": "LORONG BACHOK", "POSTAL_COD": "387785", "ADDRESS_TY": "S", "DATA_TYPE_": "extg", "MULTI_ADDR": "n", "X_ADDR": 33138.342681100003, "Y_ADDR": 32926.998603499997, "BUILDING_I": "100000000010308070708050000101", "Temple_Nam": "DHAMMA DUTA BUDDHIST CENTRE", "Address": "11, Lorong Bachok Geylang", "Postal_C_1": "387785", "Temple_Cat": 5 }, "geometry": { "type": "Point", "coordinates": [ 103.879489152600954, 1.314054168468273 ] } },
{ "type": "Feature", "properties": { "OBJECTID_1": 210, "OBJECTID": 82911, "FEA_ID": 114731.0, "BUILDING_N": " ", "HOUSE_BLK_": "39", "ROAD_NAME": "LORONG 20 GEYLANG", "POSTAL_COD": "398755", "ADDRESS_TY": "S", "DATA_TYPE_": "extg", "MULTI_ADDR": "n", "X_ADDR": 33368.145688500001, "Y_ADDR": 32605.2055335, "BUILDING_I": "100000000010309080705050000309", "Temple_Nam": "Chan Zong Si", "Address": "39 Lorong 20 Geylang", "Postal_C_1": "398755", "Temple_Cat": 1 }, "geometry": { "type": "Point", "coordinates": [ 103.881553991101711, 1.31114394711833 ] } },
{ "type": "Feature", "properties": { "OBJECTID_1": 211, "OBJECTID": 83987, "FEA_ID": 82511.0, "BUILDING_N": "PHOK KIU SIANG TNG TP", "HOUSE_BLK_": "15", "ROAD_NAME": "SIMON LANE", "POSTAL_COD": "546040", "ADDRESS_TY": "S", "DATA_TYPE_": "extg", "MULTI_ADDR": "n", "X_ADDR": 33696.320278599997, "Y_ADDR": 38297.050141200001, "BUILDING_I": "100000000020504060004000000105", "Temple_Nam": "Phoh Kiu Siang Tng Tp", "Address": "15 Simon Lane", "Postal_C_1": "546040", "Temple_Cat": 7 }, "geometry": { "type": "Point", "coordinates": [ 103.884503865073668, 1.362618891519462 ] } },
{ "type": "Feature", "properties": { "OBJECTID_1": 212, "OBJECTID": 84052, "FEA_ID": 43733.0, "BUILDING_N": "HDB-JURONG WEST", "HOUSE_BLK_": "853", "ROAD_NAME": "JURONG WEST STREET 81", "POSTAL_COD": "640853", "ADDRESS_TY": "H", "DATA_TYPE_": "extg", "MULTI_ADDR": "n", "X_ADDR": 12394.6232545, "Y_ADDR": 36588.89228, "BUILDING_I": "100000000000604000805030000000", "Temple_Nam": "Nan Fu Xuan Shan Miao", "Address": "BLK 853 Jurong West St 81 #08-323", "Postal_C_1": "640853", "Temple_Cat": 2 }, "geometry": { "type": "Point", "coordinates": [ 103.693094735604603, 1.347167406086231 ] } },
{ "type": "Feature", "properties": { "OBJECTID_1": 213, "OBJECTID": 84165, "FEA_ID": 126340.0, "BUILDING_N": " ", "HOUSE_BLK_": "9", "ROAD_NAME": "BEDOK NORTH STREET 5", "POSTAL_COD": "485875", "ADDRESS_TY": "S", "DATA_TYPE_": "estm", "MULTI_ADDR": "n", "X_ADDR": 40959.907305799999, "Y_ADDR": 35332.701793400003, "BUILDING_I": "500000000000408050807050000000", "Temple_Nam": "Kuah Na Keng", "Address": "9  Bedok North Street 5, Ave 4.", "Postal_C_1": "485875", "Temple_Cat": 1 }, "geometry": { "type": "Point", "coordinates": [ 103.949770762192188, 1.335808149980266 ] } },
{ "type": "Feature", "properties": { "OBJECTID_1": 214, "OBJECTID": 84234, "FEA_ID": 24880.0, "BUILDING_N": "QING YUN COMBINED TEMPLE", "HOUSE_BLK_": "20", "ROAD_NAME": "HOUGANG STREET 11", "POSTAL_COD": "538748", "ADDRESS_TY": "S", "DATA_TYPE_": "extg", "MULTI_ADDR": "n", "X_ADDR": 33246.277523999997, "Y_ADDR": 37232.9036853, "BUILDING_I": "100000000010503080704080000200", "Temple_Nam": "Chin Fook Meow", "Address": "20 Hougang Street 11", "Postal_C_1": "538748", "Temple_Cat": 1 }, "geometry": { "type": "Point", "coordinates": [ 103.880459741471014, 1.352995216550712 ] } },
{ "type": "Feature", "properties": { "OBJECTID_1": 215, "OBJECTID": 84438, "FEA_ID": 128079.0, "BUILDING_N": "TIAN SING SZE TEMPLE", "HOUSE_BLK_": "8", "ROAD_NAME": "ANG MO KIO AVENUE 10", "POSTAL_COD": "569731", "ADDRESS_TY": "S", "DATA_TYPE_": "estm", "MULTI_ADDR": "n", "X_ADDR": 30490.180804200001, "Y_ADDR": 38489.1478976, "BUILDING_I": "500000000000506090703010000000", "Temple_Nam": "Hoon Hong Tian Haw Boo", "Address": "8 Ang Mo Kio Avenue 10 / Street 44", "Postal_C_1": "569731", "Temple_Cat": 1 }, "geometry": { "type": "Point", "coordinates": [ 103.855694554316315, 1.364356597751961 ] } },
{ "type": "Feature", "properties": { "OBJECTID_1": 216, "OBJECTID": 84643, "FEA_ID": 140172.0, "BUILDING_N": " ", "HOUSE_BLK_": "23", "ROAD_NAME": "LORONG 29 GEYLANG", "POSTAL_COD": "388072", "ADDRESS_TY": "K", "DATA_TYPE_": "extg", "MULTI_ADDR": "n", "X_ADDR": 33832.918357299997, "Y_ADDR": 33023.402525099998, "BUILDING_I": "109000000111318480007522605000", "Temple_Nam": "BLISS AND WISDOM SOCIETY", "Address": "23 Lorong 29 Geylang # 04-02 ????", "Postal_C_1": "388072", "Temple_Cat": 3 }, "geometry": { "type": "Point", "coordinates": [ 103.885730278285322, 1.314925887088629 ] } },
{ "type": "Feature", "properties": { "OBJECTID_1": 217, "OBJECTID": 84646, "FEA_ID": 141181.0, "BUILDING_N": "SAKYA TENPHEL LING", "HOUSE_BLK_": "5", "ROAD_NAME": "PASIR RIS DRIVE 4", "POSTAL_COD": "519455", "ADDRESS_TY": "S", "DATA_TYPE_": "extg", "MULTI_ADDR": "n", "X_ADDR": 42006.463765200002, "Y_ADDR": 39007.525226099999, "BUILDING_I": "100000900010501090465253616902", "Temple_Nam": "Sakya Tenphel Ling Tp", "Address": "5 Pasir Ris Drive 4", "Postal_C_1": "519455", "Temple_Cat": 5 }, "geometry": { "type": "Point", "coordinates": [ 103.959176368141897, 1.369041398862563 ] } },
{ "type": "Feature", "properties": { "OBJECTID_1": 218, "OBJECTID": 85123, "FEA_ID": 82394.0, "BUILDING_N": "CHWEE KANG BEO", "HOUSE_BLK_": "801", "ROAD_NAME": "UPPER BOON KENG ROAD", "POSTAL_COD": "387310", "ADDRESS_TY": "S", "DATA_TYPE_": "extg", "MULTI_ADDR": "n", "X_ADDR": 32081.499919900001, "Y_ADDR": 33064.117352100002, "BUILDING_I": "100000000010308070361001626903", "Temple_Nam": "Chwee Kang Beo Association", "Address": "801 Upper Boon Keng Road", "Postal_C_1": "387310", "Temple_Cat": 1 }, "geometry": { "type": "Point", "coordinates": [ 103.869992912546351, 1.31529438049246 ] } },
{ "type": "Feature", "properties": { "OBJECTID_1": 219, "OBJECTID": 85323, "FEA_ID": 46237.0, "BUILDING_N": "CHEK SIAN TNG TEMPLE", "HOUSE_BLK_": "10", "ROAD_NAME": "ANG MO KIO AVENUE 10", "POSTAL_COD": "569732", "ADDRESS_TY": "S", "DATA_TYPE_": "extg", "MULTI_ADDR": "n", "X_ADDR": 30646.969686199998, "Y_ADDR": 38909.420304300002, "BUILDING_I": "100000000010506090703020000100", "Temple_Nam": "Chek Sian Tng Temple", "Address": "10 Ang Mo Kio Avenue 10", "Postal_C_1": "569732", "Temple_Cat": 1 }, "geometry": { "type": "Point", "coordinates": [ 103.857103446631726, 1.368157377298348 ] } },
{ "type": "Feature", "properties": { "OBJECTID_1": 220, "OBJECTID": 86368, "FEA_ID": 118799.0, "BUILDING_N": " ", "HOUSE_BLK_": "13", "ROAD_NAME": "LORONG 10 GEYLANG", "POSTAL_COD": "399046", "ADDRESS_TY": "S", "DATA_TYPE_": "extg", "MULTI_ADDR": "n", "X_ADDR": 32955.899775899998, "Y_ADDR": 32632.370594799999, "BUILDING_I": "100000000010309090004060000103", "Temple_Nam": "THE BODHI ASSOCIATION", "Address": "15 Lorong 10 Geylang", "Postal_C_1": "399046", "Temple_Cat": 3 }, "geometry": { "type": "Point", "coordinates": [ 103.877849765479809, 1.311389687844084 ] } },
{ "type": "Feature", "properties": { "OBJECTID_1": 221, "OBJECTID": 86802, "FEA_ID": 117812.0, "BUILDING_N": "LEONG SAN SEE TEMPLE", "HOUSE_BLK_": "371", "ROAD_NAME": "RACE COURSE ROAD", "POSTAL_COD": "218641", "ADDRESS_TY": "S", "DATA_TYPE_": "extg", "MULTI_ADDR": "n", "X_ADDR": 30616.6797582, "Y_ADDR": 33054.529695800004, "BUILDING_I": "100000000010201080604010030701", "Temple_Nam": "Leong San See temple", "Address": "371 Race Course Road", "Postal_C_1": "218641", "Temple_Cat": 3 }, "geometry": { "type": "Point", "coordinates": [ 103.856830765408262, 1.315207832829731 ] } },
{ "type": "Feature", "properties": { "OBJECTID_1": 222, "OBJECTID": 87126, "FEA_ID": 41268.0, "BUILDING_N": "HDB-JURONG WEST", "HOUSE_BLK_": "737", "ROAD_NAME": "JURONG WEST STREET 75", "POSTAL_COD": "640737", "ADDRESS_TY": "H", "DATA_TYPE_": "extg", "MULTI_ADDR": "n", "X_ADDR": 13292.183959800001, "Y_ADDR": 36542.811847600002, "BUILDING_I": "100000000000604000703070000000", "Temple_Nam": "Nan Da Qi Xuan Tan", "Address": "BLK 737 Jurong West St 75 #05-55", "Postal_C_1": "640737", "Temple_Cat": 2 }, "geometry": { "type": "Point", "coordinates": [ 103.70115987444261, 1.346751125677457 ] } },
{ "type": "Feature", "properties": { "OBJECTID_1": 223, "OBJECTID": 87273, "FEA_ID": 109734.0, "BUILDING_N": "HDB-ANG MO KIO", "HOUSE_BLK_": "159", "ROAD_NAME": "ANG MO KIO AVENUE 4", "POSTAL_COD": "560159", "ADDRESS_TY": "H", "DATA_TYPE_": "extg", "MULTI_ADDR": "n", "X_ADDR": 28711.673368799999, "Y_ADDR": 39618.289430600002, "BUILDING_I": "100000000000506000105090000000", "Temple_Nam": "Ji Zheng Gong  (Main temple @ 159 AMK)", "Address": "Blk 159 Ang Mo Kio Ave 4 #01-528", "Postal_C_1": "560159", "Temple_Cat": 2 }, "geometry": { "type": "Point", "coordinates": [ 103.839713477156536, 1.374568246297846 ] } },
{ "type": "Feature", "properties": { "OBJECTID_1": 224, "OBJECTID": 87573, "FEA_ID": 110235.0, "BUILDING_N": " ", "HOUSE_BLK_": "33", "ROAD_NAME": "LORONG 24 GEYLANG", "POSTAL_COD": "398633", "ADDRESS_TY": "U", "DATA_TYPE_": "extg", "MULTI_ADDR": "y", "X_ADDR": 33593.433469399999, "Y_ADDR": 32675.4676635, "BUILDING_I": "101000000010309080603030000303", "Temple_Nam": "Shi Niu Dong Temple", "Address": "33 Geylang Lorong 24", "Postal_C_1": "398633", "Temple_Cat": 1 }, "geometry": { "type": "Point", "coordinates": [ 103.883578324300757, 1.311779332855515 ] } },
{ "type": "Feature", "properties": { "OBJECTID_1": 225, "OBJECTID": 87574, "FEA_ID": 112964.0, "BUILDING_N": " ", "HOUSE_BLK_": "35", "ROAD_NAME": "LORONG 27 GEYLANG", "POSTAL_COD": "388170", "ADDRESS_TY": "S", "DATA_TYPE_": "extg", "MULTI_ADDR": "n", "X_ADDR": 33588.391882700002, "Y_ADDR": 33024.540752699999, "BUILDING_I": "100000000010308080107000000305", "Temple_Nam": "Nan Hai Fei Lai Temple", "Address": "35 Lorong 27 Geylang", "Postal_C_1": "388170", "Temple_Cat": 3 }, "geometry": { "type": "Point", "coordinates": [ 103.883533086050193, 1.314936226360406 ] } },
{ "type": "Feature", "properties": { "OBJECTID_1": 226, "OBJECTID": 87619, "FEA_ID": 126142.0, "BUILDING_N": " ", "HOUSE_BLK_": "11", "ROAD_NAME": "BEDOK NORTH STREET 5", "POSTAL_COD": "485876", "ADDRESS_TY": "S", "DATA_TYPE_": "estm", "MULTI_ADDR": "n", "X_ADDR": 40972.407801499998, "Y_ADDR": 35345.200291399997, "BUILDING_I": "500000000000408050807060000000", "Temple_Nam": "Cheo Bu Tong Temple", "Address": "11 Bedok North Street 5, Ave 4", "Postal_C_1": "485876", "Temple_Cat": 1 }, "geometry": { "type": "Point", "coordinates": [ 103.94988309190343, 1.335921176931359 ] } },
{ "type": "Feature", "properties": { "OBJECTID_1": 227, "OBJECTID": 87830, "FEA_ID": 153669.0, "BUILDING_N": " ", "HOUSE_BLK_": "95", "ROAD_NAME": "TAMPINES LINK", "POSTAL_COD": "528745", "ADDRESS_TY": "K", "DATA_TYPE_": "extg", "MULTI_ADDR": "n", "X_ADDR": 38620.487973499999, "Y_ADDR": 38800.590134400001, "BUILDING_I": "100000000028582880704652605002", "Temple_Nam": "Tian De Gong Temple", "Address": "95 Tampines Link #01-03", "Postal_C_1": "528745", "Temple_Cat": 1 }, "geometry": { "type": "Point", "coordinates": [ 103.928750986479997, 1.367171366908509 ] } },
{ "type": "Feature", "properties": { "OBJECTID_1": 228, "OBJECTID": 87919, "FEA_ID": 67355.0, "BUILDING_N": "CHEK CHAI LONG CHUEN TEMPLE", "HOUSE_BLK_": "33", "ROAD_NAME": "KRANJI LOOP", "POSTAL_COD": "739565", "ADDRESS_TY": "S", "DATA_TYPE_": "extg", "MULTI_ADDR": "n", "X_ADDR": 19138.886079799999, "Y_ADDR": 46397.033997, "BUILDING_I": "100000000010703090506050000303", "Temple_Nam": "Chek Chai Temple", "Address": "33 Kranji Loop", "Postal_C_1": "739565", "Temple_Cat": 1 }, "geometry": { "type": "Point", "coordinates": [ 103.753693028143402, 1.435871385677363 ] } },
{ "type": "Feature", "properties": { "OBJECTID_1": 229, "OBJECTID": 88019, "FEA_ID": 5484.0, "BUILDING_N": "KARMA KAGYUD BUDDHIST CENTRE", "HOUSE_BLK_": "38", "ROAD_NAME": "LORONG 22 GEYLANG", "POSTAL_COD": "398695", "ADDRESS_TY": "S", "DATA_TYPE_": "extg", "MULTI_ADDR": "n", "X_ADDR": 33403.975898500001, "Y_ADDR": 32572.626770800001, "BUILDING_I": "100000000010309080609050000308", "Temple_Nam": "Karma Kagyud Budh Ctr", "Address": "38 Lorong 22 Geylang", "Postal_C_1": "398695", "Temple_Cat": 6 }, "geometry": { "type": "Point", "coordinates": [ 103.881875937276988, 1.310849310223121 ] } },
{ "type": "Feature", "properties": { "OBJECTID_1": 230, "OBJECTID": 88280, "FEA_ID": 10610.0, "BUILDING_N": "GOLDEN SULTAN PLAZA", "HOUSE_BLK_": "100", "ROAD_NAME": "JALAN SULTAN", "POSTAL_COD": "199001", "ADDRESS_TY": "K", "DATA_TYPE_": "extg", "MULTI_ADDR": "n", "X_ADDR": 31175.252757300001, "Y_ADDR": 31698.470481200002, "BUILDING_I": "100000000010109090000010010000", "Temple_Nam": "Siang San Temple Association", "Address": "100 Jalan Sultan", "Postal_C_1": "199001", "Temple_Cat": 1 }, "geometry": { "type": "Point", "coordinates": [ 103.86184968631558, 1.302944059918636 ] } },
{ "type": "Feature", "properties": { "OBJECTID_1": 231, "OBJECTID": 89285, "FEA_ID": 43448.0, "BUILDING_N": "HWEE SAN TEMPLE", "HOUSE_BLK_": "527", "ROAD_NAME": "YISHUN INDUSTRIAL PARK A", "POSTAL_COD": "768771", "ADDRESS_TY": "S", "DATA_TYPE_": "extg", "MULTI_ADDR": "n", "X_ADDR": 28270.230111600002, "Y_ADDR": 47264.1188683, "BUILDING_I": "100000000010786181757911090906", "Temple_Nam": "Hwee San Temple", "Address": "527 Yishun Industrial Park A", "Postal_C_1": "768771", "Temple_Cat": 1 }, "geometry": { "type": "Point", "coordinates": [ 103.835746862192451, 1.443714381386136 ] } },
{ "type": "Feature", "properties": { "OBJECTID_1": 232, "OBJECTID": 89471, "FEA_ID": 154542.0, "BUILDING_N": " ", "HOUSE_BLK_": "12", "ROAD_NAME": "JURONG WEST STREET 76", "POSTAL_COD": "648349", "ADDRESS_TY": "S", "DATA_TYPE_": "extg", "MULTI_ADDR": "n", "X_ADDR": 13563.971263699999, "Y_ADDR": 36617.387013899999, "BUILDING_I": "109000900110614580304291695908", "Temple_Nam": "\nCi Shan Tan", "Address": "12 Jurong West Street 76", "Postal_C_1": "648349", "Temple_Cat": 1 }, "geometry": { "type": "Point", "coordinates": [ 103.703602009563042, 1.347425687286168 ] } },
{ "type": "Feature", "properties": { "OBJECTID_1": 233, "OBJECTID": 89474, "FEA_ID": 155754.0, "BUILDING_N": " ", "HOUSE_BLK_": "26", "ROAD_NAME": "ADMIRALTY STREET", "POSTAL_COD": "757613", "ADDRESS_TY": "S", "DATA_TYPE_": "extg", "MULTI_ADDR": "n", "X_ADDR": 25570.6105436, "Y_ADDR": 49193.542379699997, "BUILDING_I": "100000900018785870611232605003", "Temple_Nam": "Bao Gong Temple", "Address": "26 Admiralty St", "Postal_C_1": "757613", "Temple_Cat": 1 }, "geometry": { "type": "Point", "coordinates": [ 103.811487951171046, 1.461163280352654 ] } },
{ "type": "Feature", "properties": { "OBJECTID_1": 234, "OBJECTID": 89544, "FEA_ID": 43481.0, "BUILDING_N": "CHAY SIEN TONG TEMPLE", "HOUSE_BLK_": "7", "ROAD_NAME": "HAMILTON ROAD", "POSTAL_COD": "209178", "ADDRESS_TY": "U", "DATA_TYPE_": "extg", "MULTI_ADDR": "y", "X_ADDR": 31044.752224399999, "Y_ADDR": 32632.504258299999, "BUILDING_I": "101000000010200090107080000007", "Temple_Nam": "Chay Sian Tong", "Address": "7 Hamilton Road", "Postal_C_1": "209178", "Temple_Cat": 1 }, "geometry": { "type": "Point", "coordinates": [ 103.860677170335777, 1.31139114441805 ] } },
{ "type": "Feature", "properties": { "OBJECTID_1": 235, "OBJECTID": 89835, "FEA_ID": 79449.0, "BUILDING_N": "PTH BUILDING", "HOUSE_BLK_": "15", "ROAD_NAME": "LORONG 29 GEYLANG", "POSTAL_COD": "388069", "ADDRESS_TY": "K", "DATA_TYPE_": "extg", "MULTI_ADDR": "n", "X_ADDR": 33817.906648099997, "Y_ADDR": 32998.195075900003, "BUILDING_I": "100000000010308281046691090908", "Temple_Nam": "Jiu Xuan Gong Society", "Address": "15 Geylang Lor 29, #04-01 PTH Bldg", "Postal_C_1": "388069", "Temple_Cat": 2 }, "geometry": { "type": "Point", "coordinates": [ 103.885595385814938, 1.31469792298594 ] } },
{ "type": "Feature", "properties": { "OBJECTID_1": 236, "OBJECTID": 90080, "FEA_ID": 49750.0, "BUILDING_N": "LENG ERN JEE TEMPLE", "HOUSE_BLK_": "15", "ROAD_NAME": "JALAN RAJAH", "POSTAL_COD": "329136", "ADDRESS_TY": "S", "DATA_TYPE_": "extg", "MULTI_ADDR": "n", "X_ADDR": 29600.339978399999, "Y_ADDR": 34384.452052499997, "BUILDING_I": "100000000010302090103060000105", "Temple_Nam": "Leng Ern Jee temple", "Address": "15 Jalan Rajah", "Postal_C_1": "329136", "Temple_Cat": 9 }, "geometry": { "type": "Point", "coordinates": [ 103.847698509657207, 1.327235249342352 ] } },
{ "type": "Feature", "properties": { "OBJECTID_1": 237, "OBJECTID": 90267, "FEA_ID": 168511.0, "BUILDING_N": "TONG TEK BUDDHIST TEMPLE", "HOUSE_BLK_": "1055", "ROAD_NAME": "SERANGOON ROAD", "POSTAL_COD": "328172", "ADDRESS_TY": "S", "DATA_TYPE_": "extg", "MULTI_ADDR": "n", "X_ADDR": 31417.1321756, "Y_ADDR": 33998.658087600001, "BUILDING_I": "100000000010302080167022686708", "Temple_Nam": "Tong Tek Buddhist Temple", "Address": "1055 Serangoon Road", "Postal_C_1": "328172", "Temple_Cat": 7 }, "geometry": { "type": "Point", "coordinates": [ 103.864023337793, 1.323746116500111 ] } },
{ "type": "Feature", "properties": { "OBJECTID_1": 238, "OBJECTID": 90271, "FEA_ID": 168385.0, "BUILDING_N": " ", "HOUSE_BLK_": "2", "ROAD_NAME": "DERBYSHIRE ROAD", "POSTAL_COD": "309458", "ADDRESS_TY": "S", "DATA_TYPE_": "extg", "MULTI_ADDR": "n", "X_ADDR": 29371.189003899999, "Y_ADDR": 33051.015492099999, "BUILDING_I": "100000000010300090445684616902", "Temple_Nam": "Singapore  Han Clan Temple", "Address": "2 Derbyshire Road", "Postal_C_1": "309458", "Temple_Cat": 1 }, "geometry": { "type": "Point", "coordinates": [ 103.84563940341296, 1.315176132062236 ] } },
{ "type": "Feature", "properties": { "OBJECTID_1": 239, "OBJECTID": 90987, "FEA_ID": 217859.0, "BUILDING_N": "BUKIT TIMAH SEU TECK SEAN TONG TEMPLE", "HOUSE_BLK_": "160", "ROAD_NAME": "JURONG EAST STREET 24", "POSTAL_COD": "609559", "ADDRESS_TY": "S", "DATA_TYPE_": "extg", "MULTI_ADDR": "n", "X_ADDR": 17736.783874299999, "Y_ADDR": 35995.0407958, "BUILDING_I": "100001020417600090505292605003", "Temple_Nam": "Bukit Timah Seu Teck Sean Tong", "Address": "160 Jurong East Street", "Postal_C_1": "609559", "Temple_Cat": 7 }, "geometry": { "type": "Point", "coordinates": [ 103.741097461339677, 1.341799135209549 ] } },
{ "type": "Feature", "properties": { "OBJECTID_1": 240, "OBJECTID": 91424, "FEA_ID": 47463.0, "BUILDING_N": "YU HUANG TIAN COMBINED TEMPLE", "HOUSE_BLK_": "12", "ROAD_NAME": "JURONG WEST STREET 76", "POSTAL_COD": "648349", "ADDRESS_TY": "S", "DATA_TYPE_": "extg", "MULTI_ADDR": "n", "X_ADDR": 13543.982711000001, "Y_ADDR": 36635.9827248, "BUILDING_I": "109000000110614580304291695908", "Temple_Nam": "\nCi Shan Tan", "Address": "12 Jurong West Street 76", "Postal_C_1": "648349", "Temple_Cat": 1 }, "geometry": { "type": "Point", "coordinates": [ 103.703422391639819, 1.347593850229204 ] } },
{ "type": "Feature", "properties": { "OBJECTID_1": 241, "OBJECTID": 91487, "FEA_ID": 81186.0, "BUILDING_N": " ", "HOUSE_BLK_": "6", "ROAD_NAME": "LORONG 35 GEYLANG", "POSTAL_COD": "387938", "ADDRESS_TY": "S", "DATA_TYPE_": "extg", "MULTI_ADDR": "n", "X_ADDR": 34164.606031299998, "Y_ADDR": 33035.987710599999, "BUILDING_I": "100000000010388375913581090906", "Temple_Nam": "Tuo Tat Yuan Pte Ltd", "Address": "6 Lor 35 Geylang #01-01", "Postal_C_1": "387938", "Temple_Cat": 1 }, "geometry": { "type": "Point", "coordinates": [ 103.88871066017991, 1.315039638544987 ] } },
{ "type": "Feature", "properties": { "OBJECTID_1": 242, "OBJECTID": 91741, "FEA_ID": 92569.0, "BUILDING_N": " ", "HOUSE_BLK_": "55", "ROAD_NAME": "LENGKOK BAHRU", "POSTAL_COD": "151055", "ADDRESS_TY": "H", "DATA_TYPE_": "extg", "MULTI_ADDR": "n", "X_ADDR": 25810.4747499, "Y_ADDR": 29999.582523000001, "BUILDING_I": "100000000000105010005050000000", "Temple_Nam": "Yin Fu Dian", "Address": "BLK 55 Lengkok Bahru #07-429", "Postal_C_1": "151055", "Temple_Cat": 2 }, "geometry": { "type": "Point", "coordinates": [ 103.81364480545794, 1.287580000696711 ] } },
{ "type": "Feature", "properties": { "OBJECTID_1": 243, "OBJECTID": 91937, "FEA_ID": 23292.0, "BUILDING_N": "NANYANG THONG HONG SIANG THNG", "HOUSE_BLK_": "63", "ROAD_NAME": "ANCHORVALE WALK", "POSTAL_COD": "545060", "ADDRESS_TY": "K", "DATA_TYPE_": "extg", "MULTI_ADDR": "n", "X_ADDR": 34312.188815300004, "Y_ADDR": 41739.417850099999, "BUILDING_I": "109000000012514650006201695909", "Temple_Nam": "Nanyang Thong Hong Siang Thng Tp", "Address": "63 Anchorvale Walk", "Postal_C_1": "545060", "Temple_Cat": 7 }, "geometry": { "type": "Point", "coordinates": [ 103.890038594610616, 1.393750293834196 ] } },
{ "type": "Feature", "properties": { "OBJECTID_1": 244, "OBJECTID": 92249, "FEA_ID": 96586.0, "BUILDING_N": " ", "HOUSE_BLK_": "3", "ROAD_NAME": "LORONG 33 GEYLANG", "POSTAL_COD": "387973", "ADDRESS_TY": "U", "DATA_TYPE_": "extg", "MULTI_ADDR": "y", "X_ADDR": 34050.883405, "Y_ADDR": 32996.271061200001, "BUILDING_I": "101000000010308070907030000003", "Temple_Nam": "Guan Lian Tan", "Address": "3 Geylang Lor 33", "Postal_C_1": "387973", "Temple_Cat": 2 }, "geometry": { "type": "Point", "coordinates": [ 103.887688797833405, 1.314680477749915 ] } },
{ "type": "Feature", "properties": { "OBJECTID_1": 245, "OBJECTID": 92937, "FEA_ID": 53166.0, "BUILDING_N": "SHUANG LIN CHENG HUANG TEMPLE", "HOUSE_BLK_": "184", "ROAD_NAME": "JALAN TOA PAYOH", "POSTAL_COD": "319944", "ADDRESS_TY": "S", "DATA_TYPE_": "extg", "MULTI_ADDR": "n", "X_ADDR": 30579.019031399999, "Y_ADDR": 34677.417289500001, "BUILDING_I": "109000000010301090904040030900", "Temple_Nam": "Shuang Lin Cheng Huang Tp", "Address": "184 Jalan Toa Payoh", "Postal_C_1": "319944", "Temple_Cat": 1 }, "geometry": { "type": "Point", "coordinates": [ 103.856492500778714, 1.329884655973852 ] } },
{ "type": "Feature", "properties": { "OBJECTID_1": 246, "OBJECTID": 93015, "FEA_ID": 116996.0, "BUILDING_N": "LITTLE INDIA CONSERVATION AREA", "HOUSE_BLK_": "58", "ROAD_NAME": "UPPER WELD ROAD", "POSTAL_COD": "207412", "ADDRESS_TY": "U", "DATA_TYPE_": "extg", "MULTI_ADDR": "y", "X_ADDR": 30241.268498699999, "Y_ADDR": 32094.9535846, "BUILDING_I": "101000000010200070401020000508", "Temple_Nam": "Thian Sing Keong Temple", "Address": "58c Upper Weld Road", "Postal_C_1": "207412", "Temple_Cat": 1 }, "geometry": { "type": "Point", "coordinates": [ 103.853457436877051, 1.306529795020505 ] } },
{ "type": "Feature", "properties": { "OBJECTID_1": 247, "OBJECTID": 93457, "FEA_ID": 38127.0, "BUILDING_N": "HDB-BUKIT MERAH", "HOUSE_BLK_": "25", "ROAD_NAME": "TELOK BLANGAH CRESCENT", "POSTAL_COD": "090025", "ADDRESS_TY": "H", "DATA_TYPE_": "extg", "MULTI_ADDR": "n", "X_ADDR": 26427.978453799999, "Y_ADDR": 28756.307142900001, "BUILDING_I": "100000000000009000002050000000", "Temple_Nam": "Xi Long Dao Tan", "Address": "BLK 25 Telok Blangah Crescent #02-75", "Postal_C_1": "090025", "Temple_Cat": 2 }, "geometry": { "type": "Point", "coordinates": [ 103.819193388440738, 1.276336291427837 ] } },
{ "type": "Feature", "properties": { "OBJECTID_1": 248, "OBJECTID": 93528, "FEA_ID": 80377.0, "BUILDING_N": "TANG GAH BEO", "HOUSE_BLK_": "6", "ROAD_NAME": "BUKIT PURMEI", "POSTAL_COD": "099866", "ADDRESS_TY": "S", "DATA_TYPE_": "extg", "MULTI_ADDR": "n", "X_ADDR": 27391.597974200002, "Y_ADDR": 28510.339216100001, "BUILDING_I": "100000000010009090826064656708", "Temple_Nam": "Tang Gah Beo", "Address": "6 Bukit Purmei", "Postal_C_1": "099866", "Temple_Cat": 1 }, "geometry": { "type": "Point", "coordinates": [ 103.827851868290082, 1.274111876800627 ] } },
{ "type": "Feature", "properties": { "OBJECTID_1": 249, "OBJECTID": 94724, "FEA_ID": 91680.0, "BUILDING_N": " ", "HOUSE_BLK_": "74", "ROAD_NAME": "KOON SENG ROAD", "POSTAL_COD": "427012", "ADDRESS_TY": "S", "DATA_TYPE_": "extg", "MULTI_ADDR": "n", "X_ADDR": 35914.475988899998, "Y_ADDR": 32643.408814, "BUILDING_I": "100000000010402070001020000704", "Temple_Nam": "Wu Xian Tang", "Address": "74 Koon Seng Rd", "Postal_C_1": "427012", "Temple_Cat": 1 }, "geometry": { "type": "Point", "coordinates": [ 103.90443401294614, 1.311488895598674 ] } },
{ "type": "Feature", "properties": { "OBJECTID_1": 250, "OBJECTID": 95388, "FEA_ID": 179960.0, "BUILDING_N": " ", "HOUSE_BLK_": "177", "ROAD_NAME": "SIMS AVENUE", "POSTAL_COD": "387493", "ADDRESS_TY": "S", "DATA_TYPE_": "extg", "MULTI_ADDR": "n", "X_ADDR": 33158.1120028, "Y_ADDR": 33007.599459500001, "BUILDING_I": "100000000114348574439332605004", "Temple_Nam": "Nichiren Shoushu Buddhist Association", "Address": "177 Sims Avenue", "Postal_C_1": "387493", "Temple_Cat": 3 }, "geometry": { "type": "Point", "coordinates": [ 103.879666803419781, 1.314783090969904 ] } },
{ "type": "Feature", "properties": { "OBJECTID_1": 251, "OBJECTID": 96292, "FEA_ID": 142998.0, "BUILDING_N": "SENJA SOKA CENTRE", "HOUSE_BLK_": "11", "ROAD_NAME": "SENJA ROAD", "POSTAL_COD": "677739", "ADDRESS_TY": "S", "DATA_TYPE_": "extg", "MULTI_ADDR": "n", "X_ADDR": 19941.5624374, "Y_ADDR": 40481.011353599999, "BUILDING_I": "109000000018617971723992605001", "Temple_Nam": "An Le Temple", "Address": "11 Senja Road", "Postal_C_1": "677739", "Temple_Cat": 1 }, "geometry": { "type": "Point", "coordinates": [ 103.760907488310494, 1.382369291824881 ] } },
{ "type": "Feature", "properties": { "OBJECTID_1": 252, "OBJECTID": 96031, "FEA_ID": 98974.0, "BUILDING_N": "HONG LAI SZE TEMPLE", "HOUSE_BLK_": "150", "ROAD_NAME": "HOUGANG AVENUE 1", "POSTAL_COD": "538886", "ADDRESS_TY": "S", "DATA_TYPE_": "extg", "MULTI_ADDR": "n", "X_ADDR": 33999.015582699998, "Y_ADDR": 36824.097880399997, "BUILDING_I": "109000000020503187828661090908", "Temple_Nam": "Hong Lai Sze Ltd", "Address": "150 Hougang Avenue 1", "Postal_C_1": "538886", "Temple_Cat": 1 }, "geometry": { "type": "Point", "coordinates": [ 103.887223491449717, 1.349297982045514 ] } },
{ "type": "Feature", "properties": { "OBJECTID_1": 253, "OBJECTID": 96766, "FEA_ID": 33986.0, "BUILDING_N": " ", "HOUSE_BLK_": "9002", "ROAD_NAME": "TAMPINES STREET 93", "POSTAL_COD": "528836", "ADDRESS_TY": "I", "DATA_TYPE_": "extg", "MULTI_ADDR": "n", "X_ADDR": 40049.020273200003, "Y_ADDR": 35905.0781432, "BUILDING_I": "100000000000502080803060000000", "Temple_Nam": "Wu Sheng Gong Society", "Address": "Blk 9002 Tampines St 93, #02-72", "Postal_C_1": "528836", "Temple_Cat": 2 }, "geometry": { "type": "Point", "coordinates": [ 103.941586158029864, 1.340984886185305 ] } },
{ "type": "Feature", "properties": { "OBJECTID_1": 254, "OBJECTID": 96822, "FEA_ID": 75258.0, "BUILDING_N": "ANCHORVALE VISTA", "HOUSE_BLK_": "310A", "ROAD_NAME": "ANCHORVALE ROAD", "POSTAL_COD": "541310", "ADDRESS_TY": "H", "DATA_TYPE_": "extg", "MULTI_ADDR": "n", "X_ADDR": 33753.959115700003, "Y_ADDR": 41425.310577900003, "BUILDING_I": "109000000000504010301000000000", "Temple_Nam": "Shan Ling Tuah Society", "Address": "Blk 310A Anchorvale Rd #01-31", "Postal_C_1": "541310", "Temple_Cat": 1 }, "geometry": { "type": "Point", "coordinates": [ 103.885022398216407, 1.390909737768736 ] } },
{ "type": "Feature", "properties": { "OBJECTID_1": 255, "OBJECTID": 96879, "FEA_ID": 105579.0, "BUILDING_N": " ", "HOUSE_BLK_": "504A", "ROAD_NAME": "DUNMAN ROAD", "POSTAL_COD": "439197", "ADDRESS_TY": "S", "DATA_TYPE_": "extg", "MULTI_ADDR": "n", "X_ADDR": 34885.846984000003, "Y_ADDR": 32394.533647299999, "BUILDING_I": "100000000010403090109070655004", "Temple_Nam": "Yong Yi Gong", "Address": "504A Dunman Rd", "Postal_C_1": "439197", "Temple_Cat": 1 }, "geometry": { "type": "Point", "coordinates": [ 103.895191227522233, 1.309238404433393 ] } },
{ "type": "Feature", "properties": { "OBJECTID_1": 256, "OBJECTID": 96983, "FEA_ID": 19352.0, "BUILDING_N": " ", "HOUSE_BLK_": "50H", "ROAD_NAME": "PALMER ROAD", "POSTAL_COD": "079426", "ADDRESS_TY": "S", "DATA_TYPE_": "extg", "MULTI_ADDR": "n", "X_ADDR": 29505.694354200001, "Y_ADDR": 28457.307378000001, "BUILDING_I": "100000000060007090402060702500", "Temple_Nam": "Fook Tek Chinese Temple", "Address": "50-H Palmer Road( off Shenton Way)", "Postal_C_1": "079426", "Temple_Cat": 1 }, "geometry": { "type": "Point", "coordinates": [ 103.8468477817691, 1.273632245907415 ] } },
{ "type": "Feature", "properties": { "OBJECTID_1": 257, "OBJECTID": 97124, "FEA_ID": 115666.0, "BUILDING_N": " ", "HOUSE_BLK_": "53", "ROAD_NAME": "TRURO ROAD", "POSTAL_COD": "217590", "ADDRESS_TY": "S", "DATA_TYPE_": "extg", "MULTI_ADDR": "n", "X_ADDR": 29727.964114499999, "Y_ADDR": 32963.299208299999, "BUILDING_I": "100000000010201070509000000503", "Temple_Nam": "Ling Ci Xing Gong", "Address": "53 Truro Road", "Postal_C_1": "217590", "Temple_Cat": 1 }, "geometry": { "type": "Point", "coordinates": [ 103.848845202583163, 1.314382838971843 ] } },
{ "type": "Feature", "properties": { "OBJECTID_1": 258, "OBJECTID": 97250, "FEA_ID": 31916.0, "BUILDING_N": "GEYLANG UNITED TEMPLE", "HOUSE_BLK_": "103", "ROAD_NAME": "EUNOS ROAD 5", "POSTAL_COD": "409352", "ADDRESS_TY": "S", "DATA_TYPE_": "extg", "MULTI_ADDR": "n", "X_ADDR": 34984.631633800003, "Y_ADDR": 33542.743313899999, "BUILDING_I": "100000000010400090305020010003", "Temple_Nam": "\n\nFu De Gong", "Address": "103 Eunos Road 5", "Postal_C_1": "409352", "Temple_Cat": 1 }, "geometry": { "type": "Point", "coordinates": [ 103.896079113869135, 1.319622378843862 ] } },
{ "type": "Feature", "properties": { "OBJECTID_1": 259, "OBJECTID": 97549, "FEA_ID": 122290.0, "BUILDING_N": "SHAN FOOK TONG TEMPLE", "HOUSE_BLK_": "5", "ROAD_NAME": "LORONG 7 GEYLANG", "POSTAL_COD": "388789", "ADDRESS_TY": "S", "DATA_TYPE_": "extg", "MULTI_ADDR": "y", "X_ADDR": 32717.294536099998, "Y_ADDR": 32746.649455899998, "BUILDING_I": "101000000010308080708090000005", "Temple_Nam": "Shan Fook Tong Temple", "Address": "5 - 7 Lorong 7 Geylang", "Postal_C_1": "388789", "Temple_Cat": 2 }, "geometry": { "type": "Point", "coordinates": [ 103.875705798277721, 1.312423222586654 ] } },
{ "type": "Feature", "properties": { "OBJECTID_1": 260, "OBJECTID": 98044, "FEA_ID": 76818.0, "BUILDING_N": "BEO SAN HOOD CHOR TEMPLE", "HOUSE_BLK_": "443", "ROAD_NAME": "RACE COURSE ROAD", "POSTAL_COD": "218687", "ADDRESS_TY": "S", "DATA_TYPE_": "extg", "MULTI_ADDR": "n", "X_ADDR": 30719.442710800002, "Y_ADDR": 33165.391422599998, "BUILDING_I": "100000000010201080608971686606", "Temple_Nam": "Fu Xi Tang Temple (Beo San Hood Chor Temple)", "Address": "443 Race Course Road", "Postal_C_1": "218687", "Temple_Cat": 1 }, "geometry": { "type": "Point", "coordinates": [ 103.857754151942899, 1.316210417851493 ] } },
{ "type": "Feature", "properties": { "OBJECTID_1": 261, "OBJECTID": 98327, "FEA_ID": 56050.0, "BUILDING_N": "RICHFIELD INDUSTRIAL CENTRE", "HOUSE_BLK_": "122", "ROAD_NAME": "EUNOS AVENUE 7", "POSTAL_COD": "409575", "ADDRESS_TY": "S", "DATA_TYPE_": "extg", "MULTI_ADDR": "n", "X_ADDR": 35004.125002300003, "Y_ADDR": 33951.861544899999, "BUILDING_I": "100000000010400090507050010202", "Temple_Nam": "Long Tian Men Ci Sheng Gong", "Address": "Blk 122 8th flr Eunos Ave 7", "Postal_C_1": "409575", "Temple_Cat": 2 }, "geometry": { "type": "Point", "coordinates": [ 103.896254364986362, 1.323322293165774 ] } },
{ "type": "Feature", "properties": { "OBJECTID_1": 262, "OBJECTID": 98839, "FEA_ID": 21682.0, "BUILDING_N": " ", "HOUSE_BLK_": "8", "ROAD_NAME": "WOODLANDS INDUSTRIAL PARK E3", "POSTAL_COD": "757786", "ADDRESS_TY": "I", "DATA_TYPE_": "extg", "MULTI_ADDR": "n", "X_ADDR": 24120.641095700001, "Y_ADDR": 48412.389010300001, "BUILDING_I": "100000000010705070708060887000", "Temple_Nam": "Jin Fu Gong Temple (Woodlands, Branch, Gong De Tang)", "Address": "9 Woodlands Industrial Park E8", "Postal_C_1": "757786", "Temple_Cat": 1 }, "geometry": { "type": "Point", "coordinates": [ 103.798458555756838, 1.454098649647278 ] } },
{ "type": "Feature", "properties": { "OBJECTID_1": 263, "OBJECTID": 99104, "FEA_ID": 62948.0, "BUILDING_N": "GOLDEN PAGODA BUDDHIST TEMPLE", "HOUSE_BLK_": "83", "ROAD_NAME": "TAMPINES LINK", "POSTAL_COD": "528740", "ADDRESS_TY": "S", "DATA_TYPE_": "extg", "MULTI_ADDR": "n", "X_ADDR": 38781.935522, "Y_ADDR": 38918.706945500002, "BUILDING_I": "100000000010502080704709884009", "Temple_Nam": "Golden Pagoda Buddhist Temple", "Address": "83 Tampines Link", "Postal_C_1": "528740", "Temple_Cat": 3 }, "geometry": { "type": "Point", "coordinates": [ 103.930201745511312, 1.36823951309203 ] } },
{ "type": "Feature", "properties": { "OBJECTID_1": 264, "OBJECTID": 99204, "FEA_ID": 128722.0, "BUILDING_N": "KUSU ISLAND CHINESE TEMPLE", "HOUSE_BLK_": "10", "ROAD_NAME": "KHUSU ISLAND", "POSTAL_COD": "098586", "ADDRESS_TY": " ", "DATA_TYPE_": "extg", "MULTI_ADDR": "n", "X_ADDR": 30955.151001900002, "Y_ADDR": 22884.3925189, "BUILDING_I": "100000000010009080538166646901", "Temple_Nam": "Kusu Island Chinese Temple", "Address": "10 Khusu Island", "Postal_C_1": "098586", "Temple_Cat": 1 }, "geometry": { "type": "Point", "coordinates": [ 103.859871162257136, 1.223232648579963 ] } },
{ "type": "Feature", "properties": { "OBJECTID_1": 265, "OBJECTID": 99407, "FEA_ID": 93976.0, "BUILDING_N": "KWANG IM TNG TEMPLE", "HOUSE_BLK_": "525", "ROAD_NAME": "BALESTIER ROAD", "POSTAL_COD": "329854", "ADDRESS_TY": "S", "DATA_TYPE_": "extg", "MULTI_ADDR": "n", "X_ADDR": 29438.818243000002, "Y_ADDR": 34209.441723099997, "BUILDING_I": "100000000030302090805040050205", "Temple_Nam": "Kwang Im Tng Temple (Balestier Road)", "Address": "525 Balestier Road", "Postal_C_1": "329854", "Temple_Cat": 8 }, "geometry": { "type": "Point", "coordinates": [ 103.846247140345668, 1.325652526181307 ] } },
{ "type": "Feature", "properties": { "OBJECTID_1": 266, "OBJECTID": 99427, "FEA_ID": 104155.0, "BUILDING_N": "HOCK SIEW TONG TEMPLE", "HOUSE_BLK_": "357", "ROAD_NAME": "RACE COURSE ROAD", "POSTAL_COD": "218633", "ADDRESS_TY": "S", "DATA_TYPE_": "extg", "MULTI_ADDR": "n", "X_ADDR": 30581.329356300001, "Y_ADDR": 33019.137191200003, "BUILDING_I": "100000000010201080603030030507", "Temple_Nam": "Hock Siew Tong Temple", "Address": "357 Race Course Road", "Postal_C_1": "218633", "Temple_Cat": 1 }, "geometry": { "type": "Point", "coordinates": [ 103.856513121313725, 1.314887758461992 ] } },
{ "type": "Feature", "properties": { "OBJECTID_1": 267, "OBJECTID": 99872, "FEA_ID": 96183.0, "BUILDING_N": " ", "HOUSE_BLK_": "518", "ROAD_NAME": "LORONG 3 GEYLANG", "POSTAL_COD": "388960", "ADDRESS_TY": "S", "DATA_TYPE_": "extg", "MULTI_ADDR": "n", "X_ADDR": 32462.991623900001, "Y_ADDR": 33315.426216, "BUILDING_I": "100000000010308080906000050108", "Temple_Nam": "Leng Hok San Hian Leng Temple Temple", "Address": "Blk 7, #01-518 Lorong 3 Geylang", "Postal_C_1": "388960", "Temple_Cat": 2 }, "geometry": { "type": "Point", "coordinates": [ 103.873420843574991, 1.317567075508483 ] } },
{ "type": "Feature", "properties": { "OBJECTID_1": 268, "OBJECTID": 100552, "FEA_ID": 126970.0, "BUILDING_N": "SIM CHOON HUAT TEMPLE", "HOUSE_BLK_": "17D", "ROAD_NAME": "MOONSTONE LANE", "POSTAL_COD": "328459", "ADDRESS_TY": "S", "DATA_TYPE_": "extg", "MULTI_ADDR": "n", "X_ADDR": 31641.454892199999, "Y_ADDR": 34304.755603799997, "BUILDING_I": "100000000010302080415296090700", "Temple_Nam": "Sim Choon Huat Temple", "Address": "17D Moonstone Lane", "Postal_C_1": "328459", "Temple_Cat": 1 }, "geometry": { "type": "Point", "coordinates": [ 103.866039033697234, 1.326514327361341 ] } },
{ "type": "Feature", "properties": { "OBJECTID_1": 269, "OBJECTID": 100862, "FEA_ID": 13292.0, "BUILDING_N": "CHENG HWA CHER SIAH TEMPLE", "HOUSE_BLK_": "21", "ROAD_NAME": "BANGKIT ROAD", "POSTAL_COD": "679971", "ADDRESS_TY": "S", "DATA_TYPE_": "extg", "MULTI_ADDR": "y", "X_ADDR": 21365.938488899999, "Y_ADDR": 40017.989869199999, "BUILDING_I": "101000000010607090977012646903", "Temple_Nam": "Cher Lian Tong Buddist Temple", "Address": "21/23 Bangkit Road", "Postal_C_1": "679971", "Temple_Cat": 1 }, "geometry": { "type": "Point", "coordinates": [ 103.773706672038116, 1.378182252040326 ] } },
{ "type": "Feature", "properties": { "OBJECTID_1": 270, "OBJECTID": 101461, "FEA_ID": 38316.0, "BUILDING_N": "HDB-BUKIT PANJANG", "HOUSE_BLK_": "209", "ROAD_NAME": "PETIR ROAD", "POSTAL_COD": "670209", "ADDRESS_TY": "H", "DATA_TYPE_": "extg", "MULTI_ADDR": "n", "X_ADDR": 21603.321719399999, "Y_ADDR": 39573.378038499999, "BUILDING_I": "100000000000607000200090000000", "Temple_Nam": "Di Wan Da Bo Gong", "Address": "BLK 209 Petir  Road #01-487", "Postal_C_1": "670209", "Temple_Cat": 2 }, "geometry": { "type": "Point", "coordinates": [ 103.775839829975567, 1.37416139636432 ] } },
{ "type": "Feature", "properties": { "OBJECTID_1": 271, "OBJECTID": 101513, "FEA_ID": 9961.0, "BUILDING_N": "RIVERVALE COURT", "HOUSE_BLK_": "111", "ROAD_NAME": "RIVERVALE WALK", "POSTAL_COD": "540111", "ADDRESS_TY": "H", "DATA_TYPE_": "extg", "MULTI_ADDR": "n", "X_ADDR": 35497.891463599997, "Y_ADDR": 40659.918262200001, "BUILDING_I": "100000000000504000101010000000", "Temple_Nam": "Guan Yin Jiu Ku Hui ( Sheng Gang)", "Address": "Blk 111 Rivervale Walk #01-11", "Postal_C_1": "540111", "Temple_Cat": 3 }, "geometry": { "type": "Point", "coordinates": [ 103.900692791140543, 1.383987411086022 ] } },
{ "type": "Feature", "properties": { "OBJECTID_1": 272, "OBJECTID": 101929, "FEA_ID": 35855.0, "BUILDING_N": "RACE COURSE RD/OWEN RD CON ARE", "HOUSE_BLK_": "416", "ROAD_NAME": "RACE COURSE ROAD", "POSTAL_COD": "218663", "ADDRESS_TY": "R", "DATA_TYPE_": "extg", "MULTI_ADDR": "n", "X_ADDR": 30710.079885200001, "Y_ADDR": 33084.375683300001, "BUILDING_I": "100000000010201080606030040106", "Temple_Nam": "Zhao Hui Miao", "Address": "416 Race Course Road", "Postal_C_1": "218663", "Temple_Cat": 1 }, "geometry": { "type": "Point", "coordinates": [ 103.857670015193733, 1.315477740964312 ] } },
{ "type": "Feature", "properties": { "OBJECTID_1": 273, "OBJECTID": 102012, "FEA_ID": 71496.0, "BUILDING_N": "CHIA HUNG BOO TEMPLE", "HOUSE_BLK_": "42", "ROAD_NAME": "SENANG CRESCENT", "POSTAL_COD": "416610", "ADDRESS_TY": "S", "DATA_TYPE_": "extg", "MULTI_ADDR": "n", "X_ADDR": 37474.739911199998, "Y_ADDR": 34442.2747676, "BUILDING_I": "100000000010401060601000000402", "Temple_Nam": "Chia Hung Boo Temple", "Address": "42 Senang Crescent", "Postal_C_1": "416610", "Temple_Cat": 1 }, "geometry": { "type": "Point", "coordinates": [ 103.918454290273814, 1.327756744927759 ] } },
{ "type": "Feature", "properties": { "OBJECTID_1": 274, "OBJECTID": 102318, "FEA_ID": 119246.0, "BUILDING_N": "GIOK HONG TIAN TEMPLE", "HOUSE_BLK_": "495", "ROAD_NAME": "HAVELOCK ROAD", "POSTAL_COD": "169635", "ADDRESS_TY": "S", "DATA_TYPE_": "extg", "MULTI_ADDR": "n", "X_ADDR": 27989.050107499999, "Y_ADDR": 30178.1117476, "BUILDING_I": "100000000010106090603050040905", "Temple_Nam": "Giok Hong Tian", "Address": "495 Havelock Road", "Postal_C_1": "169635", "Temple_Cat": 1 }, "geometry": { "type": "Point", "coordinates": [ 103.833220190085299, 1.289194632742188 ] } },
{ "type": "Feature", "properties": { "OBJECTID_1": 275, "OBJECTID": 102854, "FEA_ID": 122684.0, "BUILDING_N": "SAKAYA MUNI BUDDHA GAYA TEMPLE", "HOUSE_BLK_": "366", "ROAD_NAME": "RACE COURSE ROAD", "POSTAL_COD": "218638", "ADDRESS_TY": "S", "DATA_TYPE_": "extg", "MULTI_ADDR": "n", "X_ADDR": 30626.238841499999, "Y_ADDR": 32999.711350500002, "BUILDING_I": "100000000010201080603080030606", "Temple_Nam": "Sakya Muni Buddha Gaya Temple", "Address": "366 Race Course Road", "Postal_C_1": "218638", "Temple_Cat": 5 }, "geometry": { "type": "Point", "coordinates": [ 103.856916654117612, 1.314712074090011 ] } },
{ "type": "Feature", "properties": { "OBJECTID_1": 276, "OBJECTID": 103384, "FEA_ID": 143095.0, "BUILDING_N": "UNITY CENTRE", "HOUSE_BLK_": "51", "ROAD_NAME": "BUKIT BATOK CRESCENT", "POSTAL_COD": "658077", "ADDRESS_TY": "K", "DATA_TYPE_": "extg", "MULTI_ADDR": "n", "X_ADDR": 19620.117509700001, "Y_ADDR": 35560.938402400003, "BUILDING_I": "109000900113665480017472605000", "Temple_Nam": "Shen Fo Shan", "Address": "NO 51 Bukit Batok Crescent #06-16", "Postal_C_1": "658077", "Temple_Cat": 2 }, "geometry": { "type": "Point", "coordinates": [ 103.758020446175465, 1.337873854303942 ] } },
{ "type": "Feature", "properties": { "OBJECTID_1": 277, "OBJECTID": 103651, "FEA_ID": 8350.0, "BUILDING_N": "HDB-HOUGANG", "HOUSE_BLK_": "571", "ROAD_NAME": "HOUGANG STREET 51", "POSTAL_COD": "530571", "ADDRESS_TY": "H", "DATA_TYPE_": "extg", "MULTI_ADDR": "n", "X_ADDR": 34094.985158800002, "Y_ADDR": 40059.280120900003, "BUILDING_I": "100000000000503000507010000000", "Temple_Nam": "Guan Shan Tan", "Address": "BLK571 Hougang  St 51 #02-117", "Postal_C_1": "530571", "Temple_Cat": 2 }, "geometry": { "type": "Point", "coordinates": [ 103.888086499400913, 1.378555783779404 ] } },
{ "type": "Feature", "properties": { "OBJECTID_1": 278, "OBJECTID": 103905, "FEA_ID": 9784.0, "BUILDING_N": " ", "HOUSE_BLK_": "38", "ROAD_NAME": "JALAN EUNOS", "POSTAL_COD": "419500", "ADDRESS_TY": "S", "DATA_TYPE_": "extg", "MULTI_ADDR": "n", "X_ADDR": 36028.249556199997, "Y_ADDR": 33652.594301800003, "BUILDING_I": "100000000010401090550104676900", "Temple_Nam": "DHARMA CAKRA SOCIETY", "Address": "38 Jalan Eunos", "Postal_C_1": "419500", "Temple_Cat": 3 }, "geometry": { "type": "Point", "coordinates": [ 103.905456585673207, 1.320615575924933 ] } },
{ "type": "Feature", "properties": { "OBJECTID_1": 279, "OBJECTID": 104089, "FEA_ID": 116279.0, "BUILDING_N": "TIOH HIN CHO TEMPLE", "HOUSE_BLK_": "121A", "ROAD_NAME": "LANGSAT ROAD", "POSTAL_COD": "426774", "ADDRESS_TY": "S", "DATA_TYPE_": "extg", "MULTI_ADDR": "n", "X_ADDR": 35984.375266299998, "Y_ADDR": 33148.884747399999, "BUILDING_I": "100000000010402060707040615201", "Temple_Nam": "Tioh Hin Cho Temple", "Address": "121A Langsat Road", "Postal_C_1": "426774", "Temple_Cat": 1 }, "geometry": { "type": "Point", "coordinates": [ 103.905062222027013, 1.316060219621849 ] } },
{ "type": "Feature", "properties": { "OBJECTID_1": 280, "OBJECTID": 104278, "FEA_ID": 76912.0, "BUILDING_N": "THE BUDDHIST UNION", "HOUSE_BLK_": "28", "ROAD_NAME": "JALAN SENYUM", "POSTAL_COD": "418152", "ADDRESS_TY": "S", "DATA_TYPE_": "extg", "MULTI_ADDR": "n", "X_ADDR": 37055.830925800001, "Y_ADDR": 33759.899843200001, "BUILDING_I": "100000000010401080105020000208", "Temple_Nam": "Buddhist Union", "Address": "28 Jalan Senyum", "Postal_C_1": "418152", "Temple_Cat": 5 }, "geometry": { "type": "Point", "coordinates": [ 103.914689965595031, 1.321585721413363 ] } },
{ "type": "Feature", "properties": { "OBJECTID_1": 281, "OBJECTID": 104338, "FEA_ID": 126678.0, "BUILDING_N": "YISHUN TOWN COMBINED TEMPLE", "HOUSE_BLK_": "17", "ROAD_NAME": "YISHUN AVENUE 9", "POSTAL_COD": "768890", "ADDRESS_TY": "S", "DATA_TYPE_": "estm", "MULTI_ADDR": "n", "X_ADDR": 28934.435316700001, "Y_ADDR": 46198.322292700002, "BUILDING_I": "500000000000706080809000000000", "Temple_Nam": "Guan Loong Sheng Temple", "Address": "17 Yishun Avenue 9", "Postal_C_1": "768890", "Temple_Cat": 1 }, "geometry": { "type": "Point", "coordinates": [ 103.841715366233913, 1.434075689621988 ] } },
{ "type": "Feature", "properties": { "OBJECTID_1": 282, "OBJECTID": 104821, "FEA_ID": 97244.0, "BUILDING_N": "HDB-GEYLANG", "HOUSE_BLK_": "60", "ROAD_NAME": "SIMS DRIVE", "POSTAL_COD": "380060", "ADDRESS_TY": "H", "DATA_TYPE_": "extg", "MULTI_ADDR": "n", "X_ADDR": 33318.199398899997, "Y_ADDR": 33481.381847700002, "BUILDING_I": "100000000000308000006000000000", "Temple_Nam": "SAKYADHITA (Daughters of the Buddha)", "Address": "Blk 60 Sims Drive #01-1265", "Postal_C_1": "380060", "Temple_Cat": 2 }, "geometry": { "type": "Point", "coordinates": [ 103.881105349914904, 1.319067782302041 ] } },
{ "type": "Feature", "properties": { "OBJECTID_1": 283, "OBJECTID": 105638, "FEA_ID": 219177.0, "BUILDING_N": "FO GUANG SHAN (SINGAPORE)", "HOUSE_BLK_": "1", "ROAD_NAME": "PUNGGOL PLACE", "POSTAL_COD": "828844", "ADDRESS_TY": "S", "DATA_TYPE_": "extg", "MULTI_ADDR": "n", "X_ADDR": 36035.323638100002, "Y_ADDR": 43173.006689000002, "BUILDING_I": "100000070919802088864942605005", "Temple_Nam": "Fo Guang Shan Bud Tp", "Address": "1 Punggol Place", "Postal_C_1": "828844", "Temple_Cat": 4 }, "geometry": { "type": "Point", "coordinates": [ 103.90552271526073, 1.406714718933707 ] } },
{ "type": "Feature", "properties": { "OBJECTID_1": 284, "OBJECTID": 105685, "FEA_ID": 234915.0, "BUILDING_N": "KONG HOCK KENG TEMPLE", "HOUSE_BLK_": "101", "ROAD_NAME": "TELOK BLANGAH DRIVE", "POSTAL_COD": "109260", "ADDRESS_TY": "S", "DATA_TYPE_": "extg", "MULTI_ADDR": "n", "X_ADDR": 25102.117909299999, "Y_ADDR": 28541.394924100001, "BUILDING_I": "100000000010100090226304090105", "Temple_Nam": "\nGuang Fu Gong", "Address": "101 Telok Blangah Drive", "Postal_C_1": "109260", "Temple_Cat": 3 }, "geometry": { "type": "Point", "coordinates": [ 103.807280064829641, 1.274392607349596 ] } },
{ "type": "Feature", "properties": { "OBJECTID_1": 285, "OBJECTID": 105737, "FEA_ID": 38905.0, "BUILDING_N": "CHOA CHU KANG LIAN HE TEMPLE", "HOUSE_BLK_": "11", "ROAD_NAME": "CHOA CHU KANG STREET 51", "POSTAL_COD": "689334", "ADDRESS_TY": "S", "DATA_TYPE_": "extg", "MULTI_ADDR": "y", "X_ADDR": 17934.131642699998, "Y_ADDR": 41508.878846400003, "BUILDING_I": "101000000010608090323144646904", "Temple_Nam": "Chee Seng Temple", "Address": "17  Choa Chu Kang Street 51", "Postal_C_1": "689334", "Temple_Cat": 1 }, "geometry": { "type": "Point", "coordinates": [ 103.742868881457156, 1.391664323027926 ] } },
{ "type": "Feature", "properties": { "OBJECTID_1": 286, "OBJECTID": 105747, "FEA_ID": 44081.0, "BUILDING_N": "HDB-BUKIT BATOK", "HOUSE_BLK_": "329", "ROAD_NAME": "BUKIT BATOK STREET 33", "POSTAL_COD": "650329", "ADDRESS_TY": "H", "DATA_TYPE_": "extg", "MULTI_ADDR": "n", "X_ADDR": 18460.757511399999, "Y_ADDR": 38372.0470011, "BUILDING_I": "100000000000605000302090000000", "Temple_Nam": "Cai Chuo Gang Qi Tian Gong", "Address": "BLK 329 Bukit Batok St 33 #08-89", "Postal_C_1": "650329", "Temple_Cat": 2 }, "geometry": { "type": "Point", "coordinates": [ 103.747602036743075, 1.363296147453173 ] } },
{ "type": "Feature", "properties": { "OBJECTID_1": 287, "OBJECTID": 105761, "FEA_ID": 55238.0, "BUILDING_N": "PUAT JIT BUDDHIST TEMPLE", "HOUSE_BLK_": "61", "ROAD_NAME": "ANCHORVALE LINK", "POSTAL_COD": "545073", "ADDRESS_TY": "S", "DATA_TYPE_": "extg", "MULTI_ADDR": "n", "X_ADDR": 34319.185562400002, "Y_ADDR": 41697.702000400001, "BUILDING_I": "109000000017544357027931695909", "Temple_Nam": "Puat Jit Buddhist Temple", "Address": "61 Anchorvale Link", "Postal_C_1": "545073", "Temple_Cat": 3 }, "geometry": { "type": "Point", "coordinates": [ 103.890101456772243, 1.393373029412776 ] } },
{ "type": "Feature", "properties": { "OBJECTID_1": 288, "OBJECTID": 105832, "FEA_ID": 93767.0, "BUILDING_N": " ", "HOUSE_BLK_": "84", "ROAD_NAME": "LORONG 25A GEYLANG", "POSTAL_COD": "388262", "ADDRESS_TY": "U", "DATA_TYPE_": "extg", "MULTI_ADDR": "y", "X_ADDR": 33570.913030199998, "Y_ADDR": 33159.558630799998, "BUILDING_I": "101000000010308080206020000804", "Temple_Nam": "Qing Liang Jing She", "Address": "84-B Lorong 25A Geylang", "Postal_C_1": "388262", "Temple_Cat": 3 }, "geometry": { "type": "Point", "coordinates": [ 103.883376054192695, 1.316157283459976 ] } },
{ "type": "Feature", "properties": { "OBJECTID_1": 289, "OBJECTID": 105902, "FEA_ID": 135343.0, "BUILDING_N": "KWAN YAM THENG BUDDHIST TEMPLE", "HOUSE_BLK_": "245", "ROAD_NAME": "ALEXANDRA ROAD", "POSTAL_COD": "159933", "ADDRESS_TY": "K", "DATA_TYPE_": "extg", "MULTI_ADDR": "n", "X_ADDR": 25659.790799, "Y_ADDR": 30440.2438674, "BUILDING_I": "109000000012145490903232605000", "Temple_Nam": "Kwan Yam Theng Budh Tp", "Address": "245 Alexandra Road", "Postal_C_1": "159933", "Temple_Cat": 3 }, "geometry": { "type": "Point", "coordinates": [ 103.812290816119486, 1.291565175679861 ] } },
{ "type": "Feature", "properties": { "OBJECTID_1": 290, "OBJECTID": 105947, "FEA_ID": 102542.0, "BUILDING_N": "KEW HUA SAN POH ERN SHIH TP", "HOUSE_BLK_": "17D", "ROAD_NAME": "CHWEE CHIAN ROAD", "POSTAL_COD": "119753", "ADDRESS_TY": "S", "DATA_TYPE_": "extg", "MULTI_ADDR": "n", "X_ADDR": 22992.8709748, "Y_ADDR": 29018.909354700001, "BUILDING_I": "100000000019111192705132605002", "Temple_Nam": "Kew Hua San Poh Ern Shin Temple", "Address": "17D Chwee Chian Road", "Postal_C_1": "119753", "Temple_Cat": 3 }, "geometry": { "type": "Point", "coordinates": [ 103.788327649587515, 1.278710816185135 ] } },
{ "type": "Feature", "properties": { "OBJECTID_1": 291, "OBJECTID": 106128, "FEA_ID": 8546.0, "BUILDING_N": " ", "HOUSE_BLK_": "1", "ROAD_NAME": "TAMPINES AVENUE", "POSTAL_COD": "529783", "ADDRESS_TY": "I", "DATA_TYPE_": "extg", "MULTI_ADDR": "n", "X_ADDR": 38561.235550199999, "Y_ADDR": 38806.842228599999, "BUILDING_I": "109000000026582090708132605001", "Temple_Nam": "Xian Gu Dian", "Address": "1 Tampines Ave 1", "Postal_C_1": "529783", "Temple_Cat": 1 }, "geometry": { "type": "Point", "coordinates": [ 103.928218565375488, 1.367227929787668 ] } },
{ "type": "Feature", "properties": { "OBJECTID_1": 292, "OBJECTID": 106194, "FEA_ID": 91593.0, "BUILDING_N": "KATHO CHENGSIA TEMPLE", "HOUSE_BLK_": "18", "ROAD_NAME": "LORONG 31 GEYLANG", "POSTAL_COD": "388026", "ADDRESS_TY": "S", "DATA_TYPE_": "extg", "MULTI_ADDR": "n", "X_ADDR": 34006.646232200001, "Y_ADDR": 33016.2134553, "BUILDING_I": "100000000010308080002060000108", "Temple_Nam": "Katho Chengsia Temple", "Address": "18 Lorong 31 Geylang", "Postal_C_1": "388026", "Temple_Cat": 3 }, "geometry": { "type": "Point", "coordinates": [ 103.887291308564158, 1.314860838370738 ] } },
{ "type": "Feature", "properties": { "OBJECTID_1": 293, "OBJECTID": 106304, "FEA_ID": 35752.0, "BUILDING_N": "HOCK CHUAN TEMPLE", "HOUSE_BLK_": "1", "ROAD_NAME": "BEDOK NORTH STREET 5", "POSTAL_COD": "486115", "ADDRESS_TY": "S", "DATA_TYPE_": "extg", "MULTI_ADDR": "n", "X_ADDR": 40919.054366099997, "Y_ADDR": 35292.208649200002, "BUILDING_I": "100000000010488267161751090906", "Temple_Nam": "Chwee Bee Temple\nHock Chuan Temple", "Address": "1 Bedok North Street 5", "Postal_C_1": "486115", "Temple_Cat": 3 }, "geometry": { "type": "Point", "coordinates": [ 103.949403658581502, 1.335441962792391 ] } },
{ "type": "Feature", "properties": { "OBJECTID_1": 294, "OBJECTID": 107741, "FEA_ID": 66884.0, "BUILDING_N": "KOVAN CITY", "HOUSE_BLK_": "212", "ROAD_NAME": "HOUGANG STREET 21", "POSTAL_COD": "530212", "ADDRESS_TY": "H", "DATA_TYPE_": "extg", "MULTI_ADDR": "n", "X_ADDR": 34102.093897400002, "Y_ADDR": 37944.375737000002, "BUILDING_I": "100000000000503000201020000000", "Temple_Nam": "Chi Feng Guan Ling Tan", "Address": "BLK 212 Hougang St 21 #01-335", "Postal_C_1": "530212", "Temple_Cat": 2 }, "geometry": { "type": "Point", "coordinates": [ 103.888149942217026, 1.35942935100495 ] } },
{ "type": "Feature", "properties": { "OBJECTID_1": 295, "OBJECTID": 107901, "FEA_ID": 87871.0, "BUILDING_N": "PETAIN RD/TYRWHITT RD CON AREA", "HOUSE_BLK_": "30", "ROAD_NAME": "PETAIN ROAD", "POSTAL_COD": "208099", "ADDRESS_TY": "U", "DATA_TYPE_": "extg", "MULTI_ADDR": "y", "X_ADDR": 30798.6651628, "Y_ADDR": 32727.5736645, "BUILDING_I": "101000000010200080009090000300", "Temple_Nam": "Guan Shi Tan", "Address": "30, Petain Road", "Postal_C_1": "208099", "Temple_Cat": 1 }, "geometry": { "type": "Point", "coordinates": [ 103.858465966365827, 1.312250942132684 ] } },
{ "type": "Feature", "properties": { "OBJECTID_1": 296, "OBJECTID": 108391, "FEA_ID": 48969.0, "BUILDING_N": "FA HUA MONASTERY", "HOUSE_BLK_": "381", "ROAD_NAME": "UPPER PAYA LEBAR ROAD", "POSTAL_COD": "534974", "ADDRESS_TY": "S", "DATA_TYPE_": "extg", "MULTI_ADDR": "n", "X_ADDR": 33151.676000300002, "Y_ADDR": 36832.217509200003, "BUILDING_I": "109000000010503040907040030801", "Temple_Nam": "Fa Hua Monastery", "Address": "381 Upper Paya Lebar Road", "Postal_C_1": "534974", "Temple_Cat": 3 }, "geometry": { "type": "Point", "coordinates": [ 103.879609617714664, 1.349371571250652 ] } },
{ "type": "Feature", "properties": { "OBJECTID_1": 297, "OBJECTID": 108544, "FEA_ID": 29155.0, "BUILDING_N": "SOON SAN TENG TEMPLE", "HOUSE_BLK_": "42", "ROAD_NAME": "JALAN SENANG", "POSTAL_COD": "418331", "ADDRESS_TY": "S", "DATA_TYPE_": "extg", "MULTI_ADDR": "n", "X_ADDR": 37283.06064, "Y_ADDR": 33963.011422600001, "BUILDING_I": "100000000010401080303010000402", "Temple_Nam": "Soon San Teng Temple", "Address": "42 Jalan Senang", "Postal_C_1": "418331", "Temple_Cat": 1 }, "geometry": { "type": "Point", "coordinates": [ 103.916731803370794, 1.323422520367085 ] } },
{ "type": "Feature", "properties": { "OBJECTID_1": 298, "OBJECTID": 108850, "FEA_ID": 42908.0, "BUILDING_N": " ", "HOUSE_BLK_": "578", "ROAD_NAME": "TELOK BLANGAH ROAD", "POSTAL_COD": "109024", "ADDRESS_TY": "S", "DATA_TYPE_": "extg", "MULTI_ADDR": "n", "X_ADDR": 25295.1204665, "Y_ADDR": 28207.504195000001, "BUILDING_I": "100000000010100090002040050708", "Temple_Nam": "Tian Gong Miao", "Address": "578 Telok Blangah Road", "Postal_C_1": "109024", "Temple_Cat": 1 }, "geometry": { "type": "Point", "coordinates": [ 103.809014290529817, 1.271373033599993 ] } },
{ "type": "Feature", "properties": { "OBJECTID_1": 299, "OBJECTID": 109386, "FEA_ID": 40386.0, "BUILDING_N": "SIAN KENG TONG TEMPLE", "HOUSE_BLK_": "216", "ROAD_NAME": "CHANGI ROAD", "POSTAL_COD": "419736", "ADDRESS_TY": "S", "DATA_TYPE_": "extg", "MULTI_ADDR": "n", "X_ADDR": 35878.543261300001, "Y_ADDR": 33276.851063100003, "BUILDING_I": "100000000010401090703060020106", "Temple_Nam": "Sian Keng Tong Temple ( Heng Hwa temple)", "Address": "216 Changi Road", "Postal_C_1": "419736", "Temple_Cat": 1 }, "geometry": { "type": "Point", "coordinates": [ 103.904111301199734, 1.317217528419605 ] } },
{ "type": "Feature", "properties": { "OBJECTID_1": 300, "OBJECTID": 109525, "FEA_ID": 125584.0, "BUILDING_N": "HOCK TECK TONG TEMPLE", "HOUSE_BLK_": "534", "ROAD_NAME": "HAVELOCK ROAD", "POSTAL_COD": "169636", "ADDRESS_TY": "S", "DATA_TYPE_": "estm", "MULTI_ADDR": "n", "X_ADDR": 27928.868911099999, "Y_ADDR": 30235.454896800002, "BUILDING_I": "500000000000106090603060000000", "Temple_Nam": "Hock Teck Tong aka\nTua Pek Kong (Havelock Road)", "Address": "534 Havelock Road", "Postal_C_1": "169636", "Temple_Cat": 1 }, "geometry": { "type": "Point", "coordinates": [ 103.832679437213756, 1.289713224132153 ] } },
{ "type": "Feature", "properties": { "OBJECTID_1": 301, "OBJECTID": 109822, "FEA_ID": 52566.0, "BUILDING_N": "HDB-JURONG WEST", "HOUSE_BLK_": "540", "ROAD_NAME": "JURONG WEST AVENUE 1", "POSTAL_COD": "640540", "ADDRESS_TY": "H", "DATA_TYPE_": "extg", "MULTI_ADDR": "n", "X_ADDR": 14869.4792528, "Y_ADDR": 36967.015550900003, "BUILDING_I": "100000000000604000504000000000", "Temple_Nam": "Shang Fa Gong Tan", "Address": "BLK540 Jurong West Ave 1 #01-1098", "Postal_C_1": "640540", "Temple_Cat": 2 }, "geometry": { "type": "Point", "coordinates": [ 103.71533262924936, 1.350588196973034 ] } },
{ "type": "Feature", "properties": { "OBJECTID_1": 302, "OBJECTID": 109906, "FEA_ID": 169990.0, "BUILDING_N": " ", "HOUSE_BLK_": "9", "ROAD_NAME": "LORONG 30 GEYLANG", "POSTAL_COD": "398347", "ADDRESS_TY": "S", "DATA_TYPE_": "extg", "MULTI_ADDR": "n", "X_ADDR": 33923.127633399999, "Y_ADDR": 32842.804120599998, "BUILDING_I": "100000000010309180384971090908", "Temple_Nam": "BODHIRAJA BUDDHIST SOCIETY", "Address": "9, Lorong 30. Geylang Road.", "Postal_C_1": "398347", "Temple_Cat": 5 }, "geometry": { "type": "Point", "coordinates": [ 103.886540819153637, 1.313292602363312 ] } },
{ "type": "Feature", "properties": { "OBJECTID_1": 303, "OBJECTID": 110148, "FEA_ID": 182499.0, "BUILDING_N": " ", "HOUSE_BLK_": "9", "ROAD_NAME": "RUBY LANE", "POSTAL_COD": "328284", "ADDRESS_TY": "U", "DATA_TYPE_": "prop", "MULTI_ADDR": "n", "X_ADDR": 31751.223642000001, "Y_ADDR": 34379.522820500002, "BUILDING_I": "300001020917302080208142605004", "Temple_Nam": "SINGAPORE BUDDHIST MISSION", "Address": "9 Ruby Lane", "Postal_C_1": "328284", "Temple_Cat": 5 }, "geometry": { "type": "Point", "coordinates": [ 103.867025374289227, 1.327190482312659 ] } },
{ "type": "Feature", "properties": { "OBJECTID_1": 304, "OBJECTID": 110814, "FEA_ID": 145009.0, "BUILDING_N": " ", "HOUSE_BLK_": "25", "ROAD_NAME": "TAMPINES STREET 21", "POSTAL_COD": "529394", "ADDRESS_TY": "S", "DATA_TYPE_": "extg", "MULTI_ADDR": "n", "X_ADDR": 40930.872288400002, "Y_ADDR": 37525.485426899999, "BUILDING_I": "100000000030502090309040000205", "Temple_Nam": "Ci Ling Gong", "Address": "25 Tampines Street 21", "Postal_C_1": "529394", "Temple_Cat": 1 }, "geometry": { "type": "Point", "coordinates": [ 103.949510804674034, 1.355638877849247 ] } },
{ "type": "Feature", "properties": { "OBJECTID_1": 305, "OBJECTID": 111470, "FEA_ID": 148357.0, "BUILDING_N": " ", "HOUSE_BLK_": "6", "ROAD_NAME": "FOURTH CHIN BEE ROAD", "POSTAL_COD": "619708", "ADDRESS_TY": "S", "DATA_TYPE_": "extg", "MULTI_ADDR": "n", "X_ADDR": 15298.2689794, "Y_ADDR": 34829.593149200002, "BUILDING_I": "109000900013681490710182605000", "Temple_Nam": "Bo Tien Temple", "Address": "6 Fourth Chin Bee Road", "Postal_C_1": "619708", "Temple_Cat": 1 }, "geometry": { "type": "Point", "coordinates": [ 103.719186463884157, 1.331258331257709 ] } },
{ "type": "Feature", "properties": { "OBJECTID_1": 306, "OBJECTID": 111721, "FEA_ID": 124465.0, "BUILDING_N": "KIM SAN TEMPLE", "HOUSE_BLK_": "25", "ROAD_NAME": "JALAN ULU SIGLAP", "POSTAL_COD": "457182", "ADDRESS_TY": "S", "DATA_TYPE_": "extg", "MULTI_ADDR": "n", "X_ADDR": 38459.073931600004, "Y_ADDR": 33044.9300535, "BUILDING_I": "100000000010405070108020000205", "Temple_Nam": "Kim San Tze Temple Association", "Address": "25 Jln Ulu Siglap", "Postal_C_1": "457182", "Temple_Cat": 1 }, "geometry": { "type": "Point", "coordinates": [ 103.927298586358901, 1.315119348151381 ] } },
{ "type": "Feature", "properties": { "OBJECTID_1": 307, "OBJECTID": 111961, "FEA_ID": 121404.0, "BUILDING_N": " ", "HOUSE_BLK_": "151", "ROAD_NAME": "BRADDELL ROAD", "POSTAL_COD": "359934", "ADDRESS_TY": "S", "DATA_TYPE_": "extg", "MULTI_ADDR": "n", "X_ADDR": 31204.3448298, "Y_ADDR": 36151.100764299998, "BUILDING_I": "100000000010305090963041696903", "Temple_Nam": "San Wang Wu Ti Religious Society", "Address": "151 Braddell Rd", "Postal_C_1": "359934", "Temple_Cat": 1 }, "geometry": { "type": "Point", "coordinates": [ 103.86211155616887, 1.343212065358842 ] } },
{ "type": "Feature", "properties": { "OBJECTID_1": 308, "OBJECTID": 112002, "FEA_ID": 6014.0, "BUILDING_N": "THOMSON GARDEN ESTATE", "HOUSE_BLK_": "98", "ROAD_NAME": "JALAN PINTAU", "POSTAL_COD": "577140", "ADDRESS_TY": "R", "DATA_TYPE_": "extg", "MULTI_ADDR": "n", "X_ADDR": 28775.2825051, "Y_ADDR": 37422.578519800001, "BUILDING_I": "100000000010507070104000000908", "Temple_Nam": "CH'AN ZHI YUAN", "Address": "98 Jalan Pintan", "Postal_C_1": "577140", "Temple_Cat": 3 }, "geometry": { "type": "Point", "coordinates": [ 103.84028499425591, 1.354711018622343 ] } },
{ "type": "Feature", "properties": { "OBJECTID_1": 309, "OBJECTID": 112050, "FEA_ID": 3503.0, "BUILDING_N": "RIVERVALE BANK", "HOUSE_BLK_": "122", "ROAD_NAME": "SENGKANG EAST WAY", "POSTAL_COD": "540122", "ADDRESS_TY": "H", "DATA_TYPE_": "extg", "MULTI_ADDR": "n", "X_ADDR": 36169.633850699996, "Y_ADDR": 40942.712427500002, "BUILDING_I": "100000000000504000102020000000", "Temple_Nam": "Ji Shen Tan", "Address": "BLK 122 Sengkang East Way #03-11", "Postal_C_1": "540122", "Temple_Cat": 2 }, "geometry": { "type": "Point", "coordinates": [ 103.90672897898115, 1.386544717948492 ] } },
{ "type": "Feature", "properties": { "OBJECTID_1": 310, "OBJECTID": 112065, "FEA_ID": 89278.0, "BUILDING_N": " ", "HOUSE_BLK_": "9", "ROAD_NAME": "LORONG 35 GEYLANG", "POSTAL_COD": "387941", "ADDRESS_TY": "K", "DATA_TYPE_": "extg", "MULTI_ADDR": "n", "X_ADDR": 34129.2852012, "Y_ADDR": 33045.132515999998, "BUILDING_I": "100000000018308371934912605001", "Temple_Nam": "Ching Chung Taoist Association (Singapore)", "Address": "9, Lorong 35, Geylang #04-01", "Postal_C_1": "387941", "Temple_Cat": 1 }, "geometry": { "type": "Point", "coordinates": [ 103.88839328667683, 1.315122348203575 ] } },
{ "type": "Feature", "properties": { "OBJECTID_1": 311, "OBJECTID": 113042, "FEA_ID": 31108.0, "BUILDING_N": "FRANKEL ESTATE", "HOUSE_BLK_": "574", "ROAD_NAME": "CHANGI ROAD", "POSTAL_COD": "419944", "ADDRESS_TY": "R", "DATA_TYPE_": "extg", "MULTI_ADDR": "n", "X_ADDR": 37533.326741600002, "Y_ADDR": 33687.931960900001, "BUILDING_I": "100000000010401090904040050704", "Temple_Nam": "SAGARAMUDRA BUDDHIST HERMITAGE", "Address": "574 Changi Road", "Postal_C_1": "419944", "Temple_Cat": 3 }, "geometry": { "type": "Point", "coordinates": [ 103.918980490232983, 1.320934725000777 ] } },
{ "type": "Feature", "properties": { "OBJECTID_1": 312, "OBJECTID": 113119, "FEA_ID": 74120.0, "BUILDING_N": "HDB-BUKIT BATOK", "HOUSE_BLK_": "116", "ROAD_NAME": "BUKIT BATOK WEST AVENUE 6", "POSTAL_COD": "650116", "ADDRESS_TY": "H", "DATA_TYPE_": "extg", "MULTI_ADDR": "n", "X_ADDR": 18324.980058199999, "Y_ADDR": 36860.345849099998, "BUILDING_I": "100000000000605000101060000000", "Temple_Nam": "Wu Ji Ba Du Qi Tian Gong", "Address": "BLK 116 Bukit Batok West Ave 6 #04-224", "Postal_C_1": "650116", "Temple_Cat": 2 }, "geometry": { "type": "Point", "coordinates": [ 103.746382473302191, 1.349624832682922 ] } },
{ "type": "Feature", "properties": { "OBJECTID_1": 313, "OBJECTID": 113294, "FEA_ID": 42754.0, "BUILDING_N": " ", "HOUSE_BLK_": "36S", "ROAD_NAME": "PAYA LEBAR CRESCENT", "POSTAL_COD": "536075", "ADDRESS_TY": "S", "DATA_TYPE_": "extg", "MULTI_ADDR": "n", "X_ADDR": 33482.363801699998, "Y_ADDR": 36653.282996299997, "BUILDING_I": "100000000010503060007050803306", "Temple_Nam": "Tian Kong Heng Woo Looi Ban Tin To Suay Temple", "Address": "36S Paya Lebar Cres", "Postal_C_1": "536075", "Temple_Cat": 1 }, "geometry": { "type": "Point", "coordinates": [ 103.882581021774584, 1.347753292889056 ] } },
{ "type": "Feature", "properties": { "OBJECTID_1": 314, "OBJECTID": 113499, "FEA_ID": 10503.0, "BUILDING_N": "MEOW IM KOK YUEN", "HOUSE_BLK_": "9", "ROAD_NAME": "JALAN LATEH", "POSTAL_COD": "359108", "ADDRESS_TY": "S", "DATA_TYPE_": "extg", "MULTI_ADDR": "n", "X_ADDR": 32061.985030899999, "Y_ADDR": 36439.610311900004, "BUILDING_I": "100000000010305090100080000009", "Temple_Nam": "Meow Im Kok Yuen Tp", "Address": "9 Jalan Lateh", "Postal_C_1": "359108", "Temple_Cat": 3 }, "geometry": { "type": "Point", "coordinates": [ 103.869818010016061, 1.345821139326495 ] } },
{ "type": "Feature", "properties": { "OBJECTID_1": 315, "OBJECTID": 113590, "FEA_ID": 64405.0, "BUILDING_N": "HDB-WATERLOO CENTRE", "HOUSE_BLK_": "262", "ROAD_NAME": "WATERLOO STREET", "POSTAL_COD": "180262", "ADDRESS_TY": "H", "DATA_TYPE_": "extg", "MULTI_ADDR": "n", "X_ADDR": 30063.289152599998, "Y_ADDR": 31212.415273099999, "BUILDING_I": "100000000000108000206020000000", "Temple_Nam": "Ci Ji Gong Sheng Guo Yuan", "Address": "Blk 262, Waterloo Street #07-221", "Postal_C_1": "180262", "Temple_Cat": 2 }, "geometry": { "type": "Point", "coordinates": [ 103.851858150189329, 1.298548442180246 ] } },
{ "type": "Feature", "properties": { "OBJECTID_1": 316, "OBJECTID": 113922, "FEA_ID": 78897.0, "BUILDING_N": "HDB-CHOA CHU KANG", "HOUSE_BLK_": "683A", "ROAD_NAME": "CHOA CHU KANG CRESCENT", "POSTAL_COD": "681683", "ADDRESS_TY": "H", "DATA_TYPE_": "extg", "MULTI_ADDR": "n", "X_ADDR": 18225.347390300001, "Y_ADDR": 42853.318394000002, "BUILDING_I": "100000000000608010608030000000", "Temple_Nam": "Ming Guang Tan", "Address": "BLK 683A Choa Chu Kang Crescent #01-404", "Postal_C_1": "681683", "Temple_Cat": 2 }, "geometry": { "type": "Point", "coordinates": [ 103.745485228688182, 1.403823036481221 ] } },
{ "type": "Feature", "properties": { "OBJECTID_1": 317, "OBJECTID": 114167, "FEA_ID": 86405.0, "BUILDING_N": "TIONG GHEE TEMPLE", "HOUSE_BLK_": "1085", "ROAD_NAME": "STIRLING ROAD", "POSTAL_COD": "148953", "ADDRESS_TY": "S", "DATA_TYPE_": "extg", "MULTI_ADDR": "n", "X_ADDR": 24755.200142599999, "Y_ADDR": 30384.7234259, "BUILDING_I": "100000000020104080915431656703", "Temple_Nam": "Tiong Ghee Temple", "Address": "1085 Stirling Road, Queenstown", "Postal_C_1": "148953", "Temple_Cat": 1 }, "geometry": { "type": "Point", "coordinates": [ 103.804162695280823, 1.291062988097933 ] } },
{ "type": "Feature", "properties": { "OBJECTID_1": 318, "OBJECTID": 114616, "FEA_ID": 54132.0, "BUILDING_N": " ", "HOUSE_BLK_": "247", "ROAD_NAME": "JALAN KAYU", "POSTAL_COD": "799471", "ADDRESS_TY": "U", "DATA_TYPE_": "extg", "MULTI_ADDR": "y", "X_ADDR": 32398.3792249, "Y_ADDR": 42040.978740500002, "BUILDING_I": "101000001040709090407111626600", "Temple_Nam": "Si Hua Feng Shan Si", "Address": "247A, Jalan Kayu", "Postal_C_1": "799471", "Temple_Cat": 1 }, "geometry": { "type": "Point", "coordinates": [ 103.872841548370786, 1.396477855112275 ] } },
{ "type": "Feature", "properties": { "OBJECTID_1": 319, "OBJECTID": 115764, "FEA_ID": 77194.0, "BUILDING_N": "HDB-HOUGANG", "HOUSE_BLK_": "601", "ROAD_NAME": "HOUGANG AVENUE 4", "POSTAL_COD": "530601", "ADDRESS_TY": "H", "DATA_TYPE_": "extg", "MULTI_ADDR": "n", "X_ADDR": 33988.571917599998, "Y_ADDR": 39189.994282799998, "BUILDING_I": "100000000000503000600010000000", "Temple_Nam": "Fo Jian Tan", "Address": "BLK 601 Hougang Ave 4 #01-123", "Postal_C_1": "530601", "Temple_Cat": 2 }, "geometry": { "type": "Point", "coordinates": [ 103.887130122511564, 1.370694298962937 ] } },
{ "type": "Feature", "properties": { "OBJECTID_1": 320, "OBJECTID": 115913, "FEA_ID": 153549.0, "BUILDING_N": "SEU TECK SEAN TONG", "HOUSE_BLK_": "335", "ROAD_NAME": "BEDOK NORTH AVENUE 3", "POSTAL_COD": "469718", "ADDRESS_TY": "S", "DATA_TYPE_": "extg", "MULTI_ADDR": "n", "X_ADDR": 39188.334174700001, "Y_ADDR": 35029.005739, "BUILDING_I": "100000900010406090701080030305", "Temple_Nam": "Seu Teck Sean Tong Yiang Sin Sia", "Address": "335 Bedok North Ave 3 (15 Dec 2008)", "Postal_C_1": "469718", "Temple_Cat": 7 }, "geometry": { "type": "Point", "coordinates": [ 103.933852070181686, 1.333062342401293 ] } },
{ "type": "Feature", "properties": { "OBJECTID_1": 321, "OBJECTID": 116590, "FEA_ID": 101160.0, "BUILDING_N": "SINGAPORE BUDDHIST MEDITATION CENTRE", "HOUSE_BLK_": "1", "ROAD_NAME": "JALAN MAS PUTEH", "POSTAL_COD": "128607", "ADDRESS_TY": "U", "DATA_TYPE_": "extg", "MULTI_ADDR": "y", "X_ADDR": 20008.2952902, "Y_ADDR": 32321.0479165, "BUILDING_I": "101000000010102080600070000001", "Temple_Nam": "SINGAPORE BUDDHIST MEDITATION CENTRE", "Address": "1 Jalan Mas Puteh", "Postal_C_1": "128607", "Temple_Cat": 5 }, "geometry": { "type": "Point", "coordinates": [ 103.76150929095121, 1.30857355886823 ] } },
{ "type": "Feature", "properties": { "OBJECTID_1": 322, "OBJECTID": 116606, "FEA_ID": 111581.0, "BUILDING_N": " ", "HOUSE_BLK_": "39", "ROAD_NAME": "LORONG 34 GEYLANG", "POSTAL_COD": "398233", "ADDRESS_TY": "S", "DATA_TYPE_": "extg", "MULTI_ADDR": "n", "X_ADDR": 34096.717789000002, "Y_ADDR": 32773.4571431, "BUILDING_I": "100000000010309080203030000309", "Temple_Nam": "Kong Leap Thiam Lim Tua Temple", "Address": "39 Lorong 34 Geylang", "Postal_C_1": "398233", "Temple_Cat": 1 }, "geometry": { "type": "Point", "coordinates": [ 103.888100598591791, 1.312665419459813 ] } },
{ "type": "Feature", "properties": { "OBJECTID_1": 323, "OBJECTID": 116911, "FEA_ID": 18616.0, "BUILDING_N": " ", "HOUSE_BLK_": "64", "ROAD_NAME": "LORONG 24A GEYLANG", "POSTAL_COD": "398588", "ADDRESS_TY": "S", "DATA_TYPE_": "extg", "MULTI_ADDR": "n", "X_ADDR": 33629.001437600004, "Y_ADDR": 32633.796065499999, "BUILDING_I": "100000000010309080508080000604", "Temple_Nam": " HUI MING BUDDHIST SOCIETY", "Address": "64 Lorong 24A Geylang", "Postal_C_1": "398588", "Temple_Cat": 3 }, "geometry": { "type": "Point", "coordinates": [ 103.883897912015826, 1.311402463710549 ] } },
{ "type": "Feature", "properties": { "OBJECTID_1": 324, "OBJECTID": 117522, "FEA_ID": 69123.0, "BUILDING_N": "HDB-JURONG WEST", "HOUSE_BLK_": "674A", "ROAD_NAME": "JURONG WEST STREET 65", "POSTAL_COD": "641674", "ADDRESS_TY": "H", "DATA_TYPE_": "extg", "MULTI_ADDR": "n", "X_ADDR": 13407.418502099999, "Y_ADDR": 36298.926267299998, "BUILDING_I": "100000000000604010607040000000", "Temple_Nam": "Jiu Ying Shen Tian Gong", "Address": "BLK674A Jurong West St 65 #03-68", "Postal_C_1": "641674", "Temple_Cat": 2 }, "geometry": { "type": "Point", "coordinates": [ 103.702195443261658, 1.344545573351629 ] } },
{ "type": "Feature", "properties": { "OBJECTID_1": 325, "OBJECTID": 117972, "FEA_ID": 59423.0, "BUILDING_N": "LEI YIN TEMPLE", "HOUSE_BLK_": "195E", "ROAD_NAME": "BUKIT MERAH VIEW", "POSTAL_COD": "159681", "ADDRESS_TY": "S", "DATA_TYPE_": "extg", "MULTI_ADDR": "n", "X_ADDR": 26735.265411100001, "Y_ADDR": 29564.3781934, "BUILDING_I": "100000000030105090608010619905", "Temple_Nam": "Lei Yin Temple", "Address": "195E Bukit Merah View", "Postal_C_1": "159681", "Temple_Cat": 3 }, "geometry": { "type": "Point", "coordinates": [ 103.821954442491645, 1.28364421629512 ] } },
{ "type": "Feature", "properties": { "OBJECTID_1": 326, "OBJECTID": 118281, "FEA_ID": 89621.0, "BUILDING_N": " ", "HOUSE_BLK_": "148", "ROAD_NAME": "PAYA LEBAR ROAD", "POSTAL_COD": "409018", "ADDRESS_TY": "I", "DATA_TYPE_": "extg", "MULTI_ADDR": "y", "X_ADDR": 34421.711637799999, "Y_ADDR": 34527.660144300004, "BUILDING_I": "101000000010400090051583696900", "Temple_Nam": "Fung Huo Yuan Temple aka\nDa Sheng Kong Chinese Temple", "Address": "148 / 150 Paya Lebar Road, Singapore 409018-9", "Postal_C_1": "409018", "Temple_Cat": 1 }, "geometry": { "type": "Point", "coordinates": [ 103.891021193645187, 1.328529737258493 ] } },
{ "type": "Feature", "properties": { "OBJECTID_1": 327, "OBJECTID": 118536, "FEA_ID": 62349.0, "BUILDING_N": "HEAN THUAN TOH TONG", "HOUSE_BLK_": "790", "ROAD_NAME": "TAMPINES ROAD", "POSTAL_COD": "518472", "ADDRESS_TY": "S", "DATA_TYPE_": "extg", "MULTI_ADDR": "n", "X_ADDR": 38682.841624200002, "Y_ADDR": 38872.279642000001, "BUILDING_I": "100000900010501080407020070900", "Temple_Nam": "Hean Thuan Chong Toh Tong Tp", "Address": "790 Tampines Road", "Postal_C_1": "518472", "Temple_Cat": 10 }, "geometry": { "type": "Point", "coordinates": [ 103.929311302373819, 1.367819677516409 ] } },
{ "type": "Feature", "properties": { "OBJECTID_1": 328, "OBJECTID": 118624, "FEA_ID": 103490.0, "BUILDING_N": "POO THOR JEE TEMPLE", "HOUSE_BLK_": "7", "ROAD_NAME": "YAN KIT ROAD", "POSTAL_COD": "088262", "ADDRESS_TY": "S", "DATA_TYPE_": "extg", "MULTI_ADDR": "n", "X_ADDR": 29013.712795899999, "Y_ADDR": 28832.770153599999, "BUILDING_I": "100000000010008080206020000007", "Temple_Nam": "Poo Thor Jee Temple", "Address": "7 Yan Kit Road", "Postal_C_1": "088262", "Temple_Cat": 3 }, "geometry": { "type": "Point", "coordinates": [ 103.842427163316344, 1.277027819304768 ] } },
{ "type": "Feature", "properties": { "OBJECTID_1": 329, "OBJECTID": 118731, "FEA_ID": 20675.0, "BUILDING_N": "TIEN SEN TUA TEMPLE", "HOUSE_BLK_": "146C", "ROAD_NAME": "PAYA LEBAR ROAD", "POSTAL_COD": "409040", "ADDRESS_TY": "S", "DATA_TYPE_": "extg", "MULTI_ADDR": "y", "X_ADDR": 34427.404228300002, "Y_ADDR": 34470.705454399998, "BUILDING_I": "101000000010400090054104656904", "Temple_Nam": "Tien Sen Tua Temple (Bao Gong Miao)", "Address": "146C Paya Lebar Road", "Postal_C_1": "409040", "Temple_Cat": 1 }, "geometry": { "type": "Point", "coordinates": [ 103.891072332889948, 1.328014658284205 ] } },
{ "type": "Feature", "properties": { "OBJECTID_1": 330, "OBJECTID": 118993, "FEA_ID": 8939.0, "BUILDING_N": " ", "HOUSE_BLK_": "48", "ROAD_NAME": "LORONG 25A GEYLANG", "POSTAL_COD": "388266", "ADDRESS_TY": "K", "DATA_TYPE_": "extg", "MULTI_ADDR": "n", "X_ADDR": 33559.255951899999, "Y_ADDR": 33025.037964800002, "BUILDING_I": "100000000010308080266063616903", "Temple_Nam": "Poh Tiong Kiong Temple", "Address": "48 Lorong 25a Geylang", "Postal_C_1": "388266", "Temple_Cat": 2 }, "geometry": { "type": "Point", "coordinates": [ 103.883271285192606, 1.314940728288607 ] } },
{ "type": "Feature", "properties": { "OBJECTID_1": 331, "OBJECTID": 121413, "FEA_ID": 105758.0, "BUILDING_N": " ", "HOUSE_BLK_": "21", "ROAD_NAME": "LORONG 34 GEYLANG", "POSTAL_COD": "398218", "ADDRESS_TY": "S", "DATA_TYPE_": "extg", "MULTI_ADDR": "n", "X_ADDR": 34080.829912399997, "Y_ADDR": 32853.704953400003, "BUILDING_I": "100000000010309080201080000201", "Temple_Nam": "Yin Zhen Dian Temple Association", "Address": "21 Lorong 34 Geylang", "Postal_C_1": "398218", "Temple_Cat": 1 }, "geometry": { "type": "Point", "coordinates": [ 103.887957854013365, 1.313391155125677 ] } },
{ "type": "Feature", "properties": { "OBJECTID_1": 332, "OBJECTID": 121468, "FEA_ID": 134750.0, "BUILDING_N": " ", "HOUSE_BLK_": "2", "ROAD_NAME": "TELOK BLANGAH DRIVE", "POSTAL_COD": "109256", "ADDRESS_TY": "S", "DATA_TYPE_": "extg", "MULTI_ADDR": "n", "X_ADDR": 25596.221253200001, "Y_ADDR": 28415.169562300001, "BUILDING_I": "100000000020100090225260686805", "Temple_Nam": "Ban Siew San Temple", "Address": "2 Telok Blangah Drive", "Postal_C_1": "109256", "Temple_Cat": 1 }, "geometry": { "type": "Point", "coordinates": [ 103.811719770773195, 1.27325111037297 ] } },
{ "type": "Feature", "properties": { "OBJECTID_1": 333, "OBJECTID": 121502, "FEA_ID": 4059.0, "BUILDING_N": " ", "HOUSE_BLK_": "134", "ROAD_NAME": "TEMBELING ROAD", "POSTAL_COD": "423643", "ADDRESS_TY": "U", "DATA_TYPE_": "extg", "MULTI_ADDR": "y", "X_ADDR": 35693.570467199999, "Y_ADDR": 32566.152328, "BUILDING_I": "101000000010402030604030010304", "Temple_Nam": " SAMADHI BUDDHIST SOCIETY", "Address": "34 Tembeling Road", "Postal_C_1": "423643", "Temple_Cat": 3 }, "geometry": { "type": "Point", "coordinates": [ 103.90244905058934, 1.310790271419574 ] } },
{ "type": "Feature", "properties": { "OBJECTID_1": 334, "OBJECTID": 121882, "FEA_ID": 48967.0, "BUILDING_N": "THIAN HOCK KENG TEMPLE", "HOUSE_BLK_": "158", "ROAD_NAME": "TELOK AYER STREET", "POSTAL_COD": "068613", "ADDRESS_TY": "S", "DATA_TYPE_": "extg", "MULTI_ADDR": "n", "X_ADDR": 29577.087629000001, "Y_ADDR": 29284.115339600001, "BUILDING_I": "100000000010006080601030010508", "Temple_Nam": "Thian Hock Keng", "Address": "158 Telok Ayer St", "Postal_C_1": "068613", "Temple_Cat": 1 }, "geometry": { "type": "Point", "coordinates": [ 103.847489316839344, 1.281109603512427 ] } },
{ "type": "Feature", "properties": { "OBJECTID_1": 335, "OBJECTID": 122111, "FEA_ID": 51636.0, "BUILDING_N": " ", "HOUSE_BLK_": "36", "ROAD_NAME": "LORONG 8 GEYLANG", "POSTAL_COD": "399098", "ADDRESS_TY": "S", "DATA_TYPE_": "extg", "MULTI_ADDR": "n", "X_ADDR": 32860.027541700001, "Y_ADDR": 32564.4358307, "BUILDING_I": "100000000010309090009080000306", "Temple_Nam": "Shan Qing Tang Temple", "Address": "36 Lorong 8 Geylang", "Postal_C_1": "399098", "Temple_Cat": 1 }, "geometry": { "type": "Point", "coordinates": [ 103.87698829584123, 1.310775325070086 ] } },
{ "type": "Feature", "properties": { "OBJECTID_1": 336, "OBJECTID": 122383, "FEA_ID": 45870.0, "BUILDING_N": "KWAN SIANG TNG BUDDHIST TEMPLE", "HOUSE_BLK_": "70", "ROAD_NAME": "LOWLAND ROAD", "POSTAL_COD": "547460", "ADDRESS_TY": "S", "DATA_TYPE_": "extg", "MULTI_ADDR": "n", "X_ADDR": 33419.943107400002, "Y_ADDR": 38252.941153400003, "BUILDING_I": "100000000010584170456101090906", "Temple_Nam": "Kwan Siang Tng Temple", "Address": "70 Lowland Road", "Postal_C_1": "547460", "Temple_Cat": 1 }, "geometry": { "type": "Point", "coordinates": [ 103.882020422240956, 1.362220037462946 ] } },
{ "type": "Feature", "properties": { "OBJECTID_1": 337, "OBJECTID": 123829, "FEA_ID": 42527.0, "BUILDING_N": " ", "HOUSE_BLK_": "61", "ROAD_NAME": "LORONG A-LENG", "POSTAL_COD": "536751", "ADDRESS_TY": "S", "DATA_TYPE_": "extg", "MULTI_ADDR": "n", "X_ADDR": 33299.377828299999, "Y_ADDR": 36177.060917700001, "BUILDING_I": "100000000010503060705113791108", "Temple_Nam": "Jin Long Shi", "Address": "61, Lorong A-Leng", "Postal_C_1": "536751", "Temple_Cat": 4 }, "geometry": { "type": "Point", "coordinates": [ 103.880936695983294, 1.343446543993002 ] } },
{ "type": "Feature", "properties": { "OBJECTID_1": 338, "OBJECTID": 124032, "FEA_ID": 121809.0, "BUILDING_N": " ", "HOUSE_BLK_": "397", "ROAD_NAME": "GUILLEMARD ROAD", "POSTAL_COD": "399792", "ADDRESS_TY": "U", "DATA_TYPE_": "extg", "MULTI_ADDR": "y", "X_ADDR": 34130.564295900003, "Y_ADDR": 32692.1198066, "BUILDING_I": "101000000010309090709020030907", "Temple_Nam": "NYINGMA KATHOK BUDDHIST CENTRE", "Address": "397 Guillemard Road", "Postal_C_1": "399792", "Temple_Cat": 6 }, "geometry": { "type": "Point", "coordinates": [ 103.888404710175649, 1.311929826841484 ] } },
{ "type": "Feature", "properties": { "OBJECTID_1": 339, "OBJECTID": 124582, "FEA_ID": 170199.0, "BUILDING_N": " ", "HOUSE_BLK_": "90", "ROAD_NAME": "DUKU ROAD", "POSTAL_COD": "429254", "ADDRESS_TY": "S", "DATA_TYPE_": "extg", "MULTI_ADDR": "n", "X_ADDR": 36162.3456229, "Y_ADDR": 32512.044795999998, "BUILDING_I": "100000000321402590205142609000", "Temple_Nam": "TISARANA BUDDHIST ASSOCIATION", "Address": "90 Duku Road", "Postal_C_1": "429254", "Temple_Cat": 5 }, "geometry": { "type": "Point", "coordinates": [ 103.906661206937201, 1.310300821946176 ] } },
{ "type": "Feature", "properties": { "OBJECTID_1": 340, "OBJECTID": 124659, "FEA_ID": 110979.0, "BUILDING_N": "HDB-TAMAN JURONG", "HOUSE_BLK_": "329", "ROAD_NAME": "TAH CHING ROAD", "POSTAL_COD": "610329", "ADDRESS_TY": "H", "DATA_TYPE_": "extg", "MULTI_ADDR": "n", "X_ADDR": 15807.0157619, "Y_ADDR": 35529.206659000003, "BUILDING_I": "100000000000601000302090000000", "Temple_Nam": "Wan Fo Xian Xi Tan", "Address": "BLK 326, Tah Ching Road #12-94", "Postal_C_1": "610329", "Temple_Cat": 2 }, "geometry": { "type": "Point", "coordinates": [ 103.723757550601647, 1.337585584836692 ] } },
{ "type": "Feature", "properties": { "OBJECTID_1": 341, "OBJECTID": 125641, "FEA_ID": 107368.0, "BUILDING_N": "TIAN KONG TEMPLE", "HOUSE_BLK_": "796", "ROAD_NAME": "TAMPINES ROAD", "POSTAL_COD": "518474", "ADDRESS_TY": "S", "DATA_TYPE_": "extg", "MULTI_ADDR": "n", "X_ADDR": 38749.732869300002, "Y_ADDR": 38912.43324, "BUILDING_I": "100000000020581181437341090906", "Temple_Nam": "Tian Kong Temple", "Address": "796 Tampines Road", "Postal_C_1": "518474", "Temple_Cat": 1 }, "geometry": { "type": "Point", "coordinates": [ 103.929912380612635, 1.368182787556154 ] } },
{ "type": "Feature", "properties": { "OBJECTID_1": 342, "OBJECTID": 125828, "FEA_ID": 80907.0, "BUILDING_N": " ", "HOUSE_BLK_": "15B", "ROAD_NAME": "LORONG 13 GEYLANG", "POSTAL_COD": "388655", "ADDRESS_TY": "S", "DATA_TYPE_": "extg", "MULTI_ADDR": "y", "X_ADDR": 32902.369545200003, "Y_ADDR": 32832.3414472, "BUILDING_I": "101000000010308080605050606105", "Temple_Nam": "Yun Teck Sian Tng Thong Sin Sia", "Address": "15B Geylang Lor 13", "Postal_C_1": "388655", "Temple_Cat": 1 }, "geometry": { "type": "Point", "coordinates": [ 103.877368801783987, 1.313198161367863 ] } },
{ "type": "Feature", "properties": { "OBJECTID_1": 343, "OBJECTID": 125894, "FEA_ID": 114004.0, "BUILDING_N": " ", "HOUSE_BLK_": "28", "ROAD_NAME": "LORONG 27A GEYLANG", "POSTAL_COD": "388117", "ADDRESS_TY": "S", "DATA_TYPE_": "extg", "MULTI_ADDR": "y", "X_ADDR": 33768.385744799998, "Y_ADDR": 33050.6801834, "BUILDING_I": "101000000010308080161377676900", "Temple_Nam": "U SHAN AN", "Address": "28 Lorong 27A Geylang", "Postal_C_1": "388117", "Temple_Cat": 3 }, "geometry": { "type": "Point", "coordinates": [ 103.885150425657571, 1.315172589018976 ] } },
{ "type": "Feature", "properties": { "OBJECTID_1": 344, "OBJECTID": 126075, "FEA_ID": 62968.0, "BUILDING_N": "TUI SAN TEMPLE", "HOUSE_BLK_": "118", "ROAD_NAME": "BOON LAY DRIVE", "POSTAL_COD": "649923", "ADDRESS_TY": "S", "DATA_TYPE_": "extg", "MULTI_ADDR": "n", "X_ADDR": 14651.525676699999, "Y_ADDR": 36307.039449000004, "BUILDING_I": "100000000020604090902030010108", "Temple_Nam": "Tuas Pek Kong Keng", "Address": "118 Boon Lay Drive", "Postal_C_1": "649923", "Temple_Cat": 1 }, "geometry": { "type": "Point", "coordinates": [ 103.713374475134913, 1.344619524153312 ] } },
{ "type": "Feature", "properties": { "OBJECTID_1": 345, "OBJECTID": 126147, "FEA_ID": 114281.0, "BUILDING_N": "LIAN SHAN SHUANG LIN BUDDHIST MONASTERY", "HOUSE_BLK_": "184E", "ROAD_NAME": "JALAN TOA PAYOH", "POSTAL_COD": "319941", "ADDRESS_TY": "S", "DATA_TYPE_": "extg", "MULTI_ADDR": "n", "X_ADDR": 30673.628878799998, "Y_ADDR": 34728.31696, "BUILDING_I": "100000000010301090904010619804", "Temple_Nam": "Lian Shan Shuang Lin Monastery", "Address": "184E Jalan Toa Payoh", "Postal_C_1": "319941", "Temple_Cat": 3 }, "geometry": { "type": "Point", "coordinates": [ 103.85734262740921, 1.33034496614946 ] } },
{ "type": "Feature", "properties": { "OBJECTID_1": 346, "OBJECTID": 126186, "FEA_ID": 155592.0, "BUILDING_N": "SEMBAWANG GOD OF WEALTH TEMPLE", "HOUSE_BLK_": "28", "ROAD_NAME": "ADMIRALTY STREET", "POSTAL_COD": "757611", "ADDRESS_TY": "S", "DATA_TYPE_": "extg", "MULTI_ADDR": "n", "X_ADDR": 25527.906171800001, "Y_ADDR": 49153.742099900002, "BUILDING_I": "100000000018785870601212605004", "Temple_Nam": "Sembawang Tian Hoon Tien (God of Wealth Temple)", "Address": "28 Admiralty Street", "Postal_C_1": "757611", "Temple_Cat": 1 }, "geometry": { "type": "Point", "coordinates": [ 103.811104210784862, 1.460803337574342 ] } },
{ "type": "Feature", "properties": { "OBJECTID_1": 347, "OBJECTID": 126248, "FEA_ID": 20360.0, "BUILDING_N": "SHANG DI MIAO CHAI KONG TEMPLE", "HOUSE_BLK_": "10", "ROAD_NAME": "MARSILING INDUSTRIAL ESTATE ROAD 3", "POSTAL_COD": "739254", "ADDRESS_TY": "S", "DATA_TYPE_": "extg", "MULTI_ADDR": "n", "X_ADDR": 22394.423751300001, "Y_ADDR": 46808.120070700003, "BUILDING_I": "100000000010703090275147676902", "Temple_Nam": "Shang Di Miao Chai Kong Temple", "Address": "10 Marsiling Industrial Estate Road 3", "Postal_C_1": "739254", "Temple_Cat": 1 }, "geometry": { "type": "Point", "coordinates": [ 103.782947044206225, 1.439589934893362 ] } },
{ "type": "Feature", "properties": { "OBJECTID_1": 348, "OBJECTID": 126298, "FEA_ID": 57878.0, "BUILDING_N": "JIU HUANG DA DI TEMPLE", "HOUSE_BLK_": "779A", "ROAD_NAME": "UPPER SERANGOON ROAD", "POSTAL_COD": "534648", "ADDRESS_TY": "S", "DATA_TYPE_": "extg", "MULTI_ADDR": "n", "X_ADDR": 33072.059852600003, "Y_ADDR": 37473.583795300001, "BUILDING_I": "100000000010503040604080675709", "Temple_Nam": "Hougang Tao Mu Temple (Jiu Huang Da Di Temple)", "Address": "779A Upper Serangoon Rd", "Postal_C_1": "534648", "Temple_Cat": 1 }, "geometry": { "type": "Point", "coordinates": [ 103.878894325187417, 1.3551718713605 ] } },
{ "type": "Feature", "properties": { "OBJECTID_1": 349, "OBJECTID": 126299, "FEA_ID": 58266.0, "BUILDING_N": " ", "HOUSE_BLK_": "3", "ROAD_NAME": "BENG WAN ROAD", "POSTAL_COD": "339835", "ADDRESS_TY": "S", "DATA_TYPE_": "extg", "MULTI_ADDR": "n", "X_ADDR": 31584.3488927, "Y_ADDR": 34017.706698299997, "BUILDING_I": "100000000010303090803050000003", "Temple_Nam": "Giam Loh Tian Temple", "Address": "3 Beng Wan Road", "Postal_C_1": "339835", "Temple_Cat": 1 }, "geometry": { "type": "Point", "coordinates": [ 103.865525871309217, 1.323918365885779 ] } },
{ "type": "Feature", "properties": { "OBJECTID_1": 350, "OBJECTID": 126330, "FEA_ID": 80066.0, "BUILDING_N": "SATTHA PUCHANIYARAM BUDDHIST TEMPLE", "HOUSE_BLK_": "395", "ROAD_NAME": "BUKIT BATOK WEST AVENUE 8", "POSTAL_COD": "658963", "ADDRESS_TY": "S", "DATA_TYPE_": "extg", "MULTI_ADDR": "n", "X_ADDR": 17653.520313500001, "Y_ADDR": 36587.580586700002, "BUILDING_I": "100000000020605080906030030905", "Temple_Nam": "Sattha Puchaiyaram Buddhit Temple", "Address": "395 Bukit Batok West Avenue 8", "Postal_C_1": "658963", "Temple_Cat": 5 }, "geometry": { "type": "Point", "coordinates": [ 103.740349086585653, 1.347157819437435 ] } },
{ "type": "Feature", "properties": { "OBJECTID_1": 351, "OBJECTID": 126799, "FEA_ID": 93400.0, "BUILDING_N": "FO HUI", "HOUSE_BLK_": "105", "ROAD_NAME": "PUNGGOL ROAD", "POSTAL_COD": "546636", "ADDRESS_TY": "S", "DATA_TYPE_": "extg", "MULTI_ADDR": "n", "X_ADDR": 35053.660948800003, "Y_ADDR": 40226.275003800001, "BUILDING_I": "100000900010504163653761090908", "Temple_Nam": "SINGAPORE BUDDHIST WELFARE SERVICES", "Address": "105 Punggol Road", "Postal_C_1": "546636", "Temple_Cat": 3 }, "geometry": { "type": "Point", "coordinates": [ 103.896700942397572, 1.38006580978196 ] } },
{ "type": "Feature", "properties": { "OBJECTID_1": 352, "OBJECTID": 127615, "FEA_ID": 68082.0, "BUILDING_N": "SAN JIANG GONG CI TEMPLE", "HOUSE_BLK_": "96", "ROAD_NAME": "DEPOT ROAD", "POSTAL_COD": "109668", "ADDRESS_TY": "S", "DATA_TYPE_": "extg", "MULTI_ADDR": "n", "X_ADDR": 25915.484555399998, "Y_ADDR": 29322.865350600001, "BUILDING_I": "100000000010100090606080000906", "Temple_Nam": "San Jiang Gong Ci Tp", "Address": "96 Depot Road", "Postal_C_1": "109668", "Temple_Cat": 1 }, "geometry": { "type": "Point", "coordinates": [ 103.81458840566188, 1.281460015402918 ] } },
{ "type": "Feature", "properties": { "OBJECTID_1": 353, "OBJECTID": 127887, "FEA_ID": 95705.0, "BUILDING_N": "KIM TIAN 119", "HOUSE_BLK_": "119B", "ROAD_NAME": "KIM TIAN ROAD", "POSTAL_COD": "162119", "ADDRESS_TY": "H", "DATA_TYPE_": "extg", "MULTI_ADDR": "n", "X_ADDR": 27344.816474700001, "Y_ADDR": 29278.481136, "BUILDING_I": "109000000000106020101090000000", "Temple_Nam": "Bei Lian Tan", "Address": "119B Kim Tian Road #21-240", "Postal_C_1": "162119", "Temple_Cat": 2 }, "geometry": { "type": "Point", "coordinates": [ 103.827431503807347, 1.281058682511926 ] } },
{ "type": "Feature", "properties": { "OBJECTID_1": 354, "OBJECTID": 127897, "FEA_ID": 103857.0, "BUILDING_N": " ", "HOUSE_BLK_": "17", "ROAD_NAME": "LORONG MELAYU", "POSTAL_COD": "416912", "ADDRESS_TY": "S", "DATA_TYPE_": "extg", "MULTI_ADDR": "n", "X_ADDR": 36570.956683600001, "Y_ADDR": 33587.674380199998, "BUILDING_I": "100000000020401060901020000107", "Temple_Nam": "Hong San Si  ( Changi )", "Address": "17 Lorong Melayu", "Postal_C_1": "416912", "Temple_Cat": 1 }, "geometry": { "type": "Point", "coordinates": [ 103.910333071229161, 1.320028316299659 ] } },
{ "type": "Feature", "properties": { "OBJECTID_1": 355, "OBJECTID": 128312, "FEA_ID": 36093.0, "BUILDING_N": " ", "HOUSE_BLK_": "322F", "ROAD_NAME": "CHANGI ROAD", "POSTAL_COD": "419797", "ADDRESS_TY": "U", "DATA_TYPE_": "extg", "MULTI_ADDR": "y", "X_ADDR": 36278.203746200001, "Y_ADDR": 33349.7733553, "BUILDING_I": "101000000010401090709070730202", "Temple_Nam": "Da Shu Gong", "Address": "322G Changi Road", "Postal_C_1": "419797", "Temple_Cat": 1 }, "geometry": { "type": "Point", "coordinates": [ 103.907702471658922, 1.317876906177565 ] } },
{ "type": "Feature", "properties": { "OBJECTID_1": 356, "OBJECTID": 128949, "FEA_ID": 88040.0, "BUILDING_N": "HDB-CHOA CHU KANG", "HOUSE_BLK_": "119", "ROAD_NAME": "TECK WHYE LANE", "POSTAL_COD": "680119", "ADDRESS_TY": "H", "DATA_TYPE_": "extg", "MULTI_ADDR": "n", "X_ADDR": 18772.0358471, "Y_ADDR": 40132.376544799998, "BUILDING_I": "100000000000608000101090000000", "Temple_Nam": "Nan Lai Dian", "Address": "Blk 119 Chua Chu Kang Road #07-782", "Postal_C_1": "680119", "Temple_Cat": 2 }, "geometry": { "type": "Point", "coordinates": [ 103.750398533093858, 1.379216020728795 ] } },
{ "type": "Feature", "properties": { "OBJECTID_1": 357, "OBJECTID": 129827, "FEA_ID": 211937.0, "BUILDING_N": " ", "HOUSE_BLK_": "2", "ROAD_NAME": "LORONG ONG LYE", "POSTAL_COD": "536358", "ADDRESS_TY": "S", "DATA_TYPE_": "extg", "MULTI_ADDR": "n", "X_ADDR": 33154.171777199997, "Y_ADDR": 36752.169285999997, "BUILDING_I": "100000000114583560305182605003", "Temple_Nam": "Kancanrama Budh Tp", "Address": "2 Lorong Ong Lye", "Postal_C_1": "536358", "Temple_Cat": 5 }, "geometry": { "type": "Point", "coordinates": [ 103.879632030425967, 1.34864764309338 ] } },
{ "type": "Feature", "properties": { "OBJECTID_1": 358, "OBJECTID": 130768, "FEA_ID": 112079.0, "BUILDING_N": "BEE LOW SEE TEMPLE", "HOUSE_BLK_": "71B", "ROAD_NAME": "JALAN JURONG KECHIL", "POSTAL_COD": "598588", "ADDRESS_TY": "S", "DATA_TYPE_": "extg", "MULTI_ADDR": "n", "X_ADDR": 21341.5854746, "Y_ADDR": 35700.856636800003, "BUILDING_I": "100000000010509080508080606701", "Temple_Nam": "Bee Low See Temple (Thin Chof Sun)", "Address": "71b Jalan Jurong Kechil", "Postal_C_1": "598588", "Temple_Cat": 3 }, "geometry": { "type": "Point", "coordinates": [ 103.773488803065419, 1.339139652971744 ] } },
{ "type": "Feature", "properties": { "OBJECTID_1": 359, "OBJECTID": 131152, "FEA_ID": 61377.0, "BUILDING_N": "GEYLANG SOKA CENTRE", "HOUSE_BLK_": "57", "ROAD_NAME": "LORONG 18 GEYLANG", "POSTAL_COD": "398827", "ADDRESS_TY": "S", "DATA_TYPE_": "extg", "MULTI_ADDR": "n", "X_ADDR": 33305.839770400002, "Y_ADDR": 32555.882522200001, "BUILDING_I": "100000000010309080802070000507", "Temple_Nam": "Singapore Soka Centre (Geylang)", "Address": "57 Lorong 18 Geylang", "Postal_C_1": "398827", "Temple_Cat": 3 }, "geometry": { "type": "Point", "coordinates": [ 103.880994133661872, 1.310697898176213 ] } },
{ "type": "Feature", "properties": { "OBJECTID_1": 360, "OBJECTID": 131369, "FEA_ID": 46821.0, "BUILDING_N": "TSE THO AUM TEMPLE", "HOUSE_BLK_": "601", "ROAD_NAME": "SIN MING DRIVE", "POSTAL_COD": "575719", "ADDRESS_TY": "S", "DATA_TYPE_": "prop", "MULTI_ADDR": "n", "X_ADDR": 28484.346433800001, "Y_ADDR": 38262.389879599999, "BUILDING_I": "309000000184537850701191699908", "Temple_Nam": "Tse Tho Aum Temple", "Address": "601 Sin Ming Drive", "Postal_C_1": "575719", "Temple_Cat": 3 }, "geometry": { "type": "Point", "coordinates": [ 103.837670758860369, 1.362305979762236 ] } },
{ "type": "Feature", "properties": { "OBJECTID_1": 361, "OBJECTID": 131753, "FEA_ID": 134051.0, "BUILDING_N": " ", "HOUSE_BLK_": "30", "ROAD_NAME": "JALAN RAMA RAMA", "POSTAL_COD": "329110", "ADDRESS_TY": "S", "DATA_TYPE_": "extg", "MULTI_ADDR": "n", "X_ADDR": 29824.0822458, "Y_ADDR": 34390.338418599997, "BUILDING_I": "100000000020302090101000000300", "Temple_Nam": "Heng Kang Tian Taoist Association", "Address": "30 Jln Rama Rama", "Postal_C_1": "329110", "Temple_Cat": 1 }, "geometry": { "type": "Point", "coordinates": [ 103.849708956731973, 1.327288471285251 ] } },
{ "type": "Feature", "properties": { "OBJECTID_1": 362, "OBJECTID": 131979, "FEA_ID": 125593.0, "BUILDING_N": " ", "HOUSE_BLK_": "42", "ROAD_NAME": "LORONG 27 GEYLANG", "POSTAL_COD": "388175", "ADDRESS_TY": "S", "DATA_TYPE_": "estm", "MULTI_ADDR": "n", "X_ADDR": 33612.837607900001, "Y_ADDR": 33022.699309099997, "BUILDING_I": "500000000000308080107050000000", "Temple_Nam": "Zhong Lian Dian", "Address": "42 Geylang Lor 27", "Postal_C_1": "388175", "Temple_Cat": 1 }, "geometry": { "type": "Point", "coordinates": [ 103.883752742511618, 1.314919568868334 ] } },
{ "type": "Feature", "properties": { "OBJECTID_1": 363, "OBJECTID": 132178, "FEA_ID": 83114.0, "BUILDING_N": "SENG WONG BEO", "HOUSE_BLK_": "113", "ROAD_NAME": "PECK SEAH STREET", "POSTAL_COD": "079332", "ADDRESS_TY": "S", "DATA_TYPE_": "extg", "MULTI_ADDR": "n", "X_ADDR": 29275.867737699999, "Y_ADDR": 28684.968592599998, "BUILDING_I": "100000000010007090303020010103", "Temple_Nam": "Seng Wong Beo Temple", "Address": "113 Peck Seah Street", "Postal_C_1": "079332", "Temple_Cat": 1 }, "geometry": { "type": "Point", "coordinates": [ 103.844782716445181, 1.27569114396072 ] } },
{ "type": "Feature", "properties": { "OBJECTID_1": 364, "OBJECTID": 132610, "FEA_ID": 43970.0, "BUILDING_N": "HDB-ANG MO KIO", "HOUSE_BLK_": "163", "ROAD_NAME": "ANG MO KIO AVENUE 4", "POSTAL_COD": "560163", "ADDRESS_TY": "H", "DATA_TYPE_": "extg", "MULTI_ADDR": "n", "X_ADDR": 28539.786967700002, "Y_ADDR": 39505.894691000001, "BUILDING_I": "100000000000506000106030000000", "Temple_Nam": "Shun Gong Dian", "Address": "BLK 163 Ang Mo Kio Ave 4 #01-450", "Postal_C_1": "560163", "Temple_Cat": 2 }, "geometry": { "type": "Point", "coordinates": [ 103.83816895183196, 1.373551791988585 ] } },
{ "type": "Feature", "properties": { "OBJECTID_1": 365, "OBJECTID": 132785, "FEA_ID": 119972.0, "BUILDING_N": "CHANGI COMPLEX", "HOUSE_BLK_": "379", "ROAD_NAME": "BEDOK ROAD", "POSTAL_COD": "469553", "ADDRESS_TY": "U", "DATA_TYPE_": "extg", "MULTI_ADDR": "y", "X_ADDR": 40589.677410600001, "Y_ADDR": 34893.582421200001, "BUILDING_I": "101000000010406090505030030709", "Temple_Nam": "CI BEI JING SHE BUDDHIST VIHARA", "Address": "No 379A Bedok Rd Changi Complex", "Postal_C_1": "469553", "Temple_Cat": 3 }, "geometry": { "type": "Point", "coordinates": [ 103.946443857880809, 1.331837074272167 ] } },
{ "type": "Feature", "properties": { "OBJECTID_1": 366, "OBJECTID": 132957, "FEA_ID": 81909.0, "BUILDING_N": "SOKA YOUTH CENTRE", "HOUSE_BLK_": "156", "ROAD_NAME": "PASIR PANJANG ROAD", "POSTAL_COD": "118554", "ADDRESS_TY": "S", "DATA_TYPE_": "extg", "MULTI_ADDR": "n", "X_ADDR": 23282.690187799999, "Y_ADDR": 28835.820076799999, "BUILDING_I": "100000000010101080505040010506", "Temple_Nam": "Soka Youth Centre (SSA)", "Address": "156 Pasir Panjang Road", "Postal_C_1": "118554", "Temple_Cat": 3 }, "geometry": { "type": "Point", "coordinates": [ 103.790931810315698, 1.277055065960231 ] } },
{ "type": "Feature", "properties": { "OBJECTID_1": 367, "OBJECTID": 133073, "FEA_ID": 7401.0, "BUILDING_N": "FOO HAI CH'AN MONASTERY", "HOUSE_BLK_": "87", "ROAD_NAME": "GEYLANG EAST AVENUE 2", "POSTAL_COD": "389753", "ADDRESS_TY": "S", "DATA_TYPE_": "extg", "MULTI_ADDR": "n", "X_ADDR": 34163.435810499999, "Y_ADDR": 33367.6957549, "BUILDING_I": "100000000030308090765136606902", "Temple_Nam": "Foo Hai Ch'an Monastery", "Address": "87 Geylang East Avenue 2", "Postal_C_1": "389753", "Temple_Cat": 3 }, "geometry": { "type": "Point", "coordinates": [ 103.888700211164817, 1.318039487664874 ] } },
{ "type": "Feature", "properties": { "OBJECTID_1": 368, "OBJECTID": 133338, "FEA_ID": 139485.0, "BUILDING_N": " ", "HOUSE_BLK_": "25A", "ROAD_NAME": "LORONG 22 GEYLANG", "POSTAL_COD": "398682", "ADDRESS_TY": "U", "DATA_TYPE_": "extg", "MULTI_ADDR": "n", "X_ADDR": 33477.670024400002, "Y_ADDR": 32691.648049799998, "BUILDING_I": "109000000020309083648821090908", "Temple_Nam": "PEOPLE'S BUDDHISM STUDY SOCIETY", "Address": "25 Lorong 22 Geylang", "Postal_C_1": "398682", "Temple_Cat": 3 }, "geometry": { "type": "Point", "coordinates": [ 103.882538135948934, 1.311925683574866 ] } },
{ "type": "Feature", "properties": { "OBJECTID_1": 369, "OBJECTID": 133556, "FEA_ID": 95891.0, "BUILDING_N": " ", "HOUSE_BLK_": "10", "ROAD_NAME": "JALAN SEH CHUAN", "POSTAL_COD": "598416", "ADDRESS_TY": "S", "DATA_TYPE_": "extg", "MULTI_ADDR": "n", "X_ADDR": 21455.602820200002, "Y_ADDR": 35939.943621799997, "BUILDING_I": "109000000037559580401662605000", "Temple_Nam": "Bukit Timah Tua Pek Kong Temple", "Address": "10 Jalan Seh Chuan", "Postal_C_1": "598416", "Temple_Cat": 1 }, "geometry": { "type": "Point", "coordinates": [ 103.774513264101174, 1.341301894537941 ] } },
{ "type": "Feature", "properties": { "OBJECTID_1": 370, "OBJECTID": 133765, "FEA_ID": 97062.0, "BUILDING_N": " ", "HOUSE_BLK_": "916", "ROAD_NAME": "JURONG WEST STREET 91", "POSTAL_COD": "640916", "ADDRESS_TY": "H", "DATA_TYPE_": "extg", "MULTI_ADDR": "n", "X_ADDR": 11807.3734597, "Y_ADDR": 35872.663675199998, "BUILDING_I": "100000000000604000901060000000", "Temple_Nam": "Kong Zhong Fu", "Address": "BLK 916 Jurong West St 91 #06-172", "Postal_C_1": "640916", "Temple_Cat": 2 }, "geometry": { "type": "Point", "coordinates": [ 103.687818332052345, 1.340689798611802 ] } },
{ "type": "Feature", "properties": { "OBJECTID_1": 371, "OBJECTID": 133955, "FEA_ID": 74732.0, "BUILDING_N": "THOMSON PARK", "HOUSE_BLK_": "15", "ROAD_NAME": "JALAN BELIBAS", "POSTAL_COD": "578666", "ADDRESS_TY": "R", "DATA_TYPE_": "extg", "MULTI_ADDR": "n", "X_ADDR": 28070.517202899999, "Y_ADDR": 37532.699498200003, "BUILDING_I": "100000000010507080606060000105", "Temple_Nam": "SINGAPORE BUDDHA YANA ORGANISATION", "Address": "15 Jalan Belibas", "Postal_C_1": "578666", "Temple_Cat": 5 }, "geometry": { "type": "Point", "coordinates": [ 103.83395222177441, 1.35570692391347 ] } },
{ "type": "Feature", "properties": { "OBJECTID_1": 372, "OBJECTID": 134061, "FEA_ID": 125510.0, "BUILDING_N": " ", "HOUSE_BLK_": "16", "ROAD_NAME": "HOUGANG STREET 11", "POSTAL_COD": "538746", "ADDRESS_TY": "S", "DATA_TYPE_": "estm", "MULTI_ADDR": "n", "X_ADDR": 33243.778417699999, "Y_ADDR": 37230.401007300003, "BUILDING_I": "500000000000503080704060000000", "Temple_Nam": "Qing Yun Combined Tp", "Address": "16 -20 Hougang Street 11", "Postal_C_1": "538746", "Temple_Cat": 1 }, "geometry": { "type": "Point", "coordinates": [ 103.880437285277537, 1.352972583866972 ] } },
{ "type": "Feature", "properties": { "OBJECTID_1": 373, "OBJECTID": 134164, "FEA_ID": 28566.0, "BUILDING_N": "TELOK BLANGAH SOKA CENTRE", "HOUSE_BLK_": "91", "ROAD_NAME": "WISHART ROAD", "POSTAL_COD": "098728", "ADDRESS_TY": "S", "DATA_TYPE_": "extg", "MULTI_ADDR": "n", "X_ADDR": 25684.9346855, "Y_ADDR": 28132.412384399999, "BUILDING_I": "100000000010009080722284616803", "Temple_Nam": "Telok Blangah Soka Centre", "Address": "91 Wishart Road", "Postal_C_1": "098728", "Temple_Cat": 3 }, "geometry": { "type": "Point", "coordinates": [ 103.812516912811077, 1.270693960707187 ] } },
{ "type": "Feature", "properties": { "OBJECTID_1": 374, "OBJECTID": 135109, "FEA_ID": 229138.0, "BUILDING_N": "SENGKANG COMBINED TEMPLE", "HOUSE_BLK_": "80", "ROAD_NAME": "RIVERVALE CRESCENT", "POSTAL_COD": "545087", "ADDRESS_TY": "S", "DATA_TYPE_": "extg", "MULTI_ADDR": "n", "X_ADDR": 36214.3676, "Y_ADDR": 41223.885923900001, "BUILDING_I": "100000000058584850018171695909", "Temple_Nam": "Chong Ghee Temple", "Address": "80 Rivervale Crescent, #01-01", "Postal_C_1": "545087", "Temple_Cat": 3 }, "geometry": { "type": "Point", "coordinates": [ 103.907131024575719, 1.389087535044038 ] } },
{ "type": "Feature", "properties": { "OBJECTID_1": 375, "OBJECTID": 135349, "FEA_ID": 47124.0, "BUILDING_N": "GEYLANG CONSERVATION AREA", "HOUSE_BLK_": "2", "ROAD_NAME": "LORONG 24A GEYLANG", "POSTAL_COD": "398526", "ADDRESS_TY": "U", "DATA_TYPE_": "extg", "MULTI_ADDR": "y", "X_ADDR": 33616.925965000002, "Y_ADDR": 32808.361758200001, "BUILDING_I": "101000000010309087552561090907", "Temple_Nam": "Buddhist Library", "Address": "2 Lorong 24A Geylang", "Postal_C_1": "398526", "Temple_Cat": 5 }, "geometry": { "type": "Point", "coordinates": [ 103.883789439793674, 1.312981175278901 ] } },
{ "type": "Feature", "properties": { "OBJECTID_1": 376, "OBJECTID": 135638, "FEA_ID": 74066.0, "BUILDING_N": "CHU SIANG WAH SUA TEMPLE", "HOUSE_BLK_": "569", "ROAD_NAME": "YISHUN RING ROAD", "POSTAL_COD": "768691", "ADDRESS_TY": "S", "DATA_TYPE_": "extg", "MULTI_ADDR": "n", "X_ADDR": 28042.913861199999, "Y_ADDR": 46297.967824599997, "BUILDING_I": "100000000010706080609919698909", "Temple_Nam": "\nHua Shan Gong", "Address": "569 Yishun Ring Road", "Postal_C_1": "768691", "Temple_Cat": 1 }, "geometry": { "type": "Point", "coordinates": [ 103.83370420030883, 1.434976862887584 ] } },
{ "type": "Feature", "properties": { "OBJECTID_1": 377, "OBJECTID": 135745, "FEA_ID": 126677.0, "BUILDING_N": "CHERN NAM KONG SIEW TEMPLE", "HOUSE_BLK_": "15", "ROAD_NAME": "YISHUN AVENUE 9", "POSTAL_COD": "768889", "ADDRESS_TY": "S", "DATA_TYPE_": "estm", "MULTI_ADDR": "n", "X_ADDR": 28923.892221300001, "Y_ADDR": 46188.608691399997, "BUILDING_I": "500000000000706080808090000000", "Temple_Nam": "Chern Nam Kong Siew Temple", "Address": "15 Yishun Avenue 9", "Postal_C_1": "768889", "Temple_Cat": 1 }, "geometry": { "type": "Point", "coordinates": [ 103.841620626128616, 1.433987843688894 ] } },
{ "type": "Feature", "properties": { "OBJECTID_1": 378, "OBJECTID": 136221, "FEA_ID": 8002.0, "BUILDING_N": " ", "HOUSE_BLK_": "34", "ROAD_NAME": "JALAN EUNOS", "POSTAL_COD": "419496", "ADDRESS_TY": "U", "DATA_TYPE_": "extg", "MULTI_ADDR": "y", "X_ADDR": 36027.735454499998, "Y_ADDR": 33614.920832099997, "BUILDING_I": "101000000010401090459367636902", "Temple_Nam": "Guan Yin Jiu Ku Hui ( Guan Yin Ci Shan Yi Liao Yuan)", "Address": "34 Jalan Eunos", "Postal_C_1": "419496", "Temple_Cat": 3 }, "geometry": { "type": "Point", "coordinates": [ 103.905451956292495, 1.320274870766253 ] } },
{ "type": "Feature", "properties": { "OBJECTID_1": 379, "OBJECTID": 136925, "FEA_ID": 99645.0, "BUILDING_N": "BUDDHIST HERITAGE CENTRE", "HOUSE_BLK_": "27", "ROAD_NAME": "JALAN SENYUM", "POSTAL_COD": "418151", "ADDRESS_TY": "S", "DATA_TYPE_": "extg", "MULTI_ADDR": "n", "X_ADDR": 37012.403149199999, "Y_ADDR": 33764.086480400001, "BUILDING_I": "100000000010481183135111090906", "Temple_Nam": "Buddhist Heritage Centre", "Address": "27 Jalan Senyum", "Postal_C_1": "418151", "Temple_Cat": 5 }, "geometry": { "type": "Point", "coordinates": [ 103.914299745757802, 1.321623596554039 ] } },
{ "type": "Feature", "properties": { "OBJECTID_1": 380, "OBJECTID": 137176, "FEA_ID": 148964.0, "BUILDING_N": " ", "HOUSE_BLK_": "2", "ROAD_NAME": "THIRD LOK YANG ROAD", "POSTAL_COD": "627997", "ADDRESS_TY": "I", "DATA_TYPE_": "extg", "MULTI_ADDR": "n", "X_ADDR": 12043.943934200001, "Y_ADDR": 34169.692354, "BUILDING_I": "109000900010602070909070000002", "Temple_Nam": "Nam Fu Xuan Shan Miao", "Address": "2 Third Lok Yang Rd", "Postal_C_1": "627997", "Temple_Cat": 2 }, "geometry": { "type": "Point", "coordinates": [ 103.689944943071012, 1.325288904153979 ] } },
{ "type": "Feature", "properties": { "OBJECTID_1": 381, "OBJECTID": 137668, "FEA_ID": 17566.0, "BUILDING_N": "ZHEN REN GONG TEMPLE", "HOUSE_BLK_": "98T", "ROAD_NAME": "REDHILL CLOSE", "POSTAL_COD": "158900", "ADDRESS_TY": "S", "DATA_TYPE_": "extg", "MULTI_ADDR": "n", "X_ADDR": 26111.001685899999, "Y_ADDR": 29853.012535999998, "BUILDING_I": "100000000010105080900000090807", "Temple_Nam": "Chin Leng Keng Chinese Temple", "Address": "98T Redhill Close", "Postal_C_1": "158900", "Temple_Cat": 1 }, "geometry": { "type": "Point", "coordinates": [ 103.816345170541467, 1.286254492817244 ] } },
{ "type": "Feature", "properties": { "OBJECTID_1": 382, "OBJECTID": 137852, "FEA_ID": 50028.0, "BUILDING_N": "TEE KWEE HOOD SIA TP", "HOUSE_BLK_": "15", "ROAD_NAME": "SENNETT ROAD", "POSTAL_COD": "466793", "ADDRESS_TY": "S", "DATA_TYPE_": "extg", "MULTI_ADDR": "n", "X_ADDR": 39678.911570900003, "Y_ADDR": 33269.087022500004, "BUILDING_I": "100000000030406060709030000105", "Temple_Nam": "Tee Kwee Hood Sia Tp (CHIH KUEI FU SER )", "Address": "15 Sennett Road", "Postal_C_1": "466793", "Temple_Cat": 3 }, "geometry": { "type": "Point", "coordinates": [ 103.938259510245146, 1.317146101954533 ] } },
{ "type": "Feature", "properties": { "OBJECTID_1": 383, "OBJECTID": 138060, "FEA_ID": 42528.0, "BUILDING_N": "KOO CHYE BO SENG HONG TEMPLE SAN QING GONG", "HOUSE_BLK_": "21", "ROAD_NAME": "BEDOK NORTH AVENUE 4", "POSTAL_COD": "489948", "ADDRESS_TY": "S", "DATA_TYPE_": "extg", "MULTI_ADDR": "n", "X_ADDR": 40938.687693699998, "Y_ADDR": 35240.729921799997, "BUILDING_I": "109000000016448490924682605001", "Temple_Nam": "Koo Chye Ba Seng Hong Temple San Qing Gong", "Address": "21 Bedok North Avenue 4", "Postal_C_1": "489948", "Temple_Cat": 1 }, "geometry": { "type": "Point", "coordinates": [ 103.949580053275113, 1.334976400074691 ] } },
{ "type": "Feature", "properties": { "OBJECTID_1": 384, "OBJECTID": 138242, "FEA_ID": 154731.0, "BUILDING_N": " ", "HOUSE_BLK_": "557", "ROAD_NAME": "BUKIT BATOK STREET 23", "POSTAL_COD": "659523", "ADDRESS_TY": "S", "DATA_TYPE_": "extg", "MULTI_ADDR": "n", "X_ADDR": 19531.193351599999, "Y_ADDR": 35784.8156045, "BUILDING_I": "109000000020605090522236666902", "Temple_Nam": "See Thia Foh", "Address": "557 Bukit Batok St 23", "Postal_C_1": "659523", "Temple_Cat": 3 }, "geometry": { "type": "Point", "coordinates": [ 103.757221348751472, 1.339898493513696 ] } },
{ "type": "Feature", "properties": { "OBJECTID_1": 385, "OBJECTID": 138564, "FEA_ID": 35500.0, "BUILDING_N": "BLANGAH GARDEN", "HOUSE_BLK_": "62", "ROAD_NAME": "TELOK BLANGAH HEIGHTS", "POSTAL_COD": "100062", "ADDRESS_TY": "H", "DATA_TYPE_": "extg", "MULTI_ADDR": "n", "X_ADDR": 25528.392699299999, "Y_ADDR": 28634.8509863, "BUILDING_I": "100000000000100000006020000000", "Temple_Nam": "Guan Zhong Shan Cai Tan", "Address": "BLK62 Telok Blangah Height #05-205", "Postal_C_1": "100062", "Temple_Cat": 2 }, "geometry": { "type": "Point", "coordinates": [ 103.811110290139752, 1.275237827323828 ] } },
{ "type": "Feature", "properties": { "OBJECTID_1": 386, "OBJECTID": 138741, "FEA_ID": 13384.0, "BUILDING_N": " ", "HOUSE_BLK_": "40", "ROAD_NAME": "LORONG 27 GEYLANG", "POSTAL_COD": "388174", "ADDRESS_TY": "S", "DATA_TYPE_": "extg", "MULTI_ADDR": "n", "X_ADDR": 33619.893407900003, "Y_ADDR": 33021.062356000002, "BUILDING_I": "100000000010308080107040000400", "Temple_Nam": "MANJUSRI LIBRARY", "Address": "40 Lorong 27 Geylang Road", "Postal_C_1": "388174", "Temple_Cat": 3 }, "geometry": { "type": "Point", "coordinates": [ 103.883816142174751, 1.314904763207028 ] } },
{ "type": "Feature", "properties": { "OBJECTID_1": 387, "OBJECTID": 138746, "FEA_ID": 17717.0, "BUILDING_N": " ", "HOUSE_BLK_": "6", "ROAD_NAME": "HINDHEDE ROAD", "POSTAL_COD": "589242", "ADDRESS_TY": "U", "DATA_TYPE_": "extg", "MULTI_ADDR": "y", "X_ADDR": 21571.533586699999, "Y_ADDR": 36347.243049700002, "BUILDING_I": "101000000010508090204020000006", "Temple_Nam": "Thekchen Cho-Ling", "Address": "6 Hindhede Road", "Postal_C_1": "589242", "Temple_Cat": 5 }, "geometry": { "type": "Point", "coordinates": [ 103.775554884236556, 1.344985389265074 ] } },
{ "type": "Feature", "properties": { "OBJECTID_1": 388, "OBJECTID": 139069, "FEA_ID": 84661.0, "BUILDING_N": " ", "HOUSE_BLK_": "25", "ROAD_NAME": "MERPATI ROAD", "POSTAL_COD": "379302", "ADDRESS_TY": "S", "DATA_TYPE_": "extg", "MULTI_ADDR": "n", "X_ADDR": 33344.200959000002, "Y_ADDR": 34443.724967200003, "BUILDING_I": "100000000010307090300020000205", "Temple_Nam": "Ong Siong Tong Tong San aka \nSam Kar Lau Chor Shi Taoism Religious Society, Singapore", "Address": "25 Merpati Rd", "Postal_C_1": "379302", "Temple_Cat": 1 }, "geometry": { "type": "Point", "coordinates": [ 103.881339155011318, 1.327770865968503 ] } },
{ "type": "Feature", "properties": { "OBJECTID_1": 389, "OBJECTID": 139269, "FEA_ID": 168036.0, "BUILDING_N": "MANGALA VIHARA BUDDHIST TEMPLE", "HOUSE_BLK_": "30", "ROAD_NAME": "JALAN EUNOS", "POSTAL_COD": "419495", "ADDRESS_TY": "S", "DATA_TYPE_": "extg", "MULTI_ADDR": "n", "X_ADDR": 36026.519256699998, "Y_ADDR": 33554.0356932, "BUILDING_I": "100000000010401090459453676901", "Temple_Nam": "Mangala Vihara Budh Tp", "Address": "30 Jalan Eunos", "Postal_C_1": "419495", "Temple_Cat": 5 }, "geometry": { "type": "Point", "coordinates": [ 103.905441012319912, 1.319724248016529 ] } },
{ "type": "Feature", "properties": { "OBJECTID_1": 390, "OBJECTID": 139387, "FEA_ID": 68759.0, "BUILDING_N": "KUAN IM TNG TEMPLE", "HOUSE_BLK_": "62", "ROAD_NAME": "TEMBELING ROAD", "POSTAL_COD": "423586", "ADDRESS_TY": "S", "DATA_TYPE_": "extg", "MULTI_ADDR": "n", "X_ADDR": 35540.034394499999, "Y_ADDR": 32744.486929499999, "BUILDING_I": "100000000010402030508060000602", "Temple_Nam": "Kuan Im Tng Temple (Joo Chiat)", "Address": "62 Tembeling Rd", "Postal_C_1": "423586", "Temple_Cat": 8 }, "geometry": { "type": "Point", "coordinates": [ 103.901069498413165, 1.31240310335196 ] } },
{ "type": "Feature", "properties": { "OBJECTID_1": 391, "OBJECTID": 141081, "FEA_ID": 81472.0, "BUILDING_N": "CHAI CHEE UNITED TEMPLE", "HOUSE_BLK_": "6", "ROAD_NAME": "CHAI CHEE LANE", "POSTAL_COD": "469020", "ADDRESS_TY": "S", "DATA_TYPE_": "extg", "MULTI_ADDR": "n", "X_ADDR": 37549.638218499997, "Y_ADDR": 34523.360274500003, "BUILDING_I": "100000000010406090052409656903", "Temple_Nam": "Fu Shan Ting", "Address": "6 Chai Chee Lane", "Postal_C_1": "469020", "Temple_Cat": 1 }, "geometry": { "type": "Point", "coordinates": [ 103.919127317211405, 1.32849002928348 ] } },
{ "type": "Feature", "properties": { "OBJECTID_1": 392, "OBJECTID": 141371, "FEA_ID": 40118.0, "BUILDING_N": "HONG SAN TEMPLE", "HOUSE_BLK_": "49", "ROAD_NAME": "DEFU LANE 12", "POSTAL_COD": "539142", "ADDRESS_TY": "S", "DATA_TYPE_": "extg", "MULTI_ADDR": "n", "X_ADDR": 35075.652697199999, "Y_ADDR": 35825.360416199997, "BUILDING_I": "100000000112543790104122605001", "Temple_Nam": "Hong San Temple", "Address": "49 Defu Lane 12 ( off Airport Road)", "Postal_C_1": "539142", "Temple_Cat": 1 }, "geometry": { "type": "Point", "coordinates": [ 103.896897513017365, 1.340265525731256 ] } },
{ "type": "Feature", "properties": { "OBJECTID_1": 393, "OBJECTID": 141553, "FEA_ID": 10076.0, "BUILDING_N": "SWEE HONG INDUSTRIAL BUILDING", "HOUSE_BLK_": "320", "ROAD_NAME": "CIRCUIT ROAD", "POSTAL_COD": "379483", "ADDRESS_TY": "S", "DATA_TYPE_": "extg", "MULTI_ADDR": "n", "X_ADDR": 34178.154767699998, "Y_ADDR": 34194.978076300002, "BUILDING_I": "100000000010307090408030030200", "Temple_Nam": "Ming Yuan Ge", "Address": "320 Circuit Road", "Postal_C_1": "379483", "Temple_Cat": 1 }, "geometry": { "type": "Point", "coordinates": [ 103.888832634768875, 1.325521129846471 ] } },
{ "type": "Feature", "properties": { "OBJECTID_1": 394, "OBJECTID": 142527, "FEA_ID": 60937.0, "BUILDING_N": "LIAN CHEE KEK BUDDHIST TEMPLE", "HOUSE_BLK_": "36B", "ROAD_NAME": "PAYA LEBAR CRESCENT", "POSTAL_COD": "536190", "ADDRESS_TY": "S", "DATA_TYPE_": "extg", "MULTI_ADDR": "n", "X_ADDR": 33430.698835399999, "Y_ADDR": 36818.0953457, "BUILDING_I": "100000000010503060109000606306", "Temple_Nam": "Lian Chee Kek Temple", "Address": "36b Paya Lebar Crescent", "Postal_C_1": "536190", "Temple_Cat": 3 }, "geometry": { "type": "Point", "coordinates": [ 103.882116809815358, 1.349243806064754 ] } },
{ "type": "Feature", "properties": { "OBJECTID_1": 395, "OBJECTID": 142556, "FEA_ID": 3757.0, "BUILDING_N": "TECK GHEE HEARTLANDS", "HOUSE_BLK_": "417", "ROAD_NAME": "ANG MO KIO AVENUE 10", "POSTAL_COD": "560417", "ADDRESS_TY": "H", "DATA_TYPE_": "extg", "MULTI_ADDR": "n", "X_ADDR": 30434.8692118, "Y_ADDR": 38555.588967000003, "BUILDING_I": "100000000000506000401070000000", "Temple_Nam": "Xi Lian Gong", "Address": "Blk 417 Ang Mo Kio Ave 10, #02-1021", "Postal_C_1": "560417", "Temple_Cat": 2 }, "geometry": { "type": "Point", "coordinates": [ 103.855197547115949, 1.364957471803054 ] } },
{ "type": "Feature", "properties": { "OBJECTID_1": 396, "OBJECTID": 142721, "FEA_ID": 142750.0, "BUILDING_N": "SHENG HONG TEMPLE", "HOUSE_BLK_": "300", "ROAD_NAME": "PANDAN GARDENS", "POSTAL_COD": "609341", "ADDRESS_TY": "S", "DATA_TYPE_": "extg", "MULTI_ADDR": "n", "X_ADDR": 18776.854025799999, "Y_ADDR": 33718.137108299998, "BUILDING_I": "109000000030600090324518626902", "Temple_Nam": "Sheng Hong Temple (Yang Tao Yuan)", "Address": "300 Pandan Gardens", "Postal_C_1": "609341", "Temple_Cat": 1 }, "geometry": { "type": "Point", "coordinates": [ 103.750443792703791, 1.321207983242782 ] } },
{ "type": "Feature", "properties": { "OBJECTID_1": 397, "OBJECTID": 142727, "FEA_ID": 55295.0, "BUILDING_N": "YUAN MING SI TEMPLE", "HOUSE_BLK_": "631", "ROAD_NAME": "UPPER EAST COAST ROAD", "POSTAL_COD": "466596", "ADDRESS_TY": "S", "DATA_TYPE_": "extg", "MULTI_ADDR": "n", "X_ADDR": 40866.364314, "Y_ADDR": 33350.258702400002, "BUILDING_I": "100000000020406060509060060301", "Temple_Nam": "Yuan Ming Si", "Address": "631 Upper East Coast Road", "Postal_C_1": "466596", "Temple_Cat": 3 }, "geometry": { "type": "Point", "coordinates": [ 103.94892939398018, 1.317879713120215 ] } },
{ "type": "Feature", "properties": { "OBJECTID_1": 398, "OBJECTID": 143290, "FEA_ID": 101793.0, "BUILDING_N": "INDUS GARDEN", "HOUSE_BLK_": "78", "ROAD_NAME": "INDUS ROAD", "POSTAL_COD": "161078", "ADDRESS_TY": "H", "DATA_TYPE_": "extg", "MULTI_ADDR": "n", "X_ADDR": 27350.077746499999, "Y_ADDR": 30411.5822358, "BUILDING_I": "100000000000106010007080000000", "Temple_Nam": "Xi Jian Tan", "Address": "BLK 78 Indus Road #08-495", "Postal_C_1": "161078", "Temple_Cat": 2 }, "geometry": { "type": "Point", "coordinates": [ 103.827478755362179, 1.291306050826602 ] } },
{ "type": "Feature", "properties": { "OBJECTID_1": 399, "OBJECTID": 144235, "FEA_ID": 173608.0, "BUILDING_N": "LORONG KOO CHYE SHENG HONG TEMPLE", "HOUSE_BLK_": "15", "ROAD_NAME": "ARUMUGAM ROAD", "POSTAL_COD": "409960", "ADDRESS_TY": "S", "DATA_TYPE_": "extg", "MULTI_ADDR": "n", "X_ADDR": 34518.920657499999, "Y_ADDR": 34274.0955589, "BUILDING_I": "100000000122440790906201695909", "Temple_Nam": "Feng Xuan Gong", "Address": "15 Arumugam Rd", "Postal_C_1": "409960", "Temple_Cat": 1 }, "geometry": { "type": "Point", "coordinates": [ 103.891894615997401, 1.326236569222157 ] } },
{ "type": "Feature", "properties": { "OBJECTID_1": 400, "OBJECTID": 144821, "FEA_ID": 1201.0, "BUILDING_N": "KUAN YIN TEMPLE", "HOUSE_BLK_": "560", "ROAD_NAME": "MACPHERSON ROAD", "POSTAL_COD": "368233", "ADDRESS_TY": "U", "DATA_TYPE_": "extg", "MULTI_ADDR": "y", "X_ADDR": 33773.220056400001, "Y_ADDR": 34964.360166300001, "BUILDING_I": "101000000010306080203030050600", "Temple_Nam": "Kuan Yin Temple", "Address": "560 Macpherson Road", "Postal_C_1": "368233", "Temple_Cat": 1 }, "geometry": { "type": "Point", "coordinates": [ 103.885194223880617, 1.332479226038164 ] } },
{ "type": "Feature", "properties": { "OBJECTID_1": 401, "OBJECTID": 144968, "FEA_ID": 16856.0, "BUILDING_N": "SOON THIAN KEING TEMPLE", "HOUSE_BLK_": "19", "ROAD_NAME": "LORONG 29 GEYLANG", "POSTAL_COD": "388070", "ADDRESS_TY": "S", "DATA_TYPE_": "extg", "MULTI_ADDR": "n", "X_ADDR": 33805.899914100002, "Y_ADDR": 33012.814511999997, "BUILDING_I": "100000000020308080067309656900", "Temple_Nam": "Soon Thian Keing Temple", "Address": "19 Lorong 29 Geylang", "Postal_C_1": "388070", "Temple_Cat": 1 }, "geometry": { "type": "Point", "coordinates": [ 103.885487502192348, 1.314830138399854 ] } },
{ "type": "Feature", "properties": { "OBJECTID_1": 402, "OBJECTID": 144970, "FEA_ID": 16966.0, "BUILDING_N": " ", "HOUSE_BLK_": "10", "ROAD_NAME": "KIM KEAT ROAD", "POSTAL_COD": "328844", "ADDRESS_TY": "U", "DATA_TYPE_": "extg", "MULTI_ADDR": "y", "X_ADDR": 30168.215902799999, "Y_ADDR": 34016.137303299998, "BUILDING_I": "101000000010302080864141606905", "Temple_Nam": "SOCIETY OF BUDDHIST VOLUNTEERS", "Address": "26B Kim Keat Road", "Postal_C_1": "328844", "Temple_Cat": 3 }, "geometry": { "type": "Point", "coordinates": [ 103.852801159288745, 1.323904306114707 ] } },
{ "type": "Feature", "properties": { "OBJECTID_1": 403, "OBJECTID": 145063, "FEA_ID": 66878.0, "BUILDING_N": " ", "HOUSE_BLK_": "34", "ROAD_NAME": "BOON TECK ROAD", "POSTAL_COD": "329604", "ADDRESS_TY": "S", "DATA_TYPE_": "extg", "MULTI_ADDR": "n", "X_ADDR": 29892.705818499999, "Y_ADDR": 34357.9038526, "BUILDING_I": "100000000010302090660541676905", "Temple_Nam": " JUE YING BUDDHIST ASSOCIATION", "Address": "34 Boon Teck Road", "Postal_C_1": "329604", "Temple_Cat": 3 }, "geometry": { "type": "Point", "coordinates": [ 103.850325574898392, 1.32699514043135 ] } },
{ "type": "Feature", "properties": { "OBJECTID_1": 404, "OBJECTID": 145314, "FEA_ID": 58353.0, "BUILDING_N": "MANDAI LIAN HUP TNG", "HOUSE_BLK_": "19", "ROAD_NAME": "WOODLANDS INDUSTRIAL PARK E4", "POSTAL_COD": "757721", "ADDRESS_TY": "S", "DATA_TYPE_": "extg", "MULTI_ADDR": "y", "X_ADDR": 23805.425561200002, "Y_ADDR": 48059.130161599998, "BUILDING_I": "101000000010705070772011626905", "Temple_Nam": "Wan Li Lian He Dian", "Address": "19 Woodlands Industrial Park E7", "Postal_C_1": "757721", "Temple_Cat": 1 }, "geometry": { "type": "Point", "coordinates": [ 103.795626073757361, 1.450903860226937 ] } },
{ "type": "Feature", "properties": { "OBJECTID_1": 405, "OBJECTID": 145448, "FEA_ID": 134211.0, "BUILDING_N": "TAI PEI BUDDHIST CENTRE", "HOUSE_BLK_": "2", "ROAD_NAME": "LAVENDER STREET", "POSTAL_COD": "338823", "ADDRESS_TY": "K", "DATA_TYPE_": "extg", "MULTI_ADDR": "n", "X_ADDR": 31429.825236199998, "Y_ADDR": 32388.666380300001, "BUILDING_I": "109000900010303184892531090908", "Temple_Nam": "TAI PEI BUDDHIST CENTRE", "Address": "2 Lavender Street", "Postal_C_1": "338823", "Temple_Cat": 3 }, "geometry": { "type": "Point", "coordinates": [ 103.864137212984019, 1.309185920440478 ] } },
{ "type": "Feature", "properties": { "OBJECTID_1": 406, "OBJECTID": 145551, "FEA_ID": 74636.0, "BUILDING_N": "LONG SHAN TANG TEMPLE", "HOUSE_BLK_": "9", "ROAD_NAME": "TESSENSOHN ROAD", "POSTAL_COD": "217647", "ADDRESS_TY": "U", "DATA_TYPE_": "extg", "MULTI_ADDR": "y", "X_ADDR": 30699.188496, "Y_ADDR": 33176.358996199997, "BUILDING_I": "101000000010201070604070000009", "Temple_Nam": "Long Shan Tang Temple", "Address": "9 / 11 Tessensohn Road", "Postal_C_1": "217647", "Temple_Cat": 1 }, "geometry": { "type": "Point", "coordinates": [ 103.857572158572992, 1.316309606296411 ] } },
{ "type": "Feature", "properties": { "OBJECTID_1": 407, "OBJECTID": 145635, "FEA_ID": 151137.0, "BUILDING_N": "TIAN DE TEMPLE", "HOUSE_BLK_": "109", "ROAD_NAME": "HOUGANG AVENUE 5", "POSTAL_COD": "538817", "ADDRESS_TY": "S", "DATA_TYPE_": "extg", "MULTI_ADDR": "n", "X_ADDR": 34944.331932300003, "Y_ADDR": 38626.366560800001, "BUILDING_I": "109000000217543684801171699909", "Temple_Nam": "Tian De Temple", "Address": "109 / a / b / c Hougang Avenue 5", "Postal_C_1": "538817", "Temple_Cat": 1 }, "geometry": { "type": "Point", "coordinates": [ 103.895718165577264, 1.36559684397885 ] } },
{ "type": "Feature", "properties": { "OBJECTID_1": 408, "OBJECTID": 146243, "FEA_ID": 4123.0, "BUILDING_N": " ", "HOUSE_BLK_": "17C", "ROAD_NAME": "LORONG 15 GEYLANG", "POSTAL_COD": "388608", "ADDRESS_TY": "U", "DATA_TYPE_": "extg", "MULTI_ADDR": "y", "X_ADDR": 32969.632844400003, "Y_ADDR": 32844.209705300003, "BUILDING_I": "101000000010308080600080607107", "Temple_Nam": "PALYUL NYINGMA BUDDHIST ASSOCIATION", "Address": "17 H Geylang Lorong 15 T", "Postal_C_1": "388608", "Temple_Cat": 6 }, "geometry": { "type": "Point", "coordinates": [ 103.877973197652949, 1.313305483155146 ] } },
{ "type": "Feature", "properties": { "OBJECTID_1": 409, "OBJECTID": 146555, "FEA_ID": 49144.0, "BUILDING_N": "RIVER VALLEY CONSERVATION AREA", "HOUSE_BLK_": "305", "ROAD_NAME": "RIVER VALLEY ROAD", "POSTAL_COD": "238346", "ADDRESS_TY": "S", "DATA_TYPE_": "extg", "MULTI_ADDR": "n", "X_ADDR": 28633.940616100001, "Y_ADDR": 30875.0426362, "BUILDING_I": "100000000010203080304060030005", "Temple_Nam": "Luo Jia Shan Zhuang Fo Xue Hui", "Address": "305, River Valley Road", "Postal_C_1": "238346", "Temple_Cat": 3 }, "geometry": { "type": "Point", "coordinates": [ 103.839014810950331, 1.295497424301432 ] } },
{ "type": "Feature", "properties": { "OBJECTID_1": 410, "OBJECTID": 146790, "FEA_ID": 32784.0, "BUILDING_N": " ", "HOUSE_BLK_": "193", "ROAD_NAME": "LORONG 23 GEYLANG", "POSTAL_COD": "388407", "ADDRESS_TY": "I", "DATA_TYPE_": "extg", "MULTI_ADDR": "n", "X_ADDR": 33264.659421900004, "Y_ADDR": 33335.318970499997, "BUILDING_I": "100000000010308080400070010903", "Temple_Nam": "Eit San Tong Temple", "Address": "193 Lorong 23 Geylang", "Postal_C_1": "388407", "Temple_Cat": 2 }, "geometry": { "type": "Point", "coordinates": [ 103.880624240808487, 1.31774685120795 ] } },
{ "type": "Feature", "properties": { "OBJECTID_1": 411, "OBJECTID": 146864, "FEA_ID": 69987.0, "BUILDING_N": " ", "HOUSE_BLK_": "43", "ROAD_NAME": "SYED ALWI ROAD", "POSTAL_COD": "207634", "ADDRESS_TY": "U", "DATA_TYPE_": "extg", "MULTI_ADDR": "y", "X_ADDR": 30773.068437000002, "Y_ADDR": 32153.384565100001, "BUILDING_I": "101000000010200070603040000403", "Temple_Nam": "Chun Yang Dao Guan", "Address": "43A Syed Alwi Road", "Postal_C_1": "207634", "Temple_Cat": 1 }, "geometry": { "type": "Point", "coordinates": [ 103.858235915826469, 1.307058181033809 ] } },
{ "type": "Feature", "properties": { "OBJECTID_1": 412, "OBJECTID": 146986, "FEA_ID": 862.0, "BUILDING_N": "TIONG BAHRU QUI TIAN GONG TEMPLE", "HOUSE_BLK_": "44", "ROAD_NAME": "ENG HOON STREET", "POSTAL_COD": "169786", "ADDRESS_TY": "U", "DATA_TYPE_": "extg", "MULTI_ADDR": "y", "X_ADDR": 28113.242368800002, "Y_ADDR": 29584.2363214, "BUILDING_I": "101000000010106090708060000404", "Temple_Nam": "Qui Tian Gong Temple Tiong Bahru", "Address": "44 Eng Hoon St", "Postal_C_1": "169786", "Temple_Cat": 1 }, "geometry": { "type": "Point", "coordinates": [ 103.834336106588836, 1.283823831951214 ] } },
{ "type": "Feature", "properties": { "OBJECTID_1": 413, "OBJECTID": 147386, "FEA_ID": 88498.0, "BUILDING_N": " ", "HOUSE_BLK_": "364D", "ROAD_NAME": "MACPHERSON ROAD", "POSTAL_COD": "368112", "ADDRESS_TY": "S", "DATA_TYPE_": "extg", "MULTI_ADDR": "n", "X_ADDR": 33150.033356799999, "Y_ADDR": 34827.678729500003, "BUILDING_I": "100000000010306080151023656709", "Temple_Nam": "Singapore Chee Chung Huay\nformerly Chee Chung Huay aka\nHuang Lao Xian Si Temple", "Address": "364D Macpherson Road \n(378 Macpherson Road , 368113)", "Postal_C_1": "368112", "Temple_Cat": 1 }, "geometry": { "type": "Point", "coordinates": [ 103.879594517538862, 1.331243239856011 ] } },
{ "type": "Feature", "properties": { "OBJECTID_1": 414, "OBJECTID": 147771, "FEA_ID": 31177.0, "BUILDING_N": "TAI YEONG KONG TEMPLE", "HOUSE_BLK_": "85A", "ROAD_NAME": "SILAT ROAD", "POSTAL_COD": "168851", "ADDRESS_TY": "S", "DATA_TYPE_": "extg", "MULTI_ADDR": "n", "X_ADDR": 27503.175447900001, "Y_ADDR": 28891.803497299999, "BUILDING_I": "100000000010106080805010605805", "Temple_Nam": "Tai Yeong Kon Temple", "Address": "85A Silat Road", "Postal_C_1": "168851", "Temple_Cat": 1 }, "geometry": { "type": "Point", "coordinates": [ 103.828854426022843, 1.277561708445289 ] } },
{ "type": "Feature", "properties": { "OBJECTID_1": 415, "OBJECTID": 147775, "FEA_ID": 34227.0, "BUILDING_N": "BEDOK INDUSTRIAL PARK", "HOUSE_BLK_": "3011", "ROAD_NAME": "BEDOK INDUSTRIAL PARK E", "POSTAL_COD": "489977", "ADDRESS_TY": "I", "DATA_TYPE_": "extg", "MULTI_ADDR": "n", "X_ADDR": 40926.593212799999, "Y_ADDR": 35399.357402299996, "BUILDING_I": "100000000000408090907070000000", "Temple_Nam": "Shun Zhong Tan", "Address": "3011 Bedok Industrial Park E #01-2012", "Postal_C_1": "489977", "Temple_Cat": 1 }, "geometry": { "type": "Point", "coordinates": [ 103.94947144512868, 1.336410972743743 ] } },
{ "type": "Feature", "properties": { "OBJECTID_1": 416, "OBJECTID": 147794, "FEA_ID": 42823.0, "BUILDING_N": "KHENG CHIU BUILDING", "HOUSE_BLK_": "47", "ROAD_NAME": "BEACH ROAD", "POSTAL_COD": "189683", "ADDRESS_TY": "K", "DATA_TYPE_": "extg", "MULTI_ADDR": "y", "X_ADDR": 30515.898692700001, "Y_ADDR": 30974.176215399999, "BUILDING_I": "101000000010108090608030000407", "Temple_Nam": "Qiong Zhou Tian Hou Gong", "Address": "47, Beach Road", "Postal_C_1": "189683", "Temple_Cat": 1 }, "geometry": { "type": "Point", "coordinates": [ 103.855925028911656, 1.296393858417004 ] } },
{ "type": "Feature", "properties": { "OBJECTID_1": 417, "OBJECTID": 147823, "FEA_ID": 58626.0, "BUILDING_N": "SIM POH SENG TEMPLE", "HOUSE_BLK_": "110", "ROAD_NAME": "KOON SENG ROAD", "POSTAL_COD": "427045", "ADDRESS_TY": "S", "DATA_TYPE_": "extg", "MULTI_ADDR": "n", "X_ADDR": 36051.8521062, "Y_ADDR": 32734.043506499998, "BUILDING_I": "100000000010402070004050010100", "Temple_Nam": "Sim Poh Seng Temple", "Address": "110 Koon Seng Road", "Postal_C_1": "427045", "Temple_Cat": 3 }, "geometry": { "type": "Point", "coordinates": [ 103.905668427465542, 1.312308527488372 ] } },
{ "type": "Feature", "properties": { "OBJECTID_1": 418, "OBJECTID": 147862, "FEA_ID": 72915.0, "BUILDING_N": "HDB-BISHAN", "HOUSE_BLK_": "131", "ROAD_NAME": "BISHAN STREET 12", "POSTAL_COD": "570131", "ADDRESS_TY": "H", "DATA_TYPE_": "extg", "MULTI_ADDR": "n", "X_ADDR": 29961.387202999998, "Y_ADDR": 36411.9164991, "BUILDING_I": "100000000000507000103010000000", "Temple_Nam": "Fu Yin Tang", "Address": "BLK 131 Bishan St 21 #02-211", "Postal_C_1": "570131", "Temple_Cat": 2 }, "geometry": { "type": "Point", "coordinates": [ 103.850942847144239, 1.345570896858624 ] } },
{ "type": "Feature", "properties": { "OBJECTID_1": 419, "OBJECTID": 148393, "FEA_ID": 109395.0, "BUILDING_N": "CHAN CHOR MIN TONG TEMPLE", "HOUSE_BLK_": "2", "ROAD_NAME": "JALAN KEMAMAN", "POSTAL_COD": "329318", "ADDRESS_TY": "S", "DATA_TYPE_": "extg", "MULTI_ADDR": "n", "X_ADDR": 29845.725185899999, "Y_ADDR": 34286.330846500001, "BUILDING_I": "100000000010302090301080000002", "Temple_Nam": "Chan Chor Min Tong Temple", "Address": "2 Jalan Kemaman", "Postal_C_1": "329318", "Temple_Cat": 1 }, "geometry": { "type": "Point", "coordinates": [ 103.84990342416954, 1.326347861951763 ] } },
{ "type": "Feature", "properties": { "OBJECTID_1": 420, "OBJECTID": 148411, "FEA_ID": 121181.0, "BUILDING_N": "CHENG BENG BUDDHIST SOCIETY", "HOUSE_BLK_": "20", "ROAD_NAME": "LORONG 27A GEYLANG", "POSTAL_COD": "388112", "ADDRESS_TY": "S", "DATA_TYPE_": "extg", "MULTI_ADDR": "n", "X_ADDR": 33741.650973099997, "Y_ADDR": 33019.0870068, "BUILDING_I": "100000000030308080151226666809", "Temple_Nam": "Cheng Beng Buddhist Societ", "Address": "20 Lorong 27A Geylang", "Postal_C_1": "388112", "Temple_Cat": 2 }, "geometry": { "type": "Point", "coordinates": [ 103.884910194380282, 1.314886876251099 ] } },
{ "type": "Feature", "properties": { "OBJECTID_1": 421, "OBJECTID": 148535, "FEA_ID": 46139.0, "BUILDING_N": "QING DE GONG TEMPLE", "HOUSE_BLK_": "52", "ROAD_NAME": "TRURO ROAD", "POSTAL_COD": "217589", "ADDRESS_TY": "S", "DATA_TYPE_": "extg", "MULTI_ADDR": "n", "X_ADDR": 29808.714948299999, "Y_ADDR": 32946.9067947, "BUILDING_I": "100000000010201070508090000502", "Temple_Nam": "Qing De Gong Temple", "Address": "52 Truro Road", "Postal_C_1": "217589", "Temple_Cat": 1 }, "geometry": { "type": "Point", "coordinates": [ 103.849570788444936, 1.314234587402155 ] } },
{ "type": "Feature", "properties": { "OBJECTID_1": 422, "OBJECTID": 148594, "FEA_ID": 78631.0, "BUILDING_N": "KEW SIAN KING TEMPLE", "HOUSE_BLK_": "7", "ROAD_NAME": "TAMPINES AVENUE", "POSTAL_COD": "529786", "ADDRESS_TY": "S", "DATA_TYPE_": "extg", "MULTI_ADDR": "n", "X_ADDR": 38522.388620999998, "Y_ADDR": 38767.1868416, "BUILDING_I": "109000000000502090708760864908", "Temple_Nam": "Kiew Sian King Temple", "Address": "7 Tampines Avenue", "Postal_C_1": "529786", "Temple_Cat": 1 }, "geometry": { "type": "Point", "coordinates": [ 103.927869485366998, 1.366869314634364 ] } },
{ "type": "Feature", "properties": { "OBJECTID_1": 423, "OBJECTID": 148622, "FEA_ID": 89492.0, "BUILDING_N": "TIAN TECK KENG TEMPLE", "HOUSE_BLK_": "606", "ROAD_NAME": "LORONG 3 GEYLANG", "POSTAL_COD": "389004", "ADDRESS_TY": "S", "DATA_TYPE_": "extg", "MULTI_ADDR": "n", "X_ADDR": 32431.624337199999, "Y_ADDR": 33339.704468399999, "BUILDING_I": "100000000010308090000040060006", "Temple_Nam": "Tian Teck Keng Temple", "Address": "606 Lorong 3 Geylang", "Postal_C_1": "389004", "Temple_Cat": 1 }, "geometry": { "type": "Point", "coordinates": [ 103.873138995893711, 1.31778664353987 ] } },
{ "type": "Feature", "properties": { "OBJECTID_1": 424, "OBJECTID": 148690, "FEA_ID": 130832.0, "BUILDING_N": "GUILIN COMBINED TEMPLE", "HOUSE_BLK_": "397", "ROAD_NAME": "BUKIT BATOK WEST AVENUE 8", "POSTAL_COD": "658964", "ADDRESS_TY": "S", "DATA_TYPE_": "extg", "MULTI_ADDR": "n", "X_ADDR": 17642.496441499999, "Y_ADDR": 36603.725498899999, "BUILDING_I": "109000000040605080926045686903", "Temple_Nam": "Ji Sheng Gong", "Address": "397 Bt Batok West Ave 8", "Postal_C_1": "658964", "Temple_Cat": 1 }, "geometry": { "type": "Point", "coordinates": [ 103.740250024852443, 1.347303824138811 ] } },
{ "type": "Feature", "properties": { "OBJECTID_1": 425, "OBJECTID": 150087, "FEA_ID": 33308.0, "BUILDING_N": "HDB-TAMPINES", "HOUSE_BLK_": "446", "ROAD_NAME": "TAMPINES STREET 42", "POSTAL_COD": "520446", "ADDRESS_TY": "H", "DATA_TYPE_": "extg", "MULTI_ADDR": "n", "X_ADDR": 41096.4252652, "Y_ADDR": 37780.776740200003, "BUILDING_I": "100000000000502000404060000000", "Temple_Nam": "Hai Tong Tan", "Address": "BLK 446 Tampines St 42 #10-36", "Postal_C_1": "520446", "Temple_Cat": 2 }, "geometry": { "type": "Point", "coordinates": [ 103.95099851423133, 1.357947564517523 ] } },
{ "type": "Feature", "properties": { "OBJECTID_1": 426, "OBJECTID": 150597, "FEA_ID": 144698.0, "BUILDING_N": "PALELAI BUDDHIST TEMPLE", "HOUSE_BLK_": "49", "ROAD_NAME": "BEDOK WALK", "POSTAL_COD": "469145", "ADDRESS_TY": "S", "DATA_TYPE_": "extg", "MULTI_ADDR": "n", "X_ADDR": 40587.853280199997, "Y_ADDR": 34815.6099159, "BUILDING_I": "109000000030406090164255626900", "Temple_Nam": "Palelai Buddhist Temple", "Address": "49 Bedok Walk", "Postal_C_1": "469145", "Temple_Cat": 5 }, "geometry": { "type": "Point", "coordinates": [ 103.946427434958949, 1.331131920924994 ] } },
{ "type": "Feature", "properties": { "OBJECTID_1": 427, "OBJECTID": 150883, "FEA_ID": 151777.0, "BUILDING_N": "HIANG FOO SIANG TEMPLE", "HOUSE_BLK_": "485", "ROAD_NAME": "SERANGOON NORTH AVENUE 1", "POSTAL_COD": "555890", "ADDRESS_TY": "S", "DATA_TYPE_": "extg", "MULTI_ADDR": "n", "X_ADDR": 32413.469842800001, "Y_ADDR": 38994.985109599998, "BUILDING_I": "109000000010505050849507646904", "Temple_Nam": "Long Shan Miao", "Address": "485 Serangoon North Avenue 1", "Postal_C_1": "555890", "Temple_Cat": 1 }, "geometry": { "type": "Point", "coordinates": [ 103.872976692744544, 1.36893098352924 ] } },
{ "type": "Feature", "properties": { "OBJECTID_1": 428, "OBJECTID": 150949, "FEA_ID": 32415.0, "BUILDING_N": " ", "HOUSE_BLK_": "4", "ROAD_NAME": "LORONG 40 GEYLANG", "POSTAL_COD": "398050", "ADDRESS_TY": "S", "DATA_TYPE_": "extg", "MULTI_ADDR": "n", "X_ADDR": 34257.567514599999, "Y_ADDR": 32925.268515800002, "BUILDING_I": "100000000010309080005000000004", "Temple_Nam": "Jin Dong Fu", "Address": "4, Lorong 40, Geylang Road", "Postal_C_1": "398050", "Temple_Cat": 2 }, "geometry": { "type": "Point", "coordinates": [ 103.889545943032331, 1.314038315171558 ] } },
{ "type": "Feature", "properties": { "OBJECTID_1": 429, "OBJECTID": 151187, "FEA_ID": 34359.0, "BUILDING_N": "MAN FATT LAM BUDDHIST TEMPLE", "HOUSE_BLK_": "211", "ROAD_NAME": "BEDOK ROAD", "POSTAL_COD": "469416", "ADDRESS_TY": "S", "DATA_TYPE_": "extg", "MULTI_ADDR": "n", "X_ADDR": 41005.236759300002, "Y_ADDR": 34333.934333600002, "BUILDING_I": "100000000030406090401060020101", "Temple_Nam": "Man Fatt Lam Budh Tp", "Address": "211 Bedok Road", "Postal_C_1": "469416", "Temple_Cat": 3 }, "geometry": { "type": "Point", "coordinates": [ 103.950177647657156, 1.326775650655505 ] } },
{ "type": "Feature", "properties": { "OBJECTID_1": 430, "OBJECTID": 151283, "FEA_ID": 92650.0, "BUILDING_N": " ", "HOUSE_BLK_": "682", "ROAD_NAME": "LORONG 3 GEYLANG", "POSTAL_COD": "389042", "ADDRESS_TY": "S", "DATA_TYPE_": "extg", "MULTI_ADDR": "n", "X_ADDR": 32448.07765, "Y_ADDR": 33389.5373741, "BUILDING_I": "100000000010308090004020060802", "Temple_Nam": "Shan Fa Dian", "Address": "BLK 13 NO 682 Geylang Lorong 3", "Postal_C_1": "389042", "Temple_Cat": 2 }, "geometry": { "type": "Point", "coordinates": [ 103.873286844496008, 1.318237312154806 ] } },
{ "type": "Feature", "properties": { "OBJECTID_1": 431, "OBJECTID": 151745, "FEA_ID": 95994.0, "BUILDING_N": " ", "HOUSE_BLK_": "35D", "ROAD_NAME": "LORONG 34 GEYLANG", "POSTAL_COD": "398232", "ADDRESS_TY": "U", "DATA_TYPE_": "extg", "MULTI_ADDR": "y", "X_ADDR": 34095.581861799998, "Y_ADDR": 32779.2562769, "BUILDING_I": "101000000010309080203020608305", "Temple_Nam": "Hang Shan Gong", "Address": "35 Geylang Lor 24", "Postal_C_1": "398232", "Temple_Cat": 2 }, "geometry": { "type": "Point", "coordinates": [ 103.888090392789906, 1.312717864710797 ] } },
{ "type": "Feature", "properties": { "OBJECTID_1": 432, "OBJECTID": 152063, "FEA_ID": 90586.0, "BUILDING_N": "FANG HUO YUAN TEMPLE", "HOUSE_BLK_": "148A", "ROAD_NAME": "PAYA LEBAR ROAD", "POSTAL_COD": "409018", "ADDRESS_TY": "U", "DATA_TYPE_": "extg", "MULTI_ADDR": "y", "X_ADDR": 34411.212491500002, "Y_ADDR": 34521.660394300001, "BUILDING_I": "101000000020400090051583696900", "Temple_Nam": "Fung Huo Yuan Temple aka\nDa Sheng Kong Chinese Temple", "Address": "148 / 150 Paya Lebar Road, Singapore 409018-9", "Postal_C_1": "409018", "Temple_Cat": 1 }, "geometry": { "type": "Point", "coordinates": [ 103.890926851903259, 1.328475479940153 ] } },
{ "type": "Feature", "properties": { "OBJECTID_1": 433, "OBJECTID": 152147, "FEA_ID": 1289.0, "BUILDING_N": "QING DE TANG TEMPLE", "HOUSE_BLK_": "13", "ROAD_NAME": "LORONG AMPAS", "POSTAL_COD": "328777", "ADDRESS_TY": "S", "DATA_TYPE_": "extg", "MULTI_ADDR": "n", "X_ADDR": 30199.382845600001, "Y_ADDR": 34205.375643300002, "BUILDING_I": "500000000000302080707070000000", "Temple_Nam": "Qing De Tang Temple", "Address": "13 Lorong Ampas", "Postal_C_1": "328777", "Temple_Cat": 1 }, "geometry": { "type": "Point", "coordinates": [ 103.853081224788767, 1.325615708349348 ] } },
{ "type": "Feature", "properties": { "OBJECTID_1": 434, "OBJECTID": 152283, "FEA_ID": 48416.0, "BUILDING_N": "SHENG LENG TEMPLE", "HOUSE_BLK_": "60", "ROAD_NAME": "JURONG WEST STREET 41", "POSTAL_COD": "649407", "ADDRESS_TY": "S", "DATA_TYPE_": "extg", "MULTI_ADDR": "n", "X_ADDR": 15375.610578899999, "Y_ADDR": 36837.701946699999, "BUILDING_I": "109000000020604090410671616902", "Temple_Nam": "Sheng Leng Temple", "Address": "60 Jurong West Street 41", "Postal_C_1": "649407", "Temple_Cat": 1 }, "geometry": { "type": "Point", "coordinates": [ 103.719880584205598, 1.349418950980568 ] } },
{ "type": "Feature", "properties": { "OBJECTID_1": 435, "OBJECTID": 152327, "FEA_ID": 81676.0, "BUILDING_N": "NAN HAI TEMPLE", "HOUSE_BLK_": "11", "ROAD_NAME": "AVA ROAD", "POSTAL_COD": "329950", "ADDRESS_TY": "S", "DATA_TYPE_": "extg", "MULTI_ADDR": "n", "X_ADDR": 30098.037191300002, "Y_ADDR": 33822.180638799997, "BUILDING_I": "100000000010302090905000000101", "Temple_Nam": "Nan Hai Temple", "Address": "11 Ava Road", "Postal_C_1": "329950", "Temple_Cat": 3 }, "geometry": { "type": "Point", "coordinates": [ 103.852170553007397, 1.322150235559984 ] } },
{ "type": "Feature", "properties": { "OBJECTID_1": 436, "OBJECTID": 152481, "FEA_ID": 76653.0, "BUILDING_N": "WU TAI SHAN BUDDHIST TEMPLE", "HOUSE_BLK_": "151", "ROAD_NAME": "WEST COAST ROAD", "POSTAL_COD": "127369", "ADDRESS_TY": "S", "DATA_TYPE_": "extg", "MULTI_ADDR": "n", "X_ADDR": 20361.280243900001, "Y_ADDR": 31730.8485067, "BUILDING_I": "100000000010102070316296676903", "Temple_Nam": "Wu Tai Shan Buddhist Temple", "Address": "151 West Coast Road", "Postal_C_1": "127369", "Temple_Cat": 4 }, "geometry": { "type": "Point", "coordinates": [ 103.764681172862922, 1.303236096484206 ] } },
{ "type": "Feature", "properties": { "OBJECTID_1": 437, "OBJECTID": 152693, "FEA_ID": 47125.0, "BUILDING_N": "ZU-LIN TEMPLE", "HOUSE_BLK_": "817", "ROAD_NAME": "BUKIT BATOK WEST AVENUE 5", "POSTAL_COD": "659086", "ADDRESS_TY": "S", "DATA_TYPE_": "extg", "MULTI_ADDR": "n", "X_ADDR": 18681.559607399999, "Y_ADDR": 38890.223108099999, "BUILDING_I": "100000000020685094078961090906", "Temple_Nam": "Zu-Lin Temple  aka Tua Pek Kong Temple", "Address": "817 Bukit Batok West Avenue 5", "Postal_C_1": "659086", "Temple_Cat": 1 }, "geometry": { "type": "Point", "coordinates": [ 103.749585929337755, 1.367982412693028 ] } },
{ "type": "Feature", "properties": { "OBJECTID_1": 438, "OBJECTID": 152842, "FEA_ID": 140170.0, "BUILDING_N": "PARDESI KHALSA DHARMAK DIWAN", "HOUSE_BLK_": "9", "ROAD_NAME": "LORONG 29 GEYLANG", "POSTAL_COD": "388065", "ADDRESS_TY": "R", "DATA_TYPE_": "extg", "MULTI_ADDR": "n", "X_ADDR": 33826.359315499998, "Y_ADDR": 32989.710627100001, "BUILDING_I": "100000900010308080056058686807", "Temple_Nam": "BUDDHIST FELLOWSHIP CENTRE", "Address": "9 Lorong 29 Geylang #04-02", "Postal_C_1": "388065", "Temple_Cat": 5 }, "geometry": { "type": "Point", "coordinates": [ 103.885671335689835, 1.314621191354081 ] } },
{ "type": "Feature", "properties": { "OBJECTID_1": 439, "OBJECTID": 153266, "FEA_ID": 101944.0, "BUILDING_N": " ", "HOUSE_BLK_": "20", "ROAD_NAME": "JURONG WEST STREET 92", "POSTAL_COD": "649000", "ADDRESS_TY": "S", "DATA_TYPE_": "extg", "MULTI_ADDR": "n", "X_ADDR": 12102.419529700001, "Y_ADDR": 35884.105003299999, "BUILDING_I": "100000000060604090010407676903", "Temple_Nam": "Jin Fu Gong Temple (Jurong West, Main)", "Address": "20 Jurong West St 92", "Postal_C_1": "649000", "Temple_Cat": 1 }, "geometry": { "type": "Point", "coordinates": [ 103.690469482549034, 1.340793426854288 ] } },
{ "type": "Feature", "properties": { "OBJECTID_1": 440, "OBJECTID": 153821, "FEA_ID": 120857.0, "BUILDING_N": " ", "HOUSE_BLK_": "30", "ROAD_NAME": "DEFU LANE 10", "POSTAL_COD": "539211", "ADDRESS_TY": "I", "DATA_TYPE_": "extg", "MULTI_ADDR": "n", "X_ADDR": 34565.016254200003, "Y_ADDR": 37158.529135099998, "BUILDING_I": "100000000000503090201010000000", "Temple_Nam": "Shun Zhong Tan", "Address": "BLK 30 Defu Lane 10 #04-100", "Postal_C_1": "539211", "Temple_Cat": 2 }, "geometry": { "type": "Point", "coordinates": [ 103.892309433500188, 1.352322339402175 ] } },
{ "type": "Feature", "properties": { "OBJECTID_1": 441, "OBJECTID": 154516, "FEA_ID": 57543.0, "BUILDING_N": "HAI INN TEMPLE", "HOUSE_BLK_": "33", "ROAD_NAME": "BRICKLAND ROAD", "POSTAL_COD": "688254", "ADDRESS_TY": "S", "DATA_TYPE_": "extg", "MULTI_ADDR": "n", "X_ADDR": 16975.424010700001, "Y_ADDR": 39829.188629299999, "BUILDING_I": "100000000020688287225541090906", "Temple_Nam": "Hai Inn Temple / Buddhist Colledge Hai Inn Temple", "Address": "33 Brickland Road", "Postal_C_1": "688254", "Temple_Cat": 3 }, "geometry": { "type": "Point", "coordinates": [ 103.734254782362271, 1.376473480733238 ] } },
{ "type": "Feature", "properties": { "OBJECTID_1": 442, "OBJECTID": 154746, "FEA_ID": 14310.0, "BUILDING_N": "EAST PAYOH PALM", "HOUSE_BLK_": "52", "ROAD_NAME": "LORONG 6 TOA PAYOH", "POSTAL_COD": "310052", "ADDRESS_TY": "H", "DATA_TYPE_": "extg", "MULTI_ADDR": "n", "X_ADDR": 30132.6896136, "Y_ADDR": 35602.780076100003, "BUILDING_I": "100000000000301000005020000000", "Temple_Nam": "Xin Xing Tan", "Address": "BLK 52 Toa Payoh Lor 6 #02-04", "Postal_C_1": "310052", "Temple_Cat": 2 }, "geometry": { "type": "Point", "coordinates": [ 103.852482047414739, 1.338253343407989 ] } },
{ "type": "Feature", "properties": { "OBJECTID_1": 443, "OBJECTID": 154929, "FEA_ID": 104042.0, "BUILDING_N": "HDB-CENTRAL AREA", "HOUSE_BLK_": "51", "ROAD_NAME": "CHIN SWEE ROAD", "POSTAL_COD": "160051", "ADDRESS_TY": "H", "DATA_TYPE_": "extg", "MULTI_ADDR": "n", "X_ADDR": 28967.8133055, "Y_ADDR": 29981.2324066, "BUILDING_I": "100000000000106000005010000000", "Temple_Nam": "Yun Wu Shan Nian Fo Tang", "Address": "Blk 51 Chin Swee Road #03-87", "Postal_C_1": "160051", "Temple_Cat": 3 }, "geometry": { "type": "Point", "coordinates": [ 103.842014774730799, 1.287414110069585 ] } },
{ "type": "Feature", "properties": { "OBJECTID_1": 444, "OBJECTID": 154966, "FEA_ID": 99924.0, "BUILDING_N": "HDB-BUKIT MERAH", "HOUSE_BLK_": "30", "ROAD_NAME": "JALAN KLINIK", "POSTAL_COD": "160030", "ADDRESS_TY": "H", "DATA_TYPE_": "extg", "MULTI_ADDR": "n", "X_ADDR": 27429.996422600001, "Y_ADDR": 30010.5955894, "BUILDING_I": "100000000000106000003000000000", "Temple_Nam": "Meng Hong Thua", "Address": "BLK 30 #08-35 Jalan Klinik", "Postal_C_1": "160030", "Temple_Cat": 2 }, "geometry": { "type": "Point", "coordinates": [ 103.828196865278855, 1.287679670207128 ] } },
{ "type": "Feature", "properties": { "OBJECTID_1": 445, "OBJECTID": 154990, "FEA_ID": 121634.0, "BUILDING_N": "BUKIT MERAH VIEW", "HOUSE_BLK_": "119", "ROAD_NAME": "BUKIT MERAH VIEW", "POSTAL_COD": "152119", "ADDRESS_TY": "H", "DATA_TYPE_": "extg", "MULTI_ADDR": "n", "X_ADDR": 26636.636853200001, "Y_ADDR": 29539.8598251, "BUILDING_I": "100000000000105020101090000000", "Temple_Nam": "Nan Xian Tan", "Address": "119 Bukit Merah View #12-63", "Postal_C_1": "152119", "Temple_Cat": 2 }, "geometry": { "type": "Point", "coordinates": [ 103.821068227368798, 1.283422476947301 ] } },
{ "type": "Feature", "properties": { "OBJECTID_1": 446, "OBJECTID": 155370, "FEA_ID": 72635.0, "BUILDING_N": "TANGLIN HALT GREEN", "HOUSE_BLK_": "38", "ROAD_NAME": "TANGLIN HALT ROAD", "POSTAL_COD": "140038", "ADDRESS_TY": "H", "DATA_TYPE_": "extg", "MULTI_ADDR": "n", "X_ADDR": 24149.706895700001, "Y_ADDR": 31096.322149200001, "BUILDING_I": "100000000000104000003080000000", "Temple_Nam": "Luo Kou Qi Zhong Tan", "Address": "BLK 38 Tanglin Halt Road #01-119", "Postal_C_1": "140038", "Temple_Cat": 2 }, "geometry": { "type": "Point", "coordinates": [ 103.798721998557895, 1.297498366901463 ] } },
{ "type": "Feature", "properties": { "OBJECTID_1": 447, "OBJECTID": 155495, "FEA_ID": 101355.0, "BUILDING_N": "HDB-BUKIT MERAH", "HOUSE_BLK_": "22", "ROAD_NAME": "HAVELOCK ROAD", "POSTAL_COD": "160022", "ADDRESS_TY": "H", "DATA_TYPE_": "extg", "MULTI_ADDR": "n", "X_ADDR": 27500.3204506, "Y_ADDR": 30126.934307799998, "BUILDING_I": "100000000000106000002020000000", "Temple_Nam": "Lian Yin Dian", "Address": "BLK 22 Havelock Road #04-689", "Postal_C_1": "160022", "Temple_Cat": 2 }, "geometry": { "type": "Point", "coordinates": [ 103.828828753464109, 1.288731798230566 ] } },
{ "type": "Feature", "properties": { "OBJECTID_1": 448, "OBJECTID": 155839, "FEA_ID": 112097.0, "BUILDING_N": "KAMPONG UBI VIEW", "HOUSE_BLK_": "348", "ROAD_NAME": "UBI AVENUE 1", "POSTAL_COD": "400348", "ADDRESS_TY": "H", "DATA_TYPE_": "extg", "MULTI_ADDR": "n", "X_ADDR": 35479.1057, "Y_ADDR": 34264.698712099998, "BUILDING_I": "100000000000400000304080000000", "Temple_Nam": "Kuan Ji Ke", "Address": "Blk 348, #11-1064 Ubi Avenue 1", "Postal_C_1": "400348", "Temple_Cat": 9 }, "geometry": { "type": "Point", "coordinates": [ 103.900522393083975, 1.326151366814455 ] } },
{ "type": "Feature", "properties": { "OBJECTID_1": 449, "OBJECTID": 156030, "FEA_ID": 113320.0, "BUILDING_N": "JURONG EAST VILLE", "HOUSE_BLK_": "115", "ROAD_NAME": "JURONG EAST STREET 13", "POSTAL_COD": "600115", "ADDRESS_TY": "H", "DATA_TYPE_": "extg", "MULTI_ADDR": "n", "X_ADDR": 17095.278960799998, "Y_ADDR": 35768.311441600003, "BUILDING_I": "100000000000600000101050000000", "Temple_Nam": "Miao Wei Tan", "Address": "BLK 115 Jurong East St 13 #10-384", "Postal_C_1": "600115", "Temple_Cat": 2 }, "geometry": { "type": "Point", "coordinates": [ 103.735333244299753, 1.339748452985381 ] } },
{ "type": "Feature", "properties": { "OBJECTID_1": 450, "OBJECTID": 156162, "FEA_ID": 93914.0, "BUILDING_N": "BOOK KENG VILLE", "HOUSE_BLK_": "13", "ROAD_NAME": "UPPER BOON KENG ROAD", "POSTAL_COD": "380013", "ADDRESS_TY": "H", "DATA_TYPE_": "extg", "MULTI_ADDR": "n", "X_ADDR": 32133.314288900001, "Y_ADDR": 32980.592064099998, "BUILDING_I": "100000000000308000001030000000", "Temple_Nam": "The Kun Association", "Address": "Blk 13 Upper Boon Keng #01-658", "Postal_C_1": "380013", "Temple_Cat": 1 }, "geometry": { "type": "Point", "coordinates": [ 103.870458479815568, 1.314539000292553 ] } },
{ "type": "Feature", "properties": { "OBJECTID_1": 451, "OBJECTID": 156164, "FEA_ID": 216855.0, "BUILDING_N": "PUNGGOL JOINT TEMPLE", "HOUSE_BLK_": "3", "ROAD_NAME": "TEBING LANE", "POSTAL_COD": "828849", "ADDRESS_TY": "K", "DATA_TYPE_": "extg", "MULTI_ADDR": "n", "X_ADDR": 37162.020214099997, "Y_ADDR": 41597.873589399998, "BUILDING_I": "100000000038882880804192605003", "Temple_Nam": "Sheng Jia Temple Association", "Address": "3 Tebing Lane, Punggol East #01-01", "Postal_C_1": "828849", "Temple_Cat": 1 }, "geometry": { "type": "Point", "coordinates": [ 103.915646527734381, 1.392469459208319 ] } },
{ "type": "Feature", "properties": { "OBJECTID_1": 452, "OBJECTID": 156185, "FEA_ID": 234787.0, "BUILDING_N": "SAN LIAN DENG TEMPLE", "HOUSE_BLK_": "18", "ROAD_NAME": "ADMIRALTY STREET", "POSTAL_COD": "757439", "ADDRESS_TY": "S", "DATA_TYPE_": "extg", "MULTI_ADDR": "n", "X_ADDR": 25494.533207500001, "Y_ADDR": 49252.312422100003, "BUILDING_I": "100000060426705070403292605006", "Temple_Nam": "Shan Lian Tang", "Address": "18 Admiralty Street", "Postal_C_1": "757439", "Temple_Cat": 1 }, "geometry": { "type": "Point", "coordinates": [ 103.81080431042524, 1.461694768422305 ] } },
{ "type": "Feature", "properties": { "OBJECTID_1": 453, "OBJECTID": 156234, "FEA_ID": 1299.0, "BUILDING_N": "GARDEN HILL", "HOUSE_BLK_": "419", "ROAD_NAME": "BEDOK NORTH STREET 1", "POSTAL_COD": "460419", "ADDRESS_TY": "H", "DATA_TYPE_": "extg", "MULTI_ADDR": "n", "X_ADDR": 38551.635514299996, "Y_ADDR": 34356.378648899998, "BUILDING_I": "100000000000406000401090000000", "Temple_Nam": "Dan Xia Jing She", "Address": "Blk 419 Bedok North St 1 #10-164", "Postal_C_1": "460419", "Temple_Cat": 2 }, "geometry": { "type": "Point", "coordinates": [ 103.928130747336425, 1.32697957749865 ] } },
{ "type": "Feature", "properties": { "OBJECTID_1": 454, "OBJECTID": 156443, "FEA_ID": 76266.0, "BUILDING_N": "MEILING HEIGHTS", "HOUSE_BLK_": "157", "ROAD_NAME": "MEI LING STREET", "POSTAL_COD": "140157", "ADDRESS_TY": "H", "DATA_TYPE_": "extg", "MULTI_ADDR": "n", "X_ADDR": 24705.321411199999, "Y_ADDR": 30611.396633, "BUILDING_I": "100000000000104000105070000000", "Temple_Nam": "Miao Yin Tan", "Address": "BLK 157 #07-70 Mei Ling Street", "Postal_C_1": "140157", "Temple_Cat": 2 }, "geometry": { "type": "Point", "coordinates": [ 103.803714490416823, 1.293112934942397 ] } },
{ "type": "Feature", "properties": { "OBJECTID_1": 455, "OBJECTID": 156455, "FEA_ID": 22335.0, "BUILDING_N": "HDB-BUKIT MERAH", "HOUSE_BLK_": "138", "ROAD_NAME": "JALAN BUKIT MERAH", "POSTAL_COD": "160138", "ADDRESS_TY": "H", "DATA_TYPE_": "extg", "MULTI_ADDR": "n", "X_ADDR": 27211.948016900002, "Y_ADDR": 28987.120374499998, "BUILDING_I": "100000000000106000103080000000", "Temple_Nam": "Yi Zhong Fu", "Address": "BLK 138 Jalan Bukit Merah #06-1398", "Postal_C_1": "160138", "Temple_Cat": 2 }, "geometry": { "type": "Point", "coordinates": [ 103.826237637360336, 1.27842371482675 ] } },
{ "type": "Feature", "properties": { "OBJECTID_1": 456, "OBJECTID": 156505, "FEA_ID": 27569.0, "BUILDING_N": "HDB-BUKIT MERAH", "HOUSE_BLK_": "148", "ROAD_NAME": "SILAT AVENUE", "POSTAL_COD": "160148", "ADDRESS_TY": "H", "DATA_TYPE_": "extg", "MULTI_ADDR": "n", "X_ADDR": 27728.064841700001, "Y_ADDR": 28817.211865199999, "BUILDING_I": "100000000000106000104080000000", "Temple_Nam": "Zhu Shan Gong", "Address": "BLK 148 Silat  Ave #12-06", "Postal_C_1": "160148", "Temple_Cat": 2 }, "geometry": { "type": "Point", "coordinates": [ 103.830875141539167, 1.276887130169598 ] } },
{ "type": "Feature", "properties": { "OBJECTID_1": 457, "OBJECTID": 156511, "FEA_ID": 97997.0, "BUILDING_N": "HDB-BUKIT PANJANG", "HOUSE_BLK_": "116", "ROAD_NAME": "PENDING ROAD", "POSTAL_COD": "670116", "ADDRESS_TY": "H", "DATA_TYPE_": "extg", "MULTI_ADDR": "n", "X_ADDR": 20801.104799600002, "Y_ADDR": 39902.8107476, "BUILDING_I": "100000000000607000101060000000", "Temple_Nam": "Sheng Zhi Gong", "Address": "Blk 116 Pending Rd #04-218", "Postal_C_1": "670116", "Temple_Cat": 2 }, "geometry": { "type": "Point", "coordinates": [ 103.768631257612839, 1.37714048050583 ] } },
{ "type": "Feature", "properties": { "OBJECTID_1": 458, "OBJECTID": 156617, "FEA_ID": 9093.0, "BUILDING_N": "TAMPINES PALMVILLE", "HOUSE_BLK_": "916", "ROAD_NAME": "TAMPINES STREET 91", "POSTAL_COD": "520916", "ADDRESS_TY": "H", "DATA_TYPE_": "extg", "MULTI_ADDR": "n", "X_ADDR": 39904.826262399998, "Y_ADDR": 36751.059843299998, "BUILDING_I": "100000000000502000901060000000", "Temple_Nam": "Nan Tian Gong", "Address": "Blk 916 Tampines Street 91 #01-77", "Postal_C_1": "520916", "Temple_Cat": 2 }, "geometry": { "type": "Point", "coordinates": [ 103.940290824293697, 1.348635688010095 ] } },
{ "type": "Feature", "properties": { "OBJECTID_1": 459, "OBJECTID": 156848, "FEA_ID": 52936.0, "BUILDING_N": "CHENG SAN PLACE", "HOUSE_BLK_": "561", "ROAD_NAME": "ANG MO KIO AVENUE 10", "POSTAL_COD": "560561", "ADDRESS_TY": "H", "DATA_TYPE_": "extg", "MULTI_ADDR": "n", "X_ADDR": 30730.627003199999, "Y_ADDR": 39177.592793700001, "BUILDING_I": "100000000000506000506010000000", "Temple_Nam": "Ji Shen Tan", "Address": "BLK 561 Ang Mo Kio Ave 10 #06-1830", "Postal_C_1": "560561", "Temple_Cat": 2 }, "geometry": { "type": "Point", "coordinates": [ 103.857855190789934, 1.370582625610875 ] } },
{ "type": "Feature", "properties": { "OBJECTID_1": 460, "OBJECTID": 156873, "FEA_ID": 52970.0, "BUILDING_N": "CHENG SAN PLACE", "HOUSE_BLK_": "557", "ROAD_NAME": "ANG MO KIO AVENUE 10", "POSTAL_COD": "560557", "ADDRESS_TY": "H", "DATA_TYPE_": "extg", "MULTI_ADDR": "n", "X_ADDR": 30717.177152200002, "Y_ADDR": 39293.423373199999, "BUILDING_I": "100000000000506000505070000000", "Temple_Nam": "Bao Sheng Miao", "Address": "BLK 557 Ang Mo Kio Ave 10 #04-1868", "Postal_C_1": "560557", "Temple_Cat": 2 }, "geometry": { "type": "Point", "coordinates": [ 103.857734344949762, 1.371630157254832 ] } },
{ "type": "Feature", "properties": { "OBJECTID_1": 461, "OBJECTID": 156951, "FEA_ID": 112652.0, "BUILDING_N": "CHENG SAN VIEW", "HOUSE_BLK_": "536", "ROAD_NAME": "ANG MO KIO AVENUE 10", "POSTAL_COD": "560536", "ADDRESS_TY": "H", "DATA_TYPE_": "extg", "MULTI_ADDR": "n", "X_ADDR": 30314.155195799998, "Y_ADDR": 39607.584219800003, "BUILDING_I": "100000000000506000503060000000", "Temple_Nam": "Guan Shen Tan", "Address": "BLK 536 Ang Mo Kio Ave 10#02-2553", "Postal_C_1": "560536", "Temple_Cat": 2 }, "geometry": { "type": "Point", "coordinates": [ 103.854112931243463, 1.374471349760601 ] } },
{ "type": "Feature", "properties": { "OBJECTID_1": 462, "OBJECTID": 157148, "FEA_ID": 4510.0, "BUILDING_N": "BOOK KENG VILLE", "HOUSE_BLK_": "12", "ROAD_NAME": "UPPER BOON KENG ROAD", "POSTAL_COD": "380012", "ADDRESS_TY": "H", "DATA_TYPE_": "extg", "MULTI_ADDR": "n", "X_ADDR": 32090.041756800001, "Y_ADDR": 32948.941015099997, "BUILDING_I": "100000000000308000001020000000", "Temple_Nam": "Tong Miao Zhi ling Tan", "Address": "Blk 12 Upper Boon Keng Road", "Postal_C_1": "380012", "Temple_Cat": 2 }, "geometry": { "type": "Point", "coordinates": [ 103.870069649903314, 1.314252765016324 ] } },
{ "type": "Feature", "properties": { "OBJECTID_1": 463, "OBJECTID": 157163, "FEA_ID": 122135.0, "BUILDING_N": "BUKIT MERAH VIEW", "HOUSE_BLK_": "128", "ROAD_NAME": "BUKIT MERAH VIEW", "POSTAL_COD": "150128", "ADDRESS_TY": "H", "DATA_TYPE_": "extg", "MULTI_ADDR": "n", "X_ADDR": 26906.498568499999, "Y_ADDR": 29451.9781267, "BUILDING_I": "100000000000105000102080000000", "Temple_Nam": "Qi Xuan Tan", "Address": "BLK 128 Bukit Merah View #04-36", "Postal_C_1": "150128", "Temple_Cat": 2 }, "geometry": { "type": "Point", "coordinates": [ 103.823493043461397, 1.282627715980596 ] } },
{ "type": "Feature", "properties": { "OBJECTID_1": 464, "OBJECTID": 157185, "FEA_ID": 17561.0, "BUILDING_N": "KIM KEAT COURT", "HOUSE_BLK_": "4", "ROAD_NAME": "LORONG 7 TOA PAYOH", "POSTAL_COD": "310004", "ADDRESS_TY": "H", "DATA_TYPE_": "extg", "MULTI_ADDR": "n", "X_ADDR": 30473.021914500001, "Y_ADDR": 35691.039064899996, "BUILDING_I": "100000000000301000000040000000", "Temple_Nam": "Lian Sheng Gong", "Address": "Blk 4 Toa Payoh Lorong 7 #11-129", "Postal_C_1": "310004", "Temple_Cat": 2 }, "geometry": { "type": "Point", "coordinates": [ 103.855540139901052, 1.339051499982305 ] } },
{ "type": "Feature", "properties": { "OBJECTID_1": 465, "OBJECTID": 157236, "FEA_ID": 234032.0, "BUILDING_N": "REGAL 35", "HOUSE_BLK_": "11", "ROAD_NAME": "LORONG 35 GEYLANG", "POSTAL_COD": "387943", "ADDRESS_TY": "R", "DATA_TYPE_": "extg", "MULTI_ADDR": "n", "X_ADDR": 34119.428765199998, "Y_ADDR": 33068.287493299998, "BUILDING_I": "100001060914308070944432605006", "Temple_Nam": "The Mahaprajna Buddhist Sociery", "Address": "11 Lorong 35 Geylang", "Postal_C_1": "387943", "Temple_Cat": 3 }, "geometry": { "type": "Point", "coordinates": [ 103.888304726147723, 1.315331755209293 ] } },
{ "type": "Feature", "properties": { "OBJECTID_1": 466, "OBJECTID": 157241, "FEA_ID": 235918.0, "BUILDING_N": "THEKCHEN CHOLING (SINGAPORE)", "HOUSE_BLK_": "2", "ROAD_NAME": "BEATTY LANE", "POSTAL_COD": "209945", "ADDRESS_TY": "S", "DATA_TYPE_": "PROP", "MULTI_ADDR": "n", "X_ADDR": 31012.317113599998, "Y_ADDR": 32703.672641900001, "BUILDING_I": "300000090710200097914752605007", "Temple_Nam": "Chee Kong Tong", "Address": "2 Beatty Lane", "Postal_C_1": "209945", "Temple_Cat": 1 }, "geometry": { "type": "Point", "coordinates": [ 103.860385732246399, 1.312034769288574 ] } },
{ "type": "Feature", "properties": { "OBJECTID_1": 467, "OBJECTID": 157329, "FEA_ID": 71183.0, "BUILDING_N": "TOA PAYOH NORTH", "HOUSE_BLK_": "205", "ROAD_NAME": "TOA PAYOH NORTH", "POSTAL_COD": "310205", "ADDRESS_TY": "H", "DATA_TYPE_": "extg", "MULTI_ADDR": "n", "X_ADDR": 29603.368955999998, "Y_ADDR": 36040.02698, "BUILDING_I": "100000000000301000200050000000", "Temple_Nam": "Qiong Shan Ta Shi Guang Sheng Di Jun Tan", "Address": "BLK 205 Toa PayohNorth #05-1147", "Postal_C_1": "310205", "Temple_Cat": 2 }, "geometry": { "type": "Point", "coordinates": [ 103.8477258138509, 1.342207681898948 ] } },
{ "type": "Feature", "properties": { "OBJECTID_1": 468, "OBJECTID": 157428, "FEA_ID": 513.0, "BUILDING_N": "HDB-KALLANG/WHAMPOA", "HOUSE_BLK_": "681", "ROAD_NAME": "RACE COURSE ROAD", "POSTAL_COD": "210681", "ADDRESS_TY": "H", "DATA_TYPE_": "extg", "MULTI_ADDR": "n", "X_ADDR": 30446.059345900001, "Y_ADDR": 32915.822907200003, "BUILDING_I": "100000000000201000608010000000", "Temple_Nam": "Jin Duan Dian Taoist Asscoiation", "Address": "Blk 681, Race Course Road #07-289", "Postal_C_1": "210681", "Temple_Cat": 2 }, "geometry": { "type": "Point", "coordinates": [ 103.855297644100617, 1.313953431495464 ] } },
{ "type": "Feature", "properties": { "OBJECTID_1": 469, "OBJECTID": 157484, "FEA_ID": 4750.0, "BUILDING_N": "BOOK KENG VILLE", "HOUSE_BLK_": "11", "ROAD_NAME": "UPPER BOON KENG ROAD", "POSTAL_COD": "380011", "ADDRESS_TY": "H", "DATA_TYPE_": "extg", "MULTI_ADDR": "n", "X_ADDR": 32183.674251, "Y_ADDR": 32949.298207599997, "BUILDING_I": "100000000000308000001010000000", "Temple_Nam": "Fo Xin Dian", "Address": "Blk 11 Upper Boon Keng Road #10-919", "Postal_C_1": "380011", "Temple_Cat": 2 }, "geometry": { "type": "Point", "coordinates": [ 103.870910984785425, 1.314255983245183 ] } },
{ "type": "Feature", "properties": { "OBJECTID_1": 470, "OBJECTID": 157554, "FEA_ID": 18168.0, "BUILDING_N": "TAMPINES PARKVIEW", "HOUSE_BLK_": "863B", "ROAD_NAME": "TAMPINES STREET 83", "POSTAL_COD": "522863", "ADDRESS_TY": "H", "DATA_TYPE_": "extg", "MULTI_ADDR": "n", "X_ADDR": 39332.075043600002, "Y_ADDR": 37506.070906499997, "BUILDING_I": "100000000000502020806030000000", "Temple_Nam": "Yin Lv Fu", "Address": "BLK 863B Tampines St 83 #01-468", "Postal_C_1": "522863", "Temple_Cat": 2 }, "geometry": { "type": "Point", "coordinates": [ 103.935144589385715, 1.355463950776703 ] } },
{ "type": "Feature", "properties": { "OBJECTID_1": 471, "OBJECTID": 157556, "FEA_ID": 18569.0, "BUILDING_N": "TAMPINES PARKVIEW", "HOUSE_BLK_": "860A", "ROAD_NAME": "TAMPINES AVENUE 5", "POSTAL_COD": "521860", "ADDRESS_TY": "H", "DATA_TYPE_": "extg", "MULTI_ADDR": "n", "X_ADDR": 39721.981307599999, "Y_ADDR": 37506.044966900001, "BUILDING_I": "100000000000502010806000000000", "Temple_Nam": "Guang Jin Dian", "Address": "Blk 860A, Tampines Ave 5 #01-623", "Postal_C_1": "521860", "Temple_Cat": 1 }, "geometry": { "type": "Point", "coordinates": [ 103.938648145349163, 1.355463565597419 ] } },
{ "type": "Feature", "properties": { "OBJECTID_1": 472, "OBJECTID": 157608, "FEA_ID": 3735.0, "BUILDING_N": "GARDEN HILL", "HOUSE_BLK_": "428", "ROAD_NAME": "BEDOK NORTH ROAD", "POSTAL_COD": "460428", "ADDRESS_TY": "H", "DATA_TYPE_": "extg", "MULTI_ADDR": "n", "X_ADDR": 38498.411111300004, "Y_ADDR": 34638.917685400003, "BUILDING_I": "100000000000406000402080000000", "Temple_Nam": "Wu Luo Bei Fu An Dian", "Address": "Blk 428, Bedok North Road #06-623", "Postal_C_1": "460428", "Temple_Cat": 2 }, "geometry": { "type": "Point", "coordinates": [ 103.92765259411631, 1.329534775753061 ] } },
{ "type": "Feature", "properties": { "OBJECTID_1": 473, "OBJECTID": 157791, "FEA_ID": 2133.0, "BUILDING_N": "WU CAO DA BO GONG GONG TP", "HOUSE_BLK_": "249", "ROAD_NAME": "BALESTIER ROAD", "POSTAL_COD": "329708", "ADDRESS_TY": "S", "DATA_TYPE_": "extg", "MULTI_ADDR": "n", "X_ADDR": 30147.603405900001, "Y_ADDR": 33779.632691899998, "BUILDING_I": "100000000010302090700082010303", "Temple_Nam": "Goh Cho Tua Peh Kong Temple aka\nRochor / Wu Cao Tua Peh Kong Temple", "Address": "249 Balestier Rd", "Postal_C_1": "329708", "Temple_Cat": 1 }, "geometry": { "type": "Point", "coordinates": [ 103.852615928619272, 1.321765443940496 ] } },
{ "type": "Feature", "properties": { "OBJECTID_1": 474, "OBJECTID": 157824, "FEA_ID": 52145.0, "BUILDING_N": "PANSHAN VIEW", "HOUSE_BLK_": "504", "ROAD_NAME": "JELAPANG ROAD", "POSTAL_COD": "670504", "ADDRESS_TY": "H", "DATA_TYPE_": "extg", "MULTI_ADDR": "n", "X_ADDR": 20622.838603699998, "Y_ADDR": 40724.608692000002, "BUILDING_I": "100000000000607000500040000000", "Temple_Nam": "Zhong Nan Tan", "Address": "BLK 504 Jelapang Road #19-358", "Postal_C_1": "670504", "Temple_Cat": 2 }, "geometry": { "type": "Point", "coordinates": [ 103.767029200268453, 1.384572477708551 ] } },
{ "type": "Feature", "properties": { "OBJECTID_1": 475, "OBJECTID": 157945, "FEA_ID": 41269.0, "BUILDING_N": "TOA PAYOH GREEN", "HOUSE_BLK_": "160", "ROAD_NAME": "LORONG 1 TOA PAYOH", "POSTAL_COD": "310160", "ADDRESS_TY": "H", "DATA_TYPE_": "extg", "MULTI_ADDR": "n", "X_ADDR": 29302.144100900001, "Y_ADDR": 34795.856182199997, "BUILDING_I": "100000000000301000106000000000", "Temple_Nam": "Ling Bao Huang Tan", "Address": "Blk 160 Toa Payoh Lor 1 #01-1584", "Postal_C_1": "310160", "Temple_Cat": 2 }, "geometry": { "type": "Point", "coordinates": [ 103.845019073775887, 1.330955857018252 ] } },
{ "type": "Feature", "properties": { "OBJECTID_1": 476, "OBJECTID": 157957, "FEA_ID": 87309.0, "BUILDING_N": "GOMBAK VIEW", "HOUSE_BLK_": "242", "ROAD_NAME": "BUKIT BATOK EAST AVENUE 5", "POSTAL_COD": "650242", "ADDRESS_TY": "H", "DATA_TYPE_": "extg", "MULTI_ADDR": "n", "X_ADDR": 19404.261323300001, "Y_ADDR": 36962.324981999998, "BUILDING_I": "100000000000605000204020000000", "Temple_Nam": "Lian Guan Gong", "Address": "BLK 242 Bukit Batok Ave 4 #10-194", "Postal_C_1": "650242", "Temple_Cat": 2 }, "geometry": { "type": "Point", "coordinates": [ 103.756080455241587, 1.350547424304251 ] } },
{ "type": "Feature", "properties": { "OBJECTID_1": 477, "OBJECTID": 158064, "FEA_ID": 55918.0, "BUILDING_N": "PANSHAN VIEW", "HOUSE_BLK_": "505", "ROAD_NAME": "JELAPANG ROAD", "POSTAL_COD": "670505", "ADDRESS_TY": "H", "DATA_TYPE_": "extg", "MULTI_ADDR": "n", "X_ADDR": 20673.415526799999, "Y_ADDR": 40679.2721255, "BUILDING_I": "100000000000607000500050000000", "Temple_Nam": "Xuan Yun Tan", "Address": "BLK 505 Jelapang Road #06-436", "Postal_C_1": "670505", "Temple_Cat": 2 }, "geometry": { "type": "Point", "coordinates": [ 103.767483683641444, 1.38416248297455 ] } },
{ "type": "Feature", "properties": { "OBJECTID_1": 478, "OBJECTID": 158762, "FEA_ID": 238874.0, "BUILDING_N": "EAST PAYOH PALM", "HOUSE_BLK_": "52", "ROAD_NAME": "LORONG 6 TOA PAYOH", "POSTAL_COD": "310052", "ADDRESS_TY": "H", "DATA_TYPE_": "prop", "MULTI_ADDR": "n", "X_ADDR": 30158.903533799999, "Y_ADDR": 35593.337797, "BUILDING_I": "300001010914301005035622605006", "Temple_Nam": "Xin Xing Tan", "Address": "BLK 52 Toa Payoh Lor 6 #02-04", "Postal_C_1": "310052", "Temple_Cat": 2 }, "geometry": { "type": "Point", "coordinates": [ 103.852717594486791, 1.338167948703435 ] } },
{ "type": "Feature", "properties": { "OBJECTID_1": 479, "OBJECTID": 159054, "FEA_ID": 238931.0, "BUILDING_N": "CHENG HONG SIANG TNG KEW HUANG KENG COMBINED TEMPLE", "HOUSE_BLK_": "24", "ROAD_NAME": "ARUMUGAM ROAD", "POSTAL_COD": "409963", "ADDRESS_TY": "S", "DATA_TYPE_": "extg", "MULTI_ADDR": "n", "X_ADDR": 34509.358547399999, "Y_ADDR": 34206.279354500002, "BUILDING_I": "100001050712400090906132605004", "Temple_Nam": "Lord Buddha Temple", "Address": "24 Arumugam Road", "Postal_C_1": "409963", "Temple_Cat": 5 }, "geometry": { "type": "Point", "coordinates": [ 103.891808680875187, 1.325623265944041 ] } },
{ "type": "Feature", "properties": { "OBJECTID_1": 480, "OBJECTID": 159457, "FEA_ID": 240857.0, "BUILDING_N": "HAI LAM SUA TEE KONG TOA TEMPLE", "HOUSE_BLK_": "175", "ROAD_NAME": "UPPER THOMSON ROAD", "POSTAL_COD": "574426", "ADDRESS_TY": "S", "DATA_TYPE_": "prop", "MULTI_ADDR": "n", "X_ADDR": 28280.311499200001, "Y_ADDR": 36962.780908599998, "BUILDING_I": "300003010918507040412962609007", "Temple_Nam": "Hai Lam Sua Tee Kong Toa Temple", "Address": "175 Upper Thomson Road", "Postal_C_1": "574426", "Temple_Cat": 1 }, "geometry": { "type": "Point", "coordinates": [ 103.835837354947813, 1.350552781761332 ] } },
{ "type": "Feature", "properties": { "OBJECTID_1": 481, "OBJECTID": 159797, "FEA_ID": 121838.0, "BUILDING_N": "NIRVANA MEMORIAL GARDEN", "HOUSE_BLK_": "950", "ROAD_NAME": "OLD CHOA CHU KANG ROAD", "POSTAL_COD": "699816", "ADDRESS_TY": "S", "DATA_TYPE_": "extg", "MULTI_ADDR": "n", "X_ADDR": 11842.0257305, "Y_ADDR": 39196.198311400003, "BUILDING_I": "109000000019619590801161695909", "Temple_Nam": "Leong Hwa Chan Si Temple", "Address": "950 Old Choa Chu Kang Road", "Postal_C_1": "699816", "Temple_Cat": 3 }, "geometry": { "type": "Point", "coordinates": [ 103.688127911852291, 1.37074658410011 ] } },
{ "type": "Feature", "properties": { "OBJECTID_1": 482, "OBJECTID": 160024, "FEA_ID": 216447.0, "BUILDING_N": "THE MEDLEY", "HOUSE_BLK_": "66", "ROAD_NAME": "LORONG G TELOK KURAU", "POSTAL_COD": "426248", "ADDRESS_TY": "R", "DATA_TYPE_": "extg", "MULTI_ADDR": "n", "X_ADDR": 36659.136703199998, "Y_ADDR": 33271.425405900001, "BUILDING_I": "100001040014402060224382605007", "Temple_Nam": "Poh Jay Bddhist Research Institue", "Address": "66 Lorong G Telok Kurau", "Postal_C_1": "426248", "Temple_Cat": 3 }, "geometry": { "type": "Point", "coordinates": [ 103.911125325289746, 1.317168250277459 ] } },
{ "type": "Feature", "properties": { "OBJECTID_1": 483, "OBJECTID": 161004, "FEA_ID": 225643.0, "BUILDING_N": "POH MING TSE TEMPLE", "HOUSE_BLK_": "438", "ROAD_NAME": "DUNEARN ROAD", "POSTAL_COD": "289613", "ADDRESS_TY": "S", "DATA_TYPE_": "extg", "MULTI_ADDR": "n", "X_ADDR": 25375.408260699998, "Y_ADDR": 34172.360900599997, "BUILDING_I": "100001050513208091601532605005", "Temple_Nam": "Poh Ming Tse Temple / Phor Beng See Temple", "Address": "438 Dunearn Road", "Postal_C_1": "289613", "Temple_Cat": 3 }, "geometry": { "type": "Point", "coordinates": [ 103.809735204353814, 1.325317101017222 ] } },
{ "type": "Feature", "properties": { "OBJECTID_1": 484, "OBJECTID": 161074, "FEA_ID": 53808.0, "BUILDING_N": "LI TECK CHUAN CIN TONG", "HOUSE_BLK_": "8", "ROAD_NAME": "LORONG 102 CHANGI", "POSTAL_COD": "426603", "ADDRESS_TY": "S", "DATA_TYPE_": "extg", "MULTI_ADDR": "n", "X_ADDR": 35473.678226800002, "Y_ADDR": 33133.403944999998, "BUILDING_I": "100000000010402060600030000008", "Temple_Nam": "Li Teck Chuan Cin Tang temple", "Address": "8 Lorong 102 Changi", "Postal_C_1": "426603", "Temple_Cat": 1 }, "geometry": { "type": "Point", "coordinates": [ 103.900473349855517, 1.315920345670047 ] } },
{ "type": "Feature", "properties": { "OBJECTID_1": 485, "OBJECTID": 163390, "FEA_ID": 229107.0, "BUILDING_N": "KWONG WAI SIEW PECK SAN THENG BUILDING", "HOUSE_BLK_": "50", "ROAD_NAME": "KAMPONG SAN TENG", "POSTAL_COD": "576498", "ADDRESS_TY": "S", "DATA_TYPE_": "extg", "MULTI_ADDR": "n", "X_ADDR": 29114.5600878, "Y_ADDR": 36358.6188779, "BUILDING_I": "100000060327507060409382605007", "Temple_Nam": "Kwong Wai Siew Peck San Theng", "Address": "50 Kampong San Teng (Bishan Lane)", "Postal_C_1": "576498", "Temple_Cat": 1 }, "geometry": { "type": "Point", "coordinates": [ 103.843333583584936, 1.345088935637528 ] } },
{ "type": "Feature", "properties": { "OBJECTID_1": 486, "OBJECTID": 163780, "FEA_ID": 231271.0, "BUILDING_N": "KONG MENG SAN PHOR KARK SEE MONASTERY", "HOUSE_BLK_": "88", "ROAD_NAME": "BRIGHT HILL ROAD", "POSTAL_COD": "574117", "ADDRESS_TY": "S", "DATA_TYPE_": "extg", "MULTI_ADDR": "n", "X_ADDR": 28290.181313599998, "Y_ADDR": 38054.750330800001, "BUILDING_I": "100000090111507042151972605008", "Temple_Nam": "Kong Meng San Phor Kark See temple", "Address": "88 Bright Hill Road", "Postal_C_1": "574117", "Temple_Cat": 3 }, "geometry": { "type": "Point", "coordinates": [ 103.835926052060643, 1.360428164199981 ] } },
{ "type": "Feature", "properties": { "OBJECTID_1": 487, "OBJECTID": 164497, "FEA_ID": 78061.0, "BUILDING_N": "HONG LIM JIONG TEMPLE", "HOUSE_BLK_": "791", "ROAD_NAME": "ANG MO KIO AVENUE 1", "POSTAL_COD": "569974", "ADDRESS_TY": "S", "DATA_TYPE_": "extg", "MULTI_ADDR": "n", "X_ADDR": 28602.630536000001, "Y_ADDR": 38705.345597599997, "BUILDING_I": "100000000010506090907040070901", "Temple_Nam": "Hong Lim Jiong Temple", "Address": "791 Ang Mo Kio Avenue 1", "Postal_C_1": "569974", "Temple_Cat": 1 }, "geometry": { "type": "Point", "coordinates": [ 103.838733630313669, 1.366311911039362 ] } },
{ "type": "Feature", "properties": { "OBJECTID_1": 488, "OBJECTID": 164520, "FEA_ID": 153120.0, "BUILDING_N": "LAM HAI POH TOH SAN TEMPLE", "HOUSE_BLK_": "825B", "ROAD_NAME": "CHUAN HOE AVENUE", "POSTAL_COD": "549853", "ADDRESS_TY": "S", "DATA_TYPE_": "extg", "MULTI_ADDR": "n", "X_ADDR": 32756.6569896, "Y_ADDR": 38575.539503100001, "BUILDING_I": "100000900010504090855439616803", "Temple_Nam": "Lam Hai Poh Toh San Temple", "Address": "825B Chuan Hoe Avenue", "Postal_C_1": "549853", "Temple_Cat": 3 }, "geometry": { "type": "Point", "coordinates": [ 103.876060401634149, 1.365137615279463 ] } },
{ "type": "Feature", "properties": { "OBJECTID_1": 489, "OBJECTID": 164648, "FEA_ID": 116260.0, "BUILDING_N": "BOON TONG SAN TEMPLE", "HOUSE_BLK_": "39", "ROAD_NAME": "JURONG WEST AVENUE 1", "POSTAL_COD": "649518", "ADDRESS_TY": "S", "DATA_TYPE_": "extg", "MULTI_ADDR": "n", "X_ADDR": 15569.8918373, "Y_ADDR": 36987.018965199997, "BUILDING_I": "100000000010604090501080000309", "Temple_Nam": "Boo Tang San Temple", "Address": "39 Jurong West Avenue 1", "Postal_C_1": "649518", "Temple_Cat": 1 }, "geometry": { "type": "Point", "coordinates": [ 103.721626258521226, 1.350769399471211 ] } },
{ "type": "Feature", "properties": { "OBJECTID_1": 490, "OBJECTID": 164824, "FEA_ID": 420.0, "BUILDING_N": "KAI SAN TEMPLE", "HOUSE_BLK_": "1300", "ROAD_NAME": "JALAN BUKIT MERAH", "POSTAL_COD": "169546", "ADDRESS_TY": "S", "DATA_TYPE_": "estm", "MULTI_ADDR": "n", "X_ADDR": 27410.706455, "Y_ADDR": 29080.713248, "BUILDING_I": "500000000010106090504060040200", "Temple_Nam": "Kai San Temple", "Address": "1300 Jalan Bukit Merah", "Postal_C_1": "169546", "Temple_Cat": 1 }, "geometry": { "type": "Point", "coordinates": [ 103.828023554270175, 1.27927014051597 ] } },
{ "type": "Feature", "properties": { "OBJECTID_1": 491, "OBJECTID": 164860, "FEA_ID": 113655.0, "BUILDING_N": "MAHABODHI MONASTERY", "HOUSE_BLK_": "8", "ROAD_NAME": "LORONG KILAT", "POSTAL_COD": "598114", "ADDRESS_TY": "S", "DATA_TYPE_": "extg", "MULTI_ADDR": "n", "X_ADDR": 21400.413510499999, "Y_ADDR": 35923.448569499997, "BUILDING_I": "100000000030509080101040000008", "Temple_Nam": "Phou Tai Kok Tp (MAHABODHI MONASTERY)", "Address": "8 Lorong Kilat", "Postal_C_1": "598114", "Temple_Cat": 3 }, "geometry": { "type": "Point", "coordinates": [ 103.774017358960634, 1.341152707287427 ] } },
{ "type": "Feature", "properties": { "OBJECTID_1": 492, "OBJECTID": 165010, "FEA_ID": 149174.0, "BUILDING_N": "SOKA CULTURE CENTRE", "HOUSE_BLK_": "8", "ROAD_NAME": "JURONG WEST STREET 76", "POSTAL_COD": "648369", "ADDRESS_TY": "S", "DATA_TYPE_": "extg", "MULTI_ADDR": "n", "X_ADDR": 13612.7390693, "Y_ADDR": 36643.278489299999, "BUILDING_I": "100000900010604082366891090907", "Temple_Nam": "Soka Culture Centre", "Address": "8 Jurong West Street 76", "Postal_C_1": "648369", "Temple_Cat": 3 }, "geometry": { "type": "Point", "coordinates": [ 103.704040205122439, 1.347659863253699 ] } },
{ "type": "Feature", "properties": { "OBJECTID_1": 493, "OBJECTID": 165077, "FEA_ID": 126568.0, "BUILDING_N": "SHUI XIAN TEMPLE", "HOUSE_BLK_": "10A", "ROAD_NAME": "ZION ROAD", "POSTAL_COD": "168602", "ADDRESS_TY": "S", "DATA_TYPE_": "estm", "MULTI_ADDR": "n", "X_ADDR": 27991.639109799999, "Y_ADDR": 30326.586014600001, "BUILDING_I": "500000000010106080610226050608", "Temple_Nam": "Chwee Hean Keng aka\nShui Xian Gong Moral Association", "Address": "10A Zion Road", "Postal_C_1": "168602", "Temple_Cat": 1 }, "geometry": { "type": "Point", "coordinates": [ 103.833243453198236, 1.290537382198671 ] } }
]
}
